2026-03-17 19:43:32,894 - INFO - 成功加载数据文件: D:\place\study\LLMabstract\data_gen\data0.json
2026-03-17 19:43:32,896 - INFO - 数据包含 393 个样本
2026-03-17 19:43:32,897 - INFO - 处理样本 1/393: 1
2026-03-17 19:43:34,572 - INFO - HTTP Request: POST https://toollearning.cn/v1/chat/completions "HTTP/1.1 401 Unauthorized"
2026-03-17 19:43:34,575 - ERROR - API调用错误: Error code: 401 - {'error': {'code': '', 'message': '[sk-47c***98e] 该令牌额度已用尽 !token.UnlimitedQuota && token.RemainQuota = -20154 (request id: 20260317194334681492541ifPHddLD)', 'type': 'thunlp_api_error'}}
2026-03-17 19:43:34,576 - INFO - 等待3秒后重试...
2026-03-17 19:43:37,779 - INFO - HTTP Request: POST https://toollearning.cn/v1/chat/completions "HTTP/1.1 401 Unauthorized"
2026-03-17 19:43:37,781 - ERROR - API调用错误: Error code: 401 - {'error': {'code': '', 'message': '[sk-47c***98e] 该令牌额度已用尽 !token.UnlimitedQuota && token.RemainQuota = -20154 (request id: 20260317194337791742217na4oLDzt)', 'type': 'thunlp_api_error'}}
2026-03-17 19:43:37,781 - INFO - 等待3秒后重试...
2026-03-17 19:43:40,875 - INFO - HTTP Request: POST https://toollearning.cn/v1/chat/completions "HTTP/1.1 401 Unauthorized"
2026-03-17 19:43:40,876 - ERROR - API调用错误: Error code: 401 - {'error': {'code': '', 'message': '[sk-47c***98e] 该令牌额度已用尽 !token.UnlimitedQuota && token.RemainQuota = -20154 (request id: 20260317194340976878043RIAcoqJJ)', 'type': 'thunlp_api_error'}}
2026-03-17 19:43:40,877 - ERROR - 处理样本 1 失败: Error code: 401 - {'error': {'code': '', 'message': '[sk-47c***98e] 该令牌额度已用尽 !token.UnlimitedQuota && token.RemainQuota = -20154 (request id: 20260317194340976878043RIAcoqJJ)', 'type': 'thunlp_api_error'}}
2026-03-17 19:43:40,877 - INFO - 处理样本 2/393: 2
2026-03-17 19:43:41,647 - INFO - HTTP Request: POST https://toollearning.cn/v1/chat/completions "HTTP/1.1 401 Unauthorized"
2026-03-17 19:43:41,650 - ERROR - API调用错误: Error code: 401 - {'error': {'code': '', 'message': '[sk-47c***98e] 该令牌额度已用尽 !token.UnlimitedQuota && token.RemainQuota = -20154 (request id: 20260317194341757369988C8yndgVw)', 'type': 'thunlp_api_error'}}
2026-03-17 19:43:41,659 - INFO - 等待3秒后重试...
2026-03-17 19:43:44,853 - INFO - HTTP Request: POST https://toollearning.cn/v1/chat/completions "HTTP/1.1 401 Unauthorized"
2026-03-17 19:43:44,855 - ERROR - API调用错误: Error code: 401 - {'error': {'code': '', 'message': '[sk-47c***98e] 该令牌额度已用尽 !token.UnlimitedQuota && token.RemainQuota = -20154 (request id: 20260317194344857634337ewrW945p)', 'type': 'thunlp_api_error'}}
2026-03-17 19:43:44,855 - INFO - 等待3秒后重试...
2026-03-17 19:43:47,966 - INFO - HTTP Request: POST https://toollearning.cn/v1/chat/completions "HTTP/1.1 401 Unauthorized"
2026-03-17 19:43:47,967 - ERROR - API调用错误: Error code: 401 - {'error': {'code': '', 'message': '[sk-47c***98e] 该令牌额度已用尽 !token.UnlimitedQuota && token.RemainQuota = -20154 (request id: 20260317194348471884723glYGT7l)', 'type': 'thunlp_api_error'}}
2026-03-17 19:43:47,967 - ERROR - 处理样本 2 失败: Error code: 401 - {'error': {'code': '', 'message': '[sk-47c***98e] 该令牌额度已用尽 !token.UnlimitedQuota && token.RemainQuota = -20154 (request id: 20260317194348471884723glYGT7l)', 'type': 'thunlp_api_error'}}
2026-03-17 19:43:47,968 - INFO - 处理样本 3/393: 3
2026-03-17 19:43:48,960 - INFO - HTTP Request: POST https://toollearning.cn/v1/chat/completions "HTTP/1.1 401 Unauthorized"
2026-03-17 19:43:48,961 - ERROR - API调用错误: Error code: 401 - {'error': {'code': '', 'message': '[sk-47c***98e] 该令牌额度已用尽 !token.UnlimitedQuota && token.RemainQuota = -20154 (request id: 2026031719434945222784jj22guvi)', 'type': 'thunlp_api_error'}}
2026-03-17 19:43:48,962 - INFO - 等待3秒后重试...
2026-03-17 19:43:52,040 - INFO - HTTP Request: POST https://toollearning.cn/v1/chat/completions "HTTP/1.1 401 Unauthorized"
2026-03-17 19:43:52,041 - ERROR - API调用错误: Error code: 401 - {'error': {'code': '', 'message': '[sk-47c***98e] 该令牌额度已用尽 !token.UnlimitedQuota && token.RemainQuota = -20154 (request id: 202603171943521504140646cb4B9QK)', 'type': 'thunlp_api_error'}}
2026-03-17 19:43:52,042 - INFO - 等待3秒后重试...
2026-03-17 19:43:55,135 - INFO - HTTP Request: POST https://toollearning.cn/v1/chat/completions "HTTP/1.1 401 Unauthorized"
2026-03-17 19:43:55,136 - ERROR - API调用错误: Error code: 401 - {'error': {'code': '', 'message': '[sk-47c***98e] 该令牌额度已用尽 !token.UnlimitedQuota && token.RemainQuota = -20154 (request id: 20260317194355235385451JRfnAVPG)', 'type': 'thunlp_api_error'}}
2026-03-17 19:43:55,136 - ERROR - 处理样本 3 失败: Error code: 401 - {'error': {'code': '', 'message': '[sk-47c***98e] 该令牌额度已用尽 !token.UnlimitedQuota && token.RemainQuota = -20154 (request id: 20260317194355235385451JRfnAVPG)', 'type': 'thunlp_api_error'}}
2026-03-17 19:43:55,136 - INFO - 处理样本 4/393: 4
2026-03-17 19:43:56,055 - INFO - HTTP Request: POST https://toollearning.cn/v1/chat/completions "HTTP/1.1 401 Unauthorized"
2026-03-17 19:43:56,056 - ERROR - API调用错误: Error code: 401 - {'error': {'code': '', 'message': '[sk-47c***98e] 该令牌额度已用尽 !token.UnlimitedQuota && token.RemainQuota = -20154 (request id: 2026031719435697586748PcSY1IRr)', 'type': 'thunlp_api_error'}}
2026-03-17 19:43:56,056 - INFO - 等待3秒后重试...
2026-03-17 19:43:59,138 - INFO - HTTP Request: POST https://toollearning.cn/v1/chat/completions "HTTP/1.1 401 Unauthorized"
2026-03-17 19:43:59,139 - ERROR - API调用错误: Error code: 401 - {'error': {'code': '', 'message': '[sk-47c***98e] 该令牌额度已用尽 !token.UnlimitedQuota && token.RemainQuota = -20154 (request id: 20260317194359249252982swOMfXDN)', 'type': 'thunlp_api_error'}}
2026-03-17 19:43:59,139 - INFO - 等待3秒后重试...
2026-03-17 19:44:02,281 - INFO - HTTP Request: POST https://toollearning.cn/v1/chat/completions "HTTP/1.1 401 Unauthorized"
2026-03-17 19:44:02,282 - ERROR - API调用错误: Error code: 401 - {'error': {'code': '', 'message': '[sk-47c***98e] 该令牌额度已用尽 !token.UnlimitedQuota && token.RemainQuota = -20154 (request id: 20260317194402339066899JY82SpLJ)', 'type': 'thunlp_api_error'}}
2026-03-17 19:44:02,283 - ERROR - 处理样本 4 失败: Error code: 401 - {'error': {'code': '', 'message': '[sk-47c***98e] 该令牌额度已用尽 !token.UnlimitedQuota && token.RemainQuota = -20154 (request id: 20260317194402339066899JY82SpLJ)', 'type': 'thunlp_api_error'}}
2026-03-17 19:44:02,283 - INFO - 处理样本 5/393: 5
2026-03-17 19:44:03,051 - INFO - HTTP Request: POST https://toollearning.cn/v1/chat/completions "HTTP/1.1 401 Unauthorized"
2026-03-17 19:44:03,052 - ERROR - API调用错误: Error code: 401 - {'error': {'code': '', 'message': '[sk-47c***98e] 该令牌额度已用尽 !token.UnlimitedQuota && token.RemainQuota = -20154 (request id: 20260317194403157976326rwZFM3kA)', 'type': 'thunlp_api_error'}}
2026-03-17 19:44:03,052 - INFO - 等待3秒后重试...
2026-03-17 19:44:06,165 - INFO - HTTP Request: POST https://toollearning.cn/v1/chat/completions "HTTP/1.1 401 Unauthorized"
2026-03-17 19:44:06,166 - ERROR - API调用错误: Error code: 401 - {'error': {'code': '', 'message': '[sk-47c***98e] 该令牌额度已用尽 !token.UnlimitedQuota && token.RemainQuota = -20154 (request id: 20260317194406255802409rcC6huiK)', 'type': 'thunlp_api_error'}}
2026-03-17 19:44:06,167 - INFO - 等待3秒后重试...
2026-03-17 19:44:09,265 - INFO - HTTP Request: POST https://toollearning.cn/v1/chat/completions "HTTP/1.1 401 Unauthorized"
2026-03-17 19:44:09,266 - ERROR - API调用错误: Error code: 401 - {'error': {'code': '', 'message': '[sk-47c***98e] 该令牌额度已用尽 !token.UnlimitedQuota && token.RemainQuota = -20154 (request id: 20260317194409348780791xVmKTOvR)', 'type': 'thunlp_api_error'}}
2026-03-17 19:44:09,266 - ERROR - 处理样本 5 失败: Error code: 401 - {'error': {'code': '', 'message': '[sk-47c***98e] 该令牌额度已用尽 !token.UnlimitedQuota && token.RemainQuota = -20154 (request id: 20260317194409348780791xVmKTOvR)', 'type': 'thunlp_api_error'}}
2026-03-17 19:44:09,266 - INFO - 处理样本 6/393: 6
2026-03-17 19:44:10,446 - INFO - HTTP Request: POST https://toollearning.cn/v1/chat/completions "HTTP/1.1 401 Unauthorized"
2026-03-17 19:44:10,447 - ERROR - API调用错误: Error code: 401 - {'error': {'code': '', 'message': '[sk-47c***98e] 该令牌额度已用尽 !token.UnlimitedQuota && token.RemainQuota = -20154 (request id: 20260317194410429783945SHmCKNDO)', 'type': 'thunlp_api_error'}}
2026-03-17 19:44:10,447 - INFO - 等待3秒后重试...
2026-03-17 19:44:13,563 - INFO - HTTP Request: POST https://toollearning.cn/v1/chat/completions "HTTP/1.1 401 Unauthorized"
2026-03-17 19:44:13,565 - ERROR - API调用错误: Error code: 401 - {'error': {'code': '', 'message': '[sk-47c***98e] 该令牌额度已用尽 !token.UnlimitedQuota && token.RemainQuota = -20154 (request id: 20260317194413645318457lfrHqVTu)', 'type': 'thunlp_api_error'}}
2026-03-17 19:44:13,565 - INFO - 等待3秒后重试...
2026-03-17 19:44:16,693 - INFO - HTTP Request: POST https://toollearning.cn/v1/chat/completions "HTTP/1.1 401 Unauthorized"
2026-03-17 19:44:16,694 - ERROR - API调用错误: Error code: 401 - {'error': {'code': '', 'message': '[sk-47c***98e] 该令牌额度已用尽 !token.UnlimitedQuota && token.RemainQuota = -20154 (request id: 202603171944167646354171I2oate4)', 'type': 'thunlp_api_error'}}
2026-03-17 19:44:16,694 - ERROR - 处理样本 6 失败: Error code: 401 - {'error': {'code': '', 'message': '[sk-47c***98e] 该令牌额度已用尽 !token.UnlimitedQuota && token.RemainQuota = -20154 (request id: 202603171944167646354171I2oate4)', 'type': 'thunlp_api_error'}}
2026-03-17 19:44:16,694 - INFO - 处理样本 7/393: 7
2026-03-17 19:44:17,860 - INFO - HTTP Request: POST https://toollearning.cn/v1/chat/completions "HTTP/1.1 401 Unauthorized"
2026-03-17 19:44:17,862 - ERROR - API调用错误: Error code: 401 - {'error': {'code': '', 'message': '[sk-47c***98e] 该令牌额度已用尽 !token.UnlimitedQuota && token.RemainQuota = -20154 (request id: 202603171944179285669917qKX4m28)', 'type': 'thunlp_api_error'}}
2026-03-17 19:44:17,862 - INFO - 等待3秒后重试...
2026-03-17 19:44:20,948 - INFO - HTTP Request: POST https://toollearning.cn/v1/chat/completions "HTTP/1.1 401 Unauthorized"
2026-03-17 19:44:20,951 - ERROR - API调用错误: Error code: 401 - {'error': {'code': '', 'message': '[sk-47c***98e] 该令牌额度已用尽 !token.UnlimitedQuota && token.RemainQuota = -20154 (request id: 2026031719442145713043B9z7eKzk)', 'type': 'thunlp_api_error'}}
2026-03-17 19:44:20,968 - INFO - 等待3秒后重试...
2026-03-17 19:44:24,065 - INFO - HTTP Request: POST https://toollearning.cn/v1/chat/completions "HTTP/1.1 401 Unauthorized"
2026-03-17 19:44:24,066 - ERROR - API调用错误: Error code: 401 - {'error': {'code': '', 'message': '[sk-47c***98e] 该令牌额度已用尽 !token.UnlimitedQuota && token.RemainQuota = -20154 (request id: 20260317194424153164143QVj69L74)', 'type': 'thunlp_api_error'}}
2026-03-17 19:44:24,066 - ERROR - 处理样本 7 失败: Error code: 401 - {'error': {'code': '', 'message': '[sk-47c***98e] 该令牌额度已用尽 !token.UnlimitedQuota && token.RemainQuota = -20154 (request id: 20260317194424153164143QVj69L74)', 'type': 'thunlp_api_error'}}
2026-03-17 19:44:24,067 - INFO - 处理样本 8/393: 8
2026-03-17 19:44:24,863 - INFO - HTTP Request: POST https://toollearning.cn/v1/chat/completions "HTTP/1.1 401 Unauthorized"
2026-03-17 19:44:24,864 - ERROR - API调用错误: Error code: 401 - {'error': {'code': '', 'message': '[sk-47c***98e] 该令牌额度已用尽 !token.UnlimitedQuota && token.RemainQuota = -20154 (request id: 20260317194424977229135DMBSBe49)', 'type': 'thunlp_api_error'}}
2026-03-17 19:44:24,864 - INFO - 等待3秒后重试...
2026-03-17 19:44:27,955 - INFO - HTTP Request: POST https://toollearning.cn/v1/chat/completions "HTTP/1.1 401 Unauthorized"
2026-03-17 19:44:27,956 - ERROR - API调用错误: Error code: 401 - {'error': {'code': '', 'message': '[sk-47c***98e] 该令牌额度已用尽 !token.UnlimitedQuota && token.RemainQuota = -20154 (request id: 2026031719442852272868ZMLGGHQf)', 'type': 'thunlp_api_error'}}
2026-03-17 19:44:27,956 - INFO - 等待3秒后重试...
2026-03-17 19:44:31,128 - INFO - HTTP Request: POST https://toollearning.cn/v1/chat/completions "HTTP/1.1 401 Unauthorized"
2026-03-17 19:44:31,129 - ERROR - API调用错误: Error code: 401 - {'error': {'code': '', 'message': '[sk-47c***98e] 该令牌额度已用尽 !token.UnlimitedQuota && token.RemainQuota = -20154 (request id: 20260317194431152356084fBxFBPj6)', 'type': 'thunlp_api_error'}}
2026-03-17 19:44:31,129 - ERROR - 处理样本 8 失败: Error code: 401 - {'error': {'code': '', 'message': '[sk-47c***98e] 该令牌额度已用尽 !token.UnlimitedQuota && token.RemainQuota = -20154 (request id: 20260317194431152356084fBxFBPj6)', 'type': 'thunlp_api_error'}}
2026-03-17 19:44:31,129 - INFO - 处理样本 9/393: 9
2026-03-17 19:44:32,010 - INFO - HTTP Request: POST https://toollearning.cn/v1/chat/completions "HTTP/1.1 401 Unauthorized"
2026-03-17 19:44:32,011 - ERROR - API调用错误: Error code: 401 - {'error': {'code': '', 'message': '[sk-47c***98e] 该令牌额度已用尽 !token.UnlimitedQuota && token.RemainQuota = -20154 (request id: 20260317194432114638838iO6KMr7u)', 'type': 'thunlp_api_error'}}
2026-03-17 19:44:32,011 - INFO - 等待3秒后重试...
2026-03-17 19:44:35,124 - INFO - HTTP Request: POST https://toollearning.cn/v1/chat/completions "HTTP/1.1 401 Unauthorized"
2026-03-17 19:44:35,124 - ERROR - API调用错误: Error code: 401 - {'error': {'code': '', 'message': '[sk-47c***98e] 该令牌额度已用尽 !token.UnlimitedQuota && token.RemainQuota = -20154 (request id: 20260317194435214962461NuGvyYt8)', 'type': 'thunlp_api_error'}}
2026-03-17 19:44:35,125 - INFO - 等待3秒后重试...
2026-03-17 19:44:38,355 - INFO - HTTP Request: POST https://toollearning.cn/v1/chat/completions "HTTP/1.1 401 Unauthorized"
2026-03-17 19:44:38,357 - ERROR - API调用错误: Error code: 401 - {'error': {'code': '', 'message': '[sk-47c***98e] 该令牌额度已用尽 !token.UnlimitedQuota && token.RemainQuota = -20154 (request id: 20260317194438325601515Z8jIDkac)', 'type': 'thunlp_api_error'}}
2026-03-17 19:44:38,358 - ERROR - 处理样本 9 失败: Error code: 401 - {'error': {'code': '', 'message': '[sk-47c***98e] 该令牌额度已用尽 !token.UnlimitedQuota && token.RemainQuota = -20154 (request id: 20260317194438325601515Z8jIDkac)', 'type': 'thunlp_api_error'}}
2026-03-17 19:44:38,359 - INFO - 处理样本 10/393: 10
2026-03-17 19:44:39,525 - INFO - HTTP Request: POST https://toollearning.cn/v1/chat/completions "HTTP/1.1 401 Unauthorized"
2026-03-17 19:44:39,525 - ERROR - API调用错误: Error code: 401 - {'error': {'code': '', 'message': '[sk-47c***98e] 该令牌额度已用尽 !token.UnlimitedQuota && token.RemainQuota = -20154 (request id: 20260317194439609916155oK8KzD9u)', 'type': 'thunlp_api_error'}}
2026-03-17 19:44:39,526 - INFO - 等待3秒后重试...
2026-03-17 19:44:42,734 - INFO - HTTP Request: POST https://toollearning.cn/v1/chat/completions "HTTP/1.1 401 Unauthorized"
2026-03-17 19:44:42,735 - ERROR - API调用错误: Error code: 401 - {'error': {'code': '', 'message': '[sk-47c***98e] 该令牌额度已用尽 !token.UnlimitedQuota && token.RemainQuota = -20154 (request id: 20260317194442760382310SBixq9GD)', 'type': 'thunlp_api_error'}}
2026-03-17 19:44:42,735 - INFO - 等待3秒后重试...
2026-03-17 19:44:45,824 - INFO - HTTP Request: POST https://toollearning.cn/v1/chat/completions "HTTP/1.1 401 Unauthorized"
2026-03-17 19:44:45,825 - ERROR - API调用错误: Error code: 401 - {'error': {'code': '', 'message': '[sk-47c***98e] 该令牌额度已用尽 !token.UnlimitedQuota && token.RemainQuota = -20154 (request id: 20260317194445917810310LY9OVS1I)', 'type': 'thunlp_api_error'}}
2026-03-17 19:44:45,826 - ERROR - 处理样本 10 失败: Error code: 401 - {'error': {'code': '', 'message': '[sk-47c***98e] 该令牌额度已用尽 !token.UnlimitedQuota && token.RemainQuota = -20154 (request id: 20260317194445917810310LY9OVS1I)', 'type': 'thunlp_api_error'}}
2026-03-17 19:44:45,826 - INFO - 处理样本 11/393: 11
2026-03-17 19:44:46,994 - INFO - HTTP Request: POST https://toollearning.cn/v1/chat/completions "HTTP/1.1 401 Unauthorized"
2026-03-17 19:44:46,995 - ERROR - API调用错误: Error code: 401 - {'error': {'code': '', 'message': '[sk-47c***98e] 该令牌额度已用尽 !token.UnlimitedQuota && token.RemainQuota = -20154 (request id: 20260317194446982540805dOkvHIa3)', 'type': 'thunlp_api_error'}}
2026-03-17 19:44:46,995 - INFO - 等待3秒后重试...
2026-03-17 19:44:50,089 - INFO - HTTP Request: POST https://toollearning.cn/v1/chat/completions "HTTP/1.1 401 Unauthorized"
2026-03-17 19:44:50,089 - ERROR - API调用错误: Error code: 401 - {'error': {'code': '', 'message': '[sk-47c***98e] 该令牌额度已用尽 !token.UnlimitedQuota && token.RemainQuota = -20154 (request id: 20260317194450197099494XMUvuegC)', 'type': 'thunlp_api_error'}}
2026-03-17 19:44:50,089 - INFO - 等待3秒后重试...
2026-03-17 19:44:53,247 - INFO - HTTP Request: POST https://toollearning.cn/v1/chat/completions "HTTP/1.1 401 Unauthorized"
2026-03-17 19:44:53,248 - ERROR - API调用错误: Error code: 401 - {'error': {'code': '', 'message': '[sk-47c***98e] 该令牌额度已用尽 !token.UnlimitedQuota && token.RemainQuota = -20154 (request id: 20260317194453277892320nf3pXVQ2)', 'type': 'thunlp_api_error'}}
2026-03-17 19:44:53,248 - ERROR - 处理样本 11 失败: Error code: 401 - {'error': {'code': '', 'message': '[sk-47c***98e] 该令牌额度已用尽 !token.UnlimitedQuota && token.RemainQuota = -20154 (request id: 20260317194453277892320nf3pXVQ2)', 'type': 'thunlp_api_error'}}
2026-03-17 19:44:53,248 - INFO - 处理样本 12/393: 12
2026-03-17 19:44:54,184 - INFO - HTTP Request: POST https://toollearning.cn/v1/chat/completions "HTTP/1.1 401 Unauthorized"
2026-03-17 19:44:54,185 - ERROR - API调用错误: Error code: 401 - {'error': {'code': '', 'message': '[sk-47c***98e] 该令牌额度已用尽 !token.UnlimitedQuota && token.RemainQuota = -20154 (request id: 20260317194454275565699YeORAGV4)', 'type': 'thunlp_api_error'}}
2026-03-17 19:44:54,185 - INFO - 等待3秒后重试...
2026-03-17 19:44:57,288 - INFO - HTTP Request: POST https://toollearning.cn/v1/chat/completions "HTTP/1.1 401 Unauthorized"
2026-03-17 19:44:57,289 - ERROR - API调用错误: Error code: 401 - {'error': {'code': '', 'message': '[sk-47c***98e] 该令牌额度已用尽 !token.UnlimitedQuota && token.RemainQuota = -20154 (request id: 20260317194457375610568OMiVZMfR)', 'type': 'thunlp_api_error'}}
2026-03-17 19:44:57,289 - INFO - 等待3秒后重试...
2026-03-17 19:45:00,499 - INFO - HTTP Request: POST https://toollearning.cn/v1/chat/completions "HTTP/1.1 401 Unauthorized"
2026-03-17 19:45:00,500 - ERROR - API调用错误: Error code: 401 - {'error': {'code': '', 'message': '[sk-47c***98e] 该令牌额度已用尽 !token.UnlimitedQuota && token.RemainQuota = -20154 (request id: 20260317194500495540540HjoUtbv7)', 'type': 'thunlp_api_error'}}
2026-03-17 19:45:00,500 - ERROR - 处理样本 12 失败: Error code: 401 - {'error': {'code': '', 'message': '[sk-47c***98e] 该令牌额度已用尽 !token.UnlimitedQuota && token.RemainQuota = -20154 (request id: 20260317194500495540540HjoUtbv7)', 'type': 'thunlp_api_error'}}
2026-03-17 19:45:00,501 - INFO - 处理样本 13/393: 13
2026-03-17 19:45:01,443 - INFO - HTTP Request: POST https://toollearning.cn/v1/chat/completions "HTTP/1.1 401 Unauthorized"
2026-03-17 19:45:01,444 - ERROR - API调用错误: Error code: 401 - {'error': {'code': '', 'message': '[sk-47c***98e] 该令牌额度已用尽 !token.UnlimitedQuota && token.RemainQuota = -20154 (request id: 20260317194501519953718q8jhn7dY)', 'type': 'thunlp_api_error'}}
2026-03-17 19:45:01,444 - INFO - 等待3秒后重试...
2026-03-17 19:45:04,620 - INFO - HTTP Request: POST https://toollearning.cn/v1/chat/completions "HTTP/1.1 401 Unauthorized"
2026-03-17 19:45:04,621 - ERROR - API调用错误: Error code: 401 - {'error': {'code': '', 'message': '[sk-47c***98e] 该令牌额度已用尽 !token.UnlimitedQuota && token.RemainQuota = -20154 (request id: 20260317194504655772563kK2h7fbo)', 'type': 'thunlp_api_error'}}
2026-03-17 19:45:04,621 - INFO - 等待3秒后重试...
2026-03-17 19:45:07,700 - INFO - HTTP Request: POST https://toollearning.cn/v1/chat/completions "HTTP/1.1 401 Unauthorized"
2026-03-17 19:45:07,701 - ERROR - API调用错误: Error code: 401 - {'error': {'code': '', 'message': '[sk-47c***98e] 该令牌额度已用尽 !token.UnlimitedQuota && token.RemainQuota = -20154 (request id: 202603171945078081367239hSM6aER)', 'type': 'thunlp_api_error'}}
2026-03-17 19:45:07,701 - ERROR - 处理样本 13 失败: Error code: 401 - {'error': {'code': '', 'message': '[sk-47c***98e] 该令牌额度已用尽 !token.UnlimitedQuota && token.RemainQuota = -20154 (request id: 202603171945078081367239hSM6aER)', 'type': 'thunlp_api_error'}}
2026-03-17 19:45:07,701 - INFO - 处理样本 14/393: 14
2026-03-17 19:45:08,331 - INFO - HTTP Request: POST https://toollearning.cn/v1/chat/completions "HTTP/1.1 401 Unauthorized"
2026-03-17 19:45:08,332 - ERROR - API调用错误: Error code: 401 - {'error': {'code': '', 'message': '[sk-47c***98e] 该令牌额度已用尽 !token.UnlimitedQuota && token.RemainQuota = -20154 (request id: 20260317194508445651327HHcWuBb6)', 'type': 'thunlp_api_error'}}
2026-03-17 19:45:08,333 - INFO - 等待3秒后重试...
2026-03-17 19:45:11,579 - INFO - HTTP Request: POST https://toollearning.cn/v1/chat/completions "HTTP/1.1 401 Unauthorized"
2026-03-17 19:45:11,580 - ERROR - API调用错误: Error code: 401 - {'error': {'code': '', 'message': '[sk-47c***98e] 该令牌额度已用尽 !token.UnlimitedQuota && token.RemainQuota = -20154 (request id: 20260317194511540082052unHWD4XI)', 'type': 'thunlp_api_error'}}
2026-03-17 19:45:11,580 - INFO - 等待3秒后重试...
2026-03-17 19:45:14,766 - INFO - HTTP Request: POST https://toollearning.cn/v1/chat/completions "HTTP/1.1 401 Unauthorized"
2026-03-17 19:45:14,767 - ERROR - API调用错误: Error code: 401 - {'error': {'code': '', 'message': '[sk-47c***98e] 该令牌额度已用尽 !token.UnlimitedQuota && token.RemainQuota = -20154 (request id: 20260317194514777580335eToxMqjw)', 'type': 'thunlp_api_error'}}
2026-03-17 19:45:14,768 - ERROR - 处理样本 14 失败: Error code: 401 - {'error': {'code': '', 'message': '[sk-47c***98e] 该令牌额度已用尽 !token.UnlimitedQuota && token.RemainQuota = -20154 (request id: 20260317194514777580335eToxMqjw)', 'type': 'thunlp_api_error'}}
2026-03-17 19:45:14,768 - INFO - 处理样本 15/393: 15
2026-03-17 19:45:15,572 - INFO - HTTP Request: POST https://toollearning.cn/v1/chat/completions "HTTP/1.1 401 Unauthorized"
2026-03-17 19:45:15,573 - ERROR - API调用错误: Error code: 401 - {'error': {'code': '', 'message': '[sk-47c***98e] 该令牌额度已用尽 !token.UnlimitedQuota && token.RemainQuota = -20154 (request id: 20260317194515555388502Qk8xANNp)', 'type': 'thunlp_api_error'}}
2026-03-17 19:45:15,574 - INFO - 等待3秒后重试...
2026-03-17 19:45:18,749 - INFO - HTTP Request: POST https://toollearning.cn/v1/chat/completions "HTTP/1.1 401 Unauthorized"
2026-03-17 19:45:18,750 - ERROR - API调用错误: Error code: 401 - {'error': {'code': '', 'message': '[sk-47c***98e] 该令牌额度已用尽 !token.UnlimitedQuota && token.RemainQuota = -20154 (request id: 20260317194518760625309g5Cqm6f0)', 'type': 'thunlp_api_error'}}
2026-03-17 19:45:18,750 - INFO - 等待3秒后重试...
2026-03-17 19:45:21,823 - INFO - HTTP Request: POST https://toollearning.cn/v1/chat/completions "HTTP/1.1 401 Unauthorized"
2026-03-17 19:45:21,824 - ERROR - API调用错误: Error code: 401 - {'error': {'code': '', 'message': '[sk-47c***98e] 该令牌额度已用尽 !token.UnlimitedQuota && token.RemainQuota = -20154 (request id: 20260317194521935176363OtwDYcCs)', 'type': 'thunlp_api_error'}}
2026-03-17 19:45:21,824 - ERROR - 处理样本 15 失败: Error code: 401 - {'error': {'code': '', 'message': '[sk-47c***98e] 该令牌额度已用尽 !token.UnlimitedQuota && token.RemainQuota = -20154 (request id: 20260317194521935176363OtwDYcCs)', 'type': 'thunlp_api_error'}}
2026-03-17 19:45:21,825 - INFO - 处理样本 16/393: 16
2026-03-17 19:45:22,639 - INFO - HTTP Request: POST https://toollearning.cn/v1/chat/completions "HTTP/1.1 401 Unauthorized"
2026-03-17 19:45:22,640 - ERROR - API调用错误: Error code: 401 - {'error': {'code': '', 'message': '[sk-47c***98e] 该令牌额度已用尽 !token.UnlimitedQuota && token.RemainQuota = -20154 (request id: 20260317194522618069404KLtHa0qD)', 'type': 'thunlp_api_error'}}
2026-03-17 19:45:22,641 - INFO - 等待3秒后重试...
2026-03-17 19:45:25,823 - INFO - HTTP Request: POST https://toollearning.cn/v1/chat/completions "HTTP/1.1 401 Unauthorized"
2026-03-17 19:45:25,824 - ERROR - API调用错误: Error code: 401 - {'error': {'code': '', 'message': '[sk-47c***98e] 该令牌额度已用尽 !token.UnlimitedQuota && token.RemainQuota = -20154 (request id: 20260317194525837597628T2i4hlL4)', 'type': 'thunlp_api_error'}}
2026-03-17 19:45:25,824 - INFO - 等待3秒后重试...
2026-03-17 19:45:29,008 - INFO - HTTP Request: POST https://toollearning.cn/v1/chat/completions "HTTP/1.1 401 Unauthorized"
2026-03-17 19:45:29,008 - ERROR - API调用错误: Error code: 401 - {'error': {'code': '', 'message': '[sk-47c***98e] 该令牌额度已用尽 !token.UnlimitedQuota && token.RemainQuota = -20154 (request id: 20260317194529108577392YBe7i8o)', 'type': 'thunlp_api_error'}}
2026-03-17 19:45:29,009 - ERROR - 处理样本 16 失败: Error code: 401 - {'error': {'code': '', 'message': '[sk-47c***98e] 该令牌额度已用尽 !token.UnlimitedQuota && token.RemainQuota = -20154 (request id: 20260317194529108577392YBe7i8o)', 'type': 'thunlp_api_error'}}
2026-03-17 19:45:29,009 - INFO - 处理样本 17/393: 17
2026-03-17 19:45:30,147 - INFO - HTTP Request: POST https://toollearning.cn/v1/chat/completions "HTTP/1.1 401 Unauthorized"
2026-03-17 19:45:30,148 - ERROR - API调用错误: Error code: 401 - {'error': {'code': '', 'message': '[sk-47c***98e] 该令牌额度已用尽 !token.UnlimitedQuota && token.RemainQuota = -20154 (request id: 2026031719453021004390H1jR1QyH)', 'type': 'thunlp_api_error'}}
2026-03-17 19:45:30,149 - INFO - 等待3秒后重试...
2026-03-17 19:45:33,248 - INFO - HTTP Request: POST https://toollearning.cn/v1/chat/completions "HTTP/1.1 401 Unauthorized"
2026-03-17 19:45:33,249 - ERROR - API调用错误: Error code: 401 - {'error': {'code': '', 'message': '[sk-47c***98e] 该令牌额度已用尽 !token.UnlimitedQuota && token.RemainQuota = -20154 (request id: 20260317194533346072539SAlsm3Lu)', 'type': 'thunlp_api_error'}}
2026-03-17 19:45:33,249 - INFO - 等待3秒后重试...
2026-03-17 19:45:36,379 - INFO - HTTP Request: POST https://toollearning.cn/v1/chat/completions "HTTP/1.1 401 Unauthorized"
2026-03-17 19:45:36,380 - ERROR - API调用错误: Error code: 401 - {'error': {'code': '', 'message': '[sk-47c***98e] 该令牌额度已用尽 !token.UnlimitedQuota && token.RemainQuota = -20154 (request id: 20260317194536445813863RE2lE65b)', 'type': 'thunlp_api_error'}}
2026-03-17 19:45:36,380 - ERROR - 处理样本 17 失败: Error code: 401 - {'error': {'code': '', 'message': '[sk-47c***98e] 该令牌额度已用尽 !token.UnlimitedQuota && token.RemainQuota = -20154 (request id: 20260317194536445813863RE2lE65b)', 'type': 'thunlp_api_error'}}
2026-03-17 19:45:36,380 - INFO - 处理样本 18/393: 18
2026-03-17 19:45:37,604 - INFO - HTTP Request: POST https://toollearning.cn/v1/chat/completions "HTTP/1.1 401 Unauthorized"
2026-03-17 19:45:37,605 - ERROR - API调用错误: Error code: 401 - {'error': {'code': '', 'message': '[sk-47c***98e] 该令牌额度已用尽 !token.UnlimitedQuota && token.RemainQuota = -20154 (request id: 20260317194537484634748Wdv8hWBD)', 'type': 'thunlp_api_error'}}
2026-03-17 19:45:37,606 - INFO - 等待3秒后重试...
2026-03-17 19:45:40,783 - INFO - HTTP Request: POST https://toollearning.cn/v1/chat/completions "HTTP/1.1 401 Unauthorized"
2026-03-17 19:45:40,784 - ERROR - API调用错误: Error code: 401 - {'error': {'code': '', 'message': '[sk-47c***98e] 该令牌额度已用尽 !token.UnlimitedQuota && token.RemainQuota = -20154 (request id: 20260317194540814525073wV2TCxwU)', 'type': 'thunlp_api_error'}}
2026-03-17 19:45:40,784 - INFO - 等待3秒后重试...
2026-03-17 19:45:43,853 - INFO - HTTP Request: POST https://toollearning.cn/v1/chat/completions "HTTP/1.1 401 Unauthorized"
2026-03-17 19:45:43,854 - ERROR - API调用错误: Error code: 401 - {'error': {'code': '', 'message': '[sk-47c***98e] 该令牌额度已用尽 !token.UnlimitedQuota && token.RemainQuota = -20154 (request id: 20260317194543964940025H5segXyc)', 'type': 'thunlp_api_error'}}
2026-03-17 19:45:43,854 - ERROR - 处理样本 18 失败: Error code: 401 - {'error': {'code': '', 'message': '[sk-47c***98e] 该令牌额度已用尽 !token.UnlimitedQuota && token.RemainQuota = -20154 (request id: 20260317194543964940025H5segXyc)', 'type': 'thunlp_api_error'}}
2026-03-17 19:45:43,854 - INFO - 处理样本 19/393: 19
2026-03-17 19:45:44,541 - INFO - HTTP Request: POST https://toollearning.cn/v1/chat/completions "HTTP/1.1 401 Unauthorized"
2026-03-17 19:45:44,542 - ERROR - API调用错误: Error code: 401 - {'error': {'code': '', 'message': '[sk-47c***98e] 该令牌额度已用尽 !token.UnlimitedQuota && token.RemainQuota = -20154 (request id: 20260317194544647463356rJ2W8K7a)', 'type': 'thunlp_api_error'}}
2026-03-17 19:45:44,542 - INFO - 等待3秒后重试...
2026-03-17 19:45:47,641 - INFO - HTTP Request: POST https://toollearning.cn/v1/chat/completions "HTTP/1.1 401 Unauthorized"
2026-03-17 19:45:47,642 - ERROR - API调用错误: Error code: 401 - {'error': {'code': '', 'message': '[sk-47c***98e] 该令牌额度已用尽 !token.UnlimitedQuota && token.RemainQuota = -20154 (request id: 20260317194547727570682X4OY0rB6)', 'type': 'thunlp_api_error'}}
2026-03-17 19:45:47,642 - INFO - 等待3秒后重试...
2026-03-17 19:45:50,898 - INFO - HTTP Request: POST https://toollearning.cn/v1/chat/completions "HTTP/1.1 401 Unauthorized"
2026-03-17 19:45:50,899 - ERROR - API调用错误: Error code: 401 - {'error': {'code': '', 'message': '[sk-47c***98e] 该令牌额度已用尽 !token.UnlimitedQuota && token.RemainQuota = -20154 (request id: 20260317194550833069973vJNmdBtV)', 'type': 'thunlp_api_error'}}
2026-03-17 19:45:50,899 - ERROR - 处理样本 19 失败: Error code: 401 - {'error': {'code': '', 'message': '[sk-47c***98e] 该令牌额度已用尽 !token.UnlimitedQuota && token.RemainQuota = -20154 (request id: 20260317194550833069973vJNmdBtV)', 'type': 'thunlp_api_error'}}
2026-03-17 19:45:50,899 - INFO - 处理样本 20/393: 20
2026-03-17 19:45:52,039 - INFO - HTTP Request: POST https://toollearning.cn/v1/chat/completions "HTTP/1.1 401 Unauthorized"
2026-03-17 19:45:52,040 - ERROR - API调用错误: Error code: 401 - {'error': {'code': '', 'message': '[sk-47c***98e] 该令牌额度已用尽 !token.UnlimitedQuota && token.RemainQuota = -20154 (request id: 20260317194552103538374KMEN9x9p)', 'type': 'thunlp_api_error'}}
2026-03-17 19:45:52,041 - INFO - 等待3秒后重试...
2026-03-17 19:45:55,119 - INFO - HTTP Request: POST https://toollearning.cn/v1/chat/completions "HTTP/1.1 401 Unauthorized"
2026-03-17 19:45:55,120 - ERROR - API调用错误: Error code: 401 - {'error': {'code': '', 'message': '[sk-47c***98e] 该令牌额度已用尽 !token.UnlimitedQuota && token.RemainQuota = -20154 (request id: 20260317194555232933089XsJF6q0Y)', 'type': 'thunlp_api_error'}}
2026-03-17 19:45:55,120 - INFO - 等待3秒后重试...
2026-03-17 19:45:58,194 - INFO - HTTP Request: POST https://toollearning.cn/v1/chat/completions "HTTP/1.1 401 Unauthorized"
2026-03-17 19:45:58,195 - ERROR - API调用错误: Error code: 401 - {'error': {'code': '', 'message': '[sk-47c***98e] 该令牌额度已用尽 !token.UnlimitedQuota && token.RemainQuota = -20154 (request id: 20260317194558308287865ng431hbc)', 'type': 'thunlp_api_error'}}
2026-03-17 19:45:58,195 - ERROR - 处理样本 20 失败: Error code: 401 - {'error': {'code': '', 'message': '[sk-47c***98e] 该令牌额度已用尽 !token.UnlimitedQuota && token.RemainQuota = -20154 (request id: 20260317194558308287865ng431hbc)', 'type': 'thunlp_api_error'}}
2026-03-17 19:45:58,195 - INFO - 处理样本 21/393: 21
2026-03-17 19:45:59,498 - INFO - HTTP Request: POST https://toollearning.cn/v1/chat/completions "HTTP/1.1 401 Unauthorized"
2026-03-17 19:45:59,499 - ERROR - API调用错误: Error code: 401 - {'error': {'code': '', 'message': '[sk-47c***98e] 该令牌额度已用尽 !token.UnlimitedQuota && token.RemainQuota = -20154 (request id: 20260317194559595109861Lb9lbgvr)', 'type': 'thunlp_api_error'}}
2026-03-17 19:45:59,499 - INFO - 等待3秒后重试...
2026-03-17 19:46:02,592 - INFO - HTTP Request: POST https://toollearning.cn/v1/chat/completions "HTTP/1.1 401 Unauthorized"
2026-03-17 19:46:02,594 - ERROR - API调用错误: Error code: 401 - {'error': {'code': '', 'message': '[sk-47c***98e] 该令牌额度已用尽 !token.UnlimitedQuota && token.RemainQuota = -20154 (request id: 20260317194602680421662f9zXskU8)', 'type': 'thunlp_api_error'}}
2026-03-17 19:46:02,594 - INFO - 等待3秒后重试...
2026-03-17 19:46:05,668 - INFO - HTTP Request: POST https://toollearning.cn/v1/chat/completions "HTTP/1.1 401 Unauthorized"
2026-03-17 19:46:05,670 - ERROR - API调用错误: Error code: 401 - {'error': {'code': '', 'message': '[sk-47c***98e] 该令牌额度已用尽 !token.UnlimitedQuota && token.RemainQuota = -20154 (request id: 20260317194605780259210mznSbpGb)', 'type': 'thunlp_api_error'}}
2026-03-17 19:46:05,670 - ERROR - 处理样本 21 失败: Error code: 401 - {'error': {'code': '', 'message': '[sk-47c***98e] 该令牌额度已用尽 !token.UnlimitedQuota && token.RemainQuota = -20154 (request id: 20260317194605780259210mznSbpGb)', 'type': 'thunlp_api_error'}}
2026-03-17 19:46:05,670 - INFO - 处理样本 22/393: 22
2026-03-17 19:46:06,422 - INFO - HTTP Request: POST https://toollearning.cn/v1/chat/completions "HTTP/1.1 401 Unauthorized"
2026-03-17 19:46:06,423 - ERROR - API调用错误: Error code: 401 - {'error': {'code': '', 'message': '[sk-47c***98e] 该令牌额度已用尽 !token.UnlimitedQuota && token.RemainQuota = -20154 (request id: 20260317194606498905340vNQGe1m3)', 'type': 'thunlp_api_error'}}
2026-03-17 19:46:06,423 - INFO - 等待3秒后重试...
2026-03-17 19:46:09,516 - INFO - HTTP Request: POST https://toollearning.cn/v1/chat/completions "HTTP/1.1 401 Unauthorized"
2026-03-17 19:46:09,517 - ERROR - API调用错误: Error code: 401 - {'error': {'code': '', 'message': '[sk-47c***98e] 该令牌额度已用尽 !token.UnlimitedQuota && token.RemainQuota = -20154 (request id: 202603171946096243486253C6yCvgF)', 'type': 'thunlp_api_error'}}
2026-03-17 19:46:09,517 - INFO - 等待3秒后重试...
2026-03-17 19:46:12,705 - INFO - HTTP Request: POST https://toollearning.cn/v1/chat/completions "HTTP/1.1 401 Unauthorized"
2026-03-17 19:46:12,706 - ERROR - API调用错误: Error code: 401 - {'error': {'code': '', 'message': '[sk-47c***98e] 该令牌额度已用尽 !token.UnlimitedQuota && token.RemainQuota = -20154 (request id: 20260317194612704082618L2YAgzGd)', 'type': 'thunlp_api_error'}}
2026-03-17 19:46:12,706 - ERROR - 处理样本 22 失败: Error code: 401 - {'error': {'code': '', 'message': '[sk-47c***98e] 该令牌额度已用尽 !token.UnlimitedQuota && token.RemainQuota = -20154 (request id: 20260317194612704082618L2YAgzGd)', 'type': 'thunlp_api_error'}}
2026-03-17 19:46:12,706 - INFO - 处理样本 23/393: 23
2026-03-17 19:46:14,062 - INFO - HTTP Request: POST https://toollearning.cn/v1/chat/completions "HTTP/1.1 401 Unauthorized"
2026-03-17 19:46:14,063 - ERROR - API调用错误: Error code: 401 - {'error': {'code': '', 'message': '[sk-47c***98e] 该令牌额度已用尽 !token.UnlimitedQuota && token.RemainQuota = -20154 (request id: 20260317194614123489172QYQEuN1w)', 'type': 'thunlp_api_error'}}
2026-03-17 19:46:14,063 - INFO - 等待3秒后重试...
2026-03-17 19:46:17,219 - INFO - HTTP Request: POST https://toollearning.cn/v1/chat/completions "HTTP/1.1 401 Unauthorized"
2026-03-17 19:46:17,220 - ERROR - API调用错误: Error code: 401 - {'error': {'code': '', 'message': '[sk-47c***98e] 该令牌额度已用尽 !token.UnlimitedQuota && token.RemainQuota = -20154 (request id: 20260317194617250894210UwcCjzlB)', 'type': 'thunlp_api_error'}}
2026-03-17 19:46:17,220 - INFO - 等待3秒后重试...
2026-03-17 19:46:20,292 - INFO - HTTP Request: POST https://toollearning.cn/v1/chat/completions "HTTP/1.1 401 Unauthorized"
2026-03-17 19:46:20,293 - ERROR - API调用错误: Error code: 401 - {'error': {'code': '', 'message': '[sk-47c***98e] 该令牌额度已用尽 !token.UnlimitedQuota && token.RemainQuota = -20154 (request id: 20260317194620401114210zoj5OGAb)', 'type': 'thunlp_api_error'}}
2026-03-17 19:46:20,293 - ERROR - 处理样本 23 失败: Error code: 401 - {'error': {'code': '', 'message': '[sk-47c***98e] 该令牌额度已用尽 !token.UnlimitedQuota && token.RemainQuota = -20154 (request id: 20260317194620401114210zoj5OGAb)', 'type': 'thunlp_api_error'}}
2026-03-17 19:46:20,294 - INFO - 处理样本 24/393: 24
2026-03-17 19:46:21,432 - INFO - HTTP Request: POST https://toollearning.cn/v1/chat/completions "HTTP/1.1 401 Unauthorized"
2026-03-17 19:46:21,432 - ERROR - API调用错误: Error code: 401 - {'error': {'code': '', 'message': '[sk-47c***98e] 该令牌额度已用尽 !token.UnlimitedQuota && token.RemainQuota = -20154 (request id: 20260317194621490310097ExXoVdFc)', 'type': 'thunlp_api_error'}}
2026-03-17 19:46:21,433 - INFO - 等待3秒后重试...
2026-03-17 19:46:24,599 - INFO - HTTP Request: POST https://toollearning.cn/v1/chat/completions "HTTP/1.1 401 Unauthorized"
2026-03-17 19:46:24,600 - ERROR - API调用错误: Error code: 401 - {'error': {'code': '', 'message': '[sk-47c***98e] 该令牌额度已用尽 !token.UnlimitedQuota && token.RemainQuota = -20154 (request id: 20260317194624621102507XRj2frD0)', 'type': 'thunlp_api_error'}}
2026-03-17 19:46:24,601 - INFO - 等待3秒后重试...
2026-03-17 19:46:27,708 - INFO - HTTP Request: POST https://toollearning.cn/v1/chat/completions "HTTP/1.1 401 Unauthorized"
2026-03-17 19:46:27,709 - ERROR - API调用错误: Error code: 401 - {'error': {'code': '', 'message': '[sk-47c***98e] 该令牌额度已用尽 !token.UnlimitedQuota && token.RemainQuota = -20154 (request id: 20260317194627795671690NoOQlyQs)', 'type': 'thunlp_api_error'}}
2026-03-17 19:46:27,709 - ERROR - 处理样本 24 失败: Error code: 401 - {'error': {'code': '', 'message': '[sk-47c***98e] 该令牌额度已用尽 !token.UnlimitedQuota && token.RemainQuota = -20154 (request id: 20260317194627795671690NoOQlyQs)', 'type': 'thunlp_api_error'}}
2026-03-17 19:46:27,710 - INFO - 处理样本 25/393: 25
2026-03-17 19:46:28,358 - INFO - HTTP Request: POST https://toollearning.cn/v1/chat/completions "HTTP/1.1 401 Unauthorized"
2026-03-17 19:46:28,359 - ERROR - API调用错误: Error code: 401 - {'error': {'code': '', 'message': '[sk-47c***98e] 该令牌额度已用尽 !token.UnlimitedQuota && token.RemainQuota = -20154 (request id: 20260317194628457516440W90IF2Ue)', 'type': 'thunlp_api_error'}}
2026-03-17 19:46:28,360 - INFO - 等待3秒后重试...
2026-03-17 19:46:31,464 - INFO - HTTP Request: POST https://toollearning.cn/v1/chat/completions "HTTP/1.1 401 Unauthorized"
2026-03-17 19:46:31,466 - ERROR - API调用错误: Error code: 401 - {'error': {'code': '', 'message': '[sk-47c***98e] 该令牌额度已用尽 !token.UnlimitedQuota && token.RemainQuota = -20154 (request id: 20260317194631542502525NQitw75C)', 'type': 'thunlp_api_error'}}
2026-03-17 19:46:31,466 - INFO - 等待3秒后重试...
2026-03-17 19:46:34,750 - INFO - HTTP Request: POST https://toollearning.cn/v1/chat/completions "HTTP/1.1 401 Unauthorized"
2026-03-17 19:46:34,751 - ERROR - API调用错误: Error code: 401 - {'error': {'code': '', 'message': '[sk-47c***98e] 该令牌额度已用尽 !token.UnlimitedQuota && token.RemainQuota = -20154 (request id: 202603171946346633353871PuMNbWc)', 'type': 'thunlp_api_error'}}
2026-03-17 19:46:34,751 - ERROR - 处理样本 25 失败: Error code: 401 - {'error': {'code': '', 'message': '[sk-47c***98e] 该令牌额度已用尽 !token.UnlimitedQuota && token.RemainQuota = -20154 (request id: 202603171946346633353871PuMNbWc)', 'type': 'thunlp_api_error'}}
2026-03-17 19:46:34,752 - INFO - 处理样本 26/393: 26
2026-03-17 19:46:35,569 - INFO - HTTP Request: POST https://toollearning.cn/v1/chat/completions "HTTP/1.1 401 Unauthorized"
2026-03-17 19:46:35,570 - ERROR - API调用错误: Error code: 401 - {'error': {'code': '', 'message': '[sk-47c***98e] 该令牌额度已用尽 !token.UnlimitedQuota && token.RemainQuota = -20154 (request id: 202603171946356140867357WPg2vbx)', 'type': 'thunlp_api_error'}}
2026-03-17 19:46:35,570 - INFO - 等待3秒后重试...
2026-03-17 19:46:38,738 - INFO - HTTP Request: POST https://toollearning.cn/v1/chat/completions "HTTP/1.1 401 Unauthorized"
2026-03-17 19:46:38,740 - ERROR - API调用错误: Error code: 401 - {'error': {'code': '', 'message': '[sk-47c***98e] 该令牌额度已用尽 !token.UnlimitedQuota && token.RemainQuota = -20154 (request id: 20260317194638779021685jIdUCsWd)', 'type': 'thunlp_api_error'}}
2026-03-17 19:46:38,740 - INFO - 等待3秒后重试...
2026-03-17 19:46:41,915 - INFO - HTTP Request: POST https://toollearning.cn/v1/chat/completions "HTTP/1.1 401 Unauthorized"
2026-03-17 19:46:41,916 - ERROR - API调用错误: Error code: 401 - {'error': {'code': '', 'message': '[sk-47c***98e] 该令牌额度已用尽 !token.UnlimitedQuota && token.RemainQuota = -20154 (request id: 20260317194641924338362QtXVELlg)', 'type': 'thunlp_api_error'}}
2026-03-17 19:46:41,916 - ERROR - 处理样本 26 失败: Error code: 401 - {'error': {'code': '', 'message': '[sk-47c***98e] 该令牌额度已用尽 !token.UnlimitedQuota && token.RemainQuota = -20154 (request id: 20260317194641924338362QtXVELlg)', 'type': 'thunlp_api_error'}}
2026-03-17 19:46:41,916 - INFO - 处理样本 27/393: 27
2026-03-17 19:46:43,245 - INFO - HTTP Request: POST https://toollearning.cn/v1/chat/completions "HTTP/1.1 401 Unauthorized"
2026-03-17 19:46:43,246 - ERROR - API调用错误: Error code: 401 - {'error': {'code': '', 'message': '[sk-47c***98e] 该令牌额度已用尽 !token.UnlimitedQuota && token.RemainQuota = -20154 (request id: 20260317194643201177792mYZvH3ed)', 'type': 'thunlp_api_error'}}
2026-03-17 19:46:43,246 - INFO - 等待3秒后重试...
2026-03-17 19:46:46,428 - INFO - HTTP Request: POST https://toollearning.cn/v1/chat/completions "HTTP/1.1 401 Unauthorized"
2026-03-17 19:46:46,429 - ERROR - API调用错误: Error code: 401 - {'error': {'code': '', 'message': '[sk-47c***98e] 该令牌额度已用尽 !token.UnlimitedQuota && token.RemainQuota = -20154 (request id: 20260317194646521422438RtfBjGM0)', 'type': 'thunlp_api_error'}}
2026-03-17 19:46:46,429 - INFO - 等待3秒后重试...
2026-03-17 19:46:49,604 - INFO - HTTP Request: POST https://toollearning.cn/v1/chat/completions "HTTP/1.1 401 Unauthorized"
2026-03-17 19:46:49,605 - ERROR - API调用错误: Error code: 401 - {'error': {'code': '', 'message': '[sk-47c***98e] 该令牌额度已用尽 !token.UnlimitedQuota && token.RemainQuota = -20154 (request id: 20260317194649621397002qHVw3iGA)', 'type': 'thunlp_api_error'}}
2026-03-17 19:46:49,605 - ERROR - 处理样本 27 失败: Error code: 401 - {'error': {'code': '', 'message': '[sk-47c***98e] 该令牌额度已用尽 !token.UnlimitedQuota && token.RemainQuota = -20154 (request id: 20260317194649621397002qHVw3iGA)', 'type': 'thunlp_api_error'}}
2026-03-17 19:46:49,605 - INFO - 处理样本 28/393: 28
2026-03-17 19:46:50,466 - INFO - HTTP Request: POST https://toollearning.cn/v1/chat/completions "HTTP/1.1 401 Unauthorized"
2026-03-17 19:46:50,467 - ERROR - API调用错误: Error code: 401 - {'error': {'code': '', 'message': '[sk-47c***98e] 该令牌额度已用尽 !token.UnlimitedQuota && token.RemainQuota = -20154 (request id: 20260317194650494967947OcMpDZzf)', 'type': 'thunlp_api_error'}}
2026-03-17 19:46:50,467 - INFO - 等待3秒后重试...
2026-03-17 19:46:53,583 - INFO - HTTP Request: POST https://toollearning.cn/v1/chat/completions "HTTP/1.1 401 Unauthorized"
2026-03-17 19:46:53,584 - ERROR - API调用错误: Error code: 401 - {'error': {'code': '', 'message': '[sk-47c***98e] 该令牌额度已用尽 !token.UnlimitedQuota && token.RemainQuota = -20154 (request id: 20260317194653665155184FXxfDNjj)', 'type': 'thunlp_api_error'}}
2026-03-17 19:46:53,584 - INFO - 等待3秒后重试...
2026-03-17 19:46:56,822 - INFO - HTTP Request: POST https://toollearning.cn/v1/chat/completions "HTTP/1.1 401 Unauthorized"
2026-03-17 19:46:56,823 - ERROR - API调用错误: Error code: 401 - {'error': {'code': '', 'message': '[sk-47c***98e] 该令牌额度已用尽 !token.UnlimitedQuota && token.RemainQuota = -20154 (request id: 20260317194656772525662OuUUYwad)', 'type': 'thunlp_api_error'}}
2026-03-17 19:46:56,823 - ERROR - 处理样本 28 失败: Error code: 401 - {'error': {'code': '', 'message': '[sk-47c***98e] 该令牌额度已用尽 !token.UnlimitedQuota && token.RemainQuota = -20154 (request id: 20260317194656772525662OuUUYwad)', 'type': 'thunlp_api_error'}}
2026-03-17 19:46:56,823 - INFO - 处理样本 29/393: 29
2026-03-17 19:46:57,581 - INFO - HTTP Request: POST https://toollearning.cn/v1/chat/completions "HTTP/1.1 401 Unauthorized"
2026-03-17 19:46:57,582 - ERROR - API调用错误: Error code: 401 - {'error': {'code': '', 'message': '[sk-47c***98e] 该令牌额度已用尽 !token.UnlimitedQuota && token.RemainQuota = -20154 (request id: 20260317194657654961190nhmh13Sp)', 'type': 'thunlp_api_error'}}
2026-03-17 19:46:57,583 - INFO - 等待3秒后重试...
2026-03-17 19:47:00,658 - INFO - HTTP Request: POST https://toollearning.cn/v1/chat/completions "HTTP/1.1 401 Unauthorized"
2026-03-17 19:47:00,660 - ERROR - API调用错误: Error code: 401 - {'error': {'code': '', 'message': '[sk-47c***98e] 该令牌额度已用尽 !token.UnlimitedQuota && token.RemainQuota = -20154 (request id: 20260317194700760149886RQ1IbPBS)', 'type': 'thunlp_api_error'}}
2026-03-17 19:47:00,660 - INFO - 等待3秒后重试...
2026-03-17 19:47:03,753 - INFO - HTTP Request: POST https://toollearning.cn/v1/chat/completions "HTTP/1.1 401 Unauthorized"
2026-03-17 19:47:03,754 - ERROR - API调用错误: Error code: 401 - {'error': {'code': '', 'message': '[sk-47c***98e] 该令牌额度已用尽 !token.UnlimitedQuota && token.RemainQuota = -20154 (request id: 20260317194703847203162DF7XVYJT)', 'type': 'thunlp_api_error'}}
2026-03-17 19:47:03,754 - ERROR - 处理样本 29 失败: Error code: 401 - {'error': {'code': '', 'message': '[sk-47c***98e] 该令牌额度已用尽 !token.UnlimitedQuota && token.RemainQuota = -20154 (request id: 20260317194703847203162DF7XVYJT)', 'type': 'thunlp_api_error'}}
2026-03-17 19:47:03,754 - INFO - 处理样本 30/393: 30
2026-03-17 19:47:04,610 - INFO - HTTP Request: POST https://toollearning.cn/v1/chat/completions "HTTP/1.1 401 Unauthorized"
2026-03-17 19:47:04,612 - ERROR - API调用错误: Error code: 401 - {'error': {'code': '', 'message': '[sk-47c***98e] 该令牌额度已用尽 !token.UnlimitedQuota && token.RemainQuota = -20154 (request id: 20260317194704627816814zzniYtS8)', 'type': 'thunlp_api_error'}}
2026-03-17 19:47:04,612 - INFO - 等待3秒后重试...
2026-03-17 19:47:07,721 - INFO - HTTP Request: POST https://toollearning.cn/v1/chat/completions "HTTP/1.1 401 Unauthorized"
2026-03-17 19:47:07,722 - ERROR - API调用错误: Error code: 401 - {'error': {'code': '', 'message': '[sk-47c***98e] 该令牌额度已用尽 !token.UnlimitedQuota && token.RemainQuota = -20154 (request id: 20260317194707805464096JyF5kfew)', 'type': 'thunlp_api_error'}}
2026-03-17 19:47:07,722 - INFO - 等待3秒后重试...
2026-03-17 19:47:10,803 - INFO - HTTP Request: POST https://toollearning.cn/v1/chat/completions "HTTP/1.1 401 Unauthorized"
2026-03-17 19:47:10,804 - ERROR - API调用错误: Error code: 401 - {'error': {'code': '', 'message': '[sk-47c***98e] 该令牌额度已用尽 !token.UnlimitedQuota && token.RemainQuota = -20154 (request id: 20260317194710915640139jyntG9kt)', 'type': 'thunlp_api_error'}}
2026-03-17 19:47:10,804 - ERROR - 处理样本 30 失败: Error code: 401 - {'error': {'code': '', 'message': '[sk-47c***98e] 该令牌额度已用尽 !token.UnlimitedQuota && token.RemainQuota = -20154 (request id: 20260317194710915640139jyntG9kt)', 'type': 'thunlp_api_error'}}
2026-03-17 19:47:10,805 - INFO - 处理样本 31/393: 31
2026-03-17 19:47:11,506 - INFO - HTTP Request: POST https://toollearning.cn/v1/chat/completions "HTTP/1.1 401 Unauthorized"
2026-03-17 19:47:11,507 - ERROR - API调用错误: Error code: 401 - {'error': {'code': '', 'message': '[sk-47c***98e] 该令牌额度已用尽 !token.UnlimitedQuota && token.RemainQuota = -20154 (request id: 20260317194711588172268NqHhJ7nT)', 'type': 'thunlp_api_error'}}
2026-03-17 19:47:11,507 - INFO - 等待3秒后重试...
2026-03-17 19:47:14,612 - INFO - HTTP Request: POST https://toollearning.cn/v1/chat/completions "HTTP/1.1 401 Unauthorized"
2026-03-17 19:47:14,612 - ERROR - API调用错误: Error code: 401 - {'error': {'code': '', 'message': '[sk-47c***98e] 该令牌额度已用尽 !token.UnlimitedQuota && token.RemainQuota = -20154 (request id: 20260317194714705835083Yk70rZn2)', 'type': 'thunlp_api_error'}}
2026-03-17 19:47:14,613 - INFO - 等待3秒后重试...
2026-03-17 19:47:17,697 - INFO - HTTP Request: POST https://toollearning.cn/v1/chat/completions "HTTP/1.1 401 Unauthorized"
2026-03-17 19:47:17,698 - ERROR - API调用错误: Error code: 401 - {'error': {'code': '', 'message': '[sk-47c***98e] 该令牌额度已用尽 !token.UnlimitedQuota && token.RemainQuota = -20154 (request id: 20260317194717805078089Tvqpz1Qm)', 'type': 'thunlp_api_error'}}
2026-03-17 19:47:17,698 - ERROR - 处理样本 31 失败: Error code: 401 - {'error': {'code': '', 'message': '[sk-47c***98e] 该令牌额度已用尽 !token.UnlimitedQuota && token.RemainQuota = -20154 (request id: 20260317194717805078089Tvqpz1Qm)', 'type': 'thunlp_api_error'}}
2026-03-17 19:47:17,698 - INFO - 处理样本 32/393: 32
2026-03-17 19:47:18,497 - INFO - HTTP Request: POST https://toollearning.cn/v1/chat/completions "HTTP/1.1 401 Unauthorized"
2026-03-17 19:47:18,498 - ERROR - API调用错误: Error code: 401 - {'error': {'code': '', 'message': '[sk-47c***98e] 该令牌额度已用尽 !token.UnlimitedQuota && token.RemainQuota = -20154 (request id: 20260317194718558490400lxvylezc)', 'type': 'thunlp_api_error'}}
2026-03-17 19:47:18,498 - INFO - 等待3秒后重试...
2026-03-17 19:47:21,588 - INFO - HTTP Request: POST https://toollearning.cn/v1/chat/completions "HTTP/1.1 401 Unauthorized"
2026-03-17 19:47:21,589 - ERROR - API调用错误: Error code: 401 - {'error': {'code': '', 'message': '[sk-47c***98e] 该令牌额度已用尽 !token.UnlimitedQuota && token.RemainQuota = -20154 (request id: 20260317194721693588548joDCloa9)', 'type': 'thunlp_api_error'}}
2026-03-17 19:47:21,589 - INFO - 等待3秒后重试...
2026-03-17 19:47:24,853 - INFO - HTTP Request: POST https://toollearning.cn/v1/chat/completions "HTTP/1.1 401 Unauthorized"
2026-03-17 19:47:24,854 - ERROR - API调用错误: Error code: 401 - {'error': {'code': '', 'message': '[sk-47c***98e] 该令牌额度已用尽 !token.UnlimitedQuota && token.RemainQuota = -20154 (request id: 20260317194724803709603dwP0Zfhm)', 'type': 'thunlp_api_error'}}
2026-03-17 19:47:24,854 - ERROR - 处理样本 32 失败: Error code: 401 - {'error': {'code': '', 'message': '[sk-47c***98e] 该令牌额度已用尽 !token.UnlimitedQuota && token.RemainQuota = -20154 (request id: 20260317194724803709603dwP0Zfhm)', 'type': 'thunlp_api_error'}}
2026-03-17 19:47:24,854 - INFO - 处理样本 33/393: 33
2026-03-17 19:47:25,669 - INFO - HTTP Request: POST https://toollearning.cn/v1/chat/completions "HTTP/1.1 401 Unauthorized"
2026-03-17 19:47:25,669 - ERROR - API调用错误: Error code: 401 - {'error': {'code': '', 'message': '[sk-47c***98e] 该令牌额度已用尽 !token.UnlimitedQuota && token.RemainQuota = -20154 (request id: 202603171947257353860094w2HKiqV)', 'type': 'thunlp_api_error'}}
2026-03-17 19:47:25,670 - INFO - 等待3秒后重试...
2026-03-17 19:47:28,762 - INFO - HTTP Request: POST https://toollearning.cn/v1/chat/completions "HTTP/1.1 401 Unauthorized"
2026-03-17 19:47:28,763 - ERROR - API调用错误: Error code: 401 - {'error': {'code': '', 'message': '[sk-47c***98e] 该令牌额度已用尽 !token.UnlimitedQuota && token.RemainQuota = -20154 (request id: 20260317194728878007250owDUOu5H)', 'type': 'thunlp_api_error'}}
2026-03-17 19:47:28,764 - INFO - 等待3秒后重试...
2026-03-17 19:47:31,831 - INFO - HTTP Request: POST https://toollearning.cn/v1/chat/completions "HTTP/1.1 401 Unauthorized"
2026-03-17 19:47:31,832 - ERROR - API调用错误: Error code: 401 - {'error': {'code': '', 'message': '[sk-47c***98e] 该令牌额度已用尽 !token.UnlimitedQuota && token.RemainQuota = -20154 (request id: 20260317194731947408201ToukFWMn)', 'type': 'thunlp_api_error'}}
2026-03-17 19:47:31,832 - ERROR - 处理样本 33 失败: Error code: 401 - {'error': {'code': '', 'message': '[sk-47c***98e] 该令牌额度已用尽 !token.UnlimitedQuota && token.RemainQuota = -20154 (request id: 20260317194731947408201ToukFWMn)', 'type': 'thunlp_api_error'}}
2026-03-17 19:47:31,832 - INFO - 处理样本 34/393: 34
2026-03-17 19:47:32,597 - INFO - HTTP Request: POST https://toollearning.cn/v1/chat/completions "HTTP/1.1 401 Unauthorized"
2026-03-17 19:47:32,597 - ERROR - API调用错误: Error code: 401 - {'error': {'code': '', 'message': '[sk-47c***98e] 该令牌额度已用尽 !token.UnlimitedQuota && token.RemainQuota = -20154 (request id: 20260317194732702734424rVhW8Nwl)', 'type': 'thunlp_api_error'}}
2026-03-17 19:47:32,598 - INFO - 等待3秒后重试...
2026-03-17 19:47:35,705 - INFO - HTTP Request: POST https://toollearning.cn/v1/chat/completions "HTTP/1.1 401 Unauthorized"
2026-03-17 19:47:35,706 - ERROR - API调用错误: Error code: 401 - {'error': {'code': '', 'message': '[sk-47c***98e] 该令牌额度已用尽 !token.UnlimitedQuota && token.RemainQuota = -20154 (request id: 20260317194735792276486bHh2ItQJ)', 'type': 'thunlp_api_error'}}
2026-03-17 19:47:35,706 - INFO - 等待3秒后重试...
2026-03-17 19:47:38,933 - INFO - HTTP Request: POST https://toollearning.cn/v1/chat/completions "HTTP/1.1 401 Unauthorized"
2026-03-17 19:47:38,934 - ERROR - API调用错误: Error code: 401 - {'error': {'code': '', 'message': '[sk-47c***98e] 该令牌额度已用尽 !token.UnlimitedQuota && token.RemainQuota = -20154 (request id: 20260317194738912741654J7MAdnwx)', 'type': 'thunlp_api_error'}}
2026-03-17 19:47:38,934 - ERROR - 处理样本 34 失败: Error code: 401 - {'error': {'code': '', 'message': '[sk-47c***98e] 该令牌额度已用尽 !token.UnlimitedQuota && token.RemainQuota = -20154 (request id: 20260317194738912741654J7MAdnwx)', 'type': 'thunlp_api_error'}}
2026-03-17 19:47:38,935 - INFO - 处理样本 35/393: 35
2026-03-17 19:47:39,956 - INFO - HTTP Request: POST https://toollearning.cn/v1/chat/completions "HTTP/1.1 401 Unauthorized"
2026-03-17 19:47:39,956 - ERROR - API调用错误: Error code: 401 - {'error': {'code': '', 'message': '[sk-47c***98e] 该令牌额度已用尽 !token.UnlimitedQuota && token.RemainQuota = -20154 (request id: 2026031719474052684111FZQfOxAB)', 'type': 'thunlp_api_error'}}
2026-03-17 19:47:39,957 - INFO - 等待3秒后重试...
2026-03-17 19:47:43,076 - INFO - HTTP Request: POST https://toollearning.cn/v1/chat/completions "HTTP/1.1 401 Unauthorized"
2026-03-17 19:47:43,077 - ERROR - API调用错误: Error code: 401 - {'error': {'code': '', 'message': '[sk-47c***98e] 该令牌额度已用尽 !token.UnlimitedQuota && token.RemainQuota = -20154 (request id: 20260317194743167682560HfxMhTKl)', 'type': 'thunlp_api_error'}}
2026-03-17 19:47:43,078 - INFO - 等待3秒后重试...
2026-03-17 19:47:46,220 - INFO - HTTP Request: POST https://toollearning.cn/v1/chat/completions "HTTP/1.1 401 Unauthorized"
2026-03-17 19:47:46,221 - ERROR - API调用错误: Error code: 401 - {'error': {'code': '', 'message': '[sk-47c***98e] 该令牌额度已用尽 !token.UnlimitedQuota && token.RemainQuota = -20154 (request id: 20260317194746277414751R6FFTTbO)', 'type': 'thunlp_api_error'}}
2026-03-17 19:47:46,222 - ERROR - 处理样本 35 失败: Error code: 401 - {'error': {'code': '', 'message': '[sk-47c***98e] 该令牌额度已用尽 !token.UnlimitedQuota && token.RemainQuota = -20154 (request id: 20260317194746277414751R6FFTTbO)', 'type': 'thunlp_api_error'}}
2026-03-17 19:47:46,222 - INFO - 处理样本 36/393: 36
2026-03-17 19:47:47,173 - INFO - HTTP Request: POST https://toollearning.cn/v1/chat/completions "HTTP/1.1 401 Unauthorized"
2026-03-17 19:47:47,174 - ERROR - API调用错误: Error code: 401 - {'error': {'code': '', 'message': '[sk-47c***98e] 该令牌额度已用尽 !token.UnlimitedQuota && token.RemainQuota = -20154 (request id: 20260317194747182804855HgmFnKrr)', 'type': 'thunlp_api_error'}}
2026-03-17 19:47:47,174 - INFO - 等待3秒后重试...
2026-03-17 19:47:50,345 - INFO - HTTP Request: POST https://toollearning.cn/v1/chat/completions "HTTP/1.1 401 Unauthorized"
2026-03-17 19:47:50,346 - ERROR - API调用错误: Error code: 401 - {'error': {'code': '', 'message': '[sk-47c***98e] 该令牌额度已用尽 !token.UnlimitedQuota && token.RemainQuota = -20154 (request id: 20260317194750377617548uTygJ25l)', 'type': 'thunlp_api_error'}}
2026-03-17 19:47:50,347 - INFO - 等待3秒后重试...
2026-03-17 19:47:53,495 - INFO - HTTP Request: POST https://toollearning.cn/v1/chat/completions "HTTP/1.1 401 Unauthorized"
2026-03-17 19:47:53,496 - ERROR - API调用错误: Error code: 401 - {'error': {'code': '', 'message': '[sk-47c***98e] 该令牌额度已用尽 !token.UnlimitedQuota && token.RemainQuota = -20154 (request id: 20260317194753557622213a0Zuo2mT)', 'type': 'thunlp_api_error'}}
2026-03-17 19:47:53,497 - ERROR - 处理样本 36 失败: Error code: 401 - {'error': {'code': '', 'message': '[sk-47c***98e] 该令牌额度已用尽 !token.UnlimitedQuota && token.RemainQuota = -20154 (request id: 20260317194753557622213a0Zuo2mT)', 'type': 'thunlp_api_error'}}
2026-03-17 19:47:53,506 - INFO - 处理样本 37/393: 37
2026-03-17 19:47:54,500 - INFO - HTTP Request: POST https://toollearning.cn/v1/chat/completions "HTTP/1.1 401 Unauthorized"
2026-03-17 19:47:54,501 - ERROR - API调用错误: Error code: 401 - {'error': {'code': '', 'message': '[sk-47c***98e] 该令牌额度已用尽 !token.UnlimitedQuota && token.RemainQuota = -20154 (request id: 20260317194754572722568EUEy3qej)', 'type': 'thunlp_api_error'}}
2026-03-17 19:47:54,502 - INFO - 等待3秒后重试...
2026-03-17 19:47:57,692 - INFO - HTTP Request: POST https://toollearning.cn/v1/chat/completions "HTTP/1.1 401 Unauthorized"
2026-03-17 19:47:57,693 - ERROR - API调用错误: Error code: 401 - {'error': {'code': '', 'message': '[sk-47c***98e] 该令牌额度已用尽 !token.UnlimitedQuota && token.RemainQuota = -20154 (request id: 20260317194757693186344CQnvROGA)', 'type': 'thunlp_api_error'}}
2026-03-17 19:47:57,693 - INFO - 等待3秒后重试...
2026-03-17 19:48:00,771 - INFO - HTTP Request: POST https://toollearning.cn/v1/chat/completions "HTTP/1.1 401 Unauthorized"
2026-03-17 19:48:00,772 - ERROR - API调用错误: Error code: 401 - {'error': {'code': '', 'message': '[sk-47c***98e] 该令牌额度已用尽 !token.UnlimitedQuota && token.RemainQuota = -20154 (request id: 20260317194800880428921rGCn42GW)', 'type': 'thunlp_api_error'}}
2026-03-17 19:48:00,772 - ERROR - 处理样本 37 失败: Error code: 401 - {'error': {'code': '', 'message': '[sk-47c***98e] 该令牌额度已用尽 !token.UnlimitedQuota && token.RemainQuota = -20154 (request id: 20260317194800880428921rGCn42GW)', 'type': 'thunlp_api_error'}}
2026-03-17 19:48:00,772 - INFO - 处理样本 38/393: 38
2026-03-17 19:48:01,908 - INFO - HTTP Request: POST https://toollearning.cn/v1/chat/completions "HTTP/1.1 401 Unauthorized"
2026-03-17 19:48:01,909 - ERROR - API调用错误: Error code: 401 - {'error': {'code': '', 'message': '[sk-47c***98e] 该令牌额度已用尽 !token.UnlimitedQuota && token.RemainQuota = -20154 (request id: 20260317194801879621984JNfy3zEn)', 'type': 'thunlp_api_error'}}
2026-03-17 19:48:01,909 - INFO - 等待3秒后重试...
2026-03-17 19:48:04,994 - INFO - HTTP Request: POST https://toollearning.cn/v1/chat/completions "HTTP/1.1 401 Unauthorized"
2026-03-17 19:48:04,995 - ERROR - API调用错误: Error code: 401 - {'error': {'code': '', 'message': '[sk-47c***98e] 该令牌额度已用尽 !token.UnlimitedQuota && token.RemainQuota = -20154 (request id: 20260317194805105222375D6XjSTO3)', 'type': 'thunlp_api_error'}}
2026-03-17 19:48:04,995 - INFO - 等待3秒后重试...
2026-03-17 19:48:08,116 - INFO - HTTP Request: POST https://toollearning.cn/v1/chat/completions "HTTP/1.1 401 Unauthorized"
2026-03-17 19:48:08,117 - ERROR - API调用错误: Error code: 401 - {'error': {'code': '', 'message': '[sk-47c***98e] 该令牌额度已用尽 !token.UnlimitedQuota && token.RemainQuota = -20154 (request id: 20260317194808200132471yIzIN6RS)', 'type': 'thunlp_api_error'}}
2026-03-17 19:48:08,118 - ERROR - 处理样本 38 失败: Error code: 401 - {'error': {'code': '', 'message': '[sk-47c***98e] 该令牌额度已用尽 !token.UnlimitedQuota && token.RemainQuota = -20154 (request id: 20260317194808200132471yIzIN6RS)', 'type': 'thunlp_api_error'}}
2026-03-17 19:48:08,118 - INFO - 处理样本 39/393: 39
2026-03-17 19:48:08,944 - INFO - HTTP Request: POST https://toollearning.cn/v1/chat/completions "HTTP/1.1 401 Unauthorized"
2026-03-17 19:48:08,951 - ERROR - API调用错误: Error code: 401 - {'error': {'code': '', 'message': '[sk-47c***98e] 该令牌额度已用尽 !token.UnlimitedQuota && token.RemainQuota = -20154 (request id: 2026031719480929517395ytf0VgWR)', 'type': 'thunlp_api_error'}}
2026-03-17 19:48:08,953 - INFO - 等待3秒后重试...
2026-03-17 19:48:12,141 - INFO - HTTP Request: POST https://toollearning.cn/v1/chat/completions "HTTP/1.1 401 Unauthorized"
2026-03-17 19:48:12,143 - ERROR - API调用错误: Error code: 401 - {'error': {'code': '', 'message': '[sk-47c***98e] 该令牌额度已用尽 !token.UnlimitedQuota && token.RemainQuota = -20154 (request id: 202603171948121627740798UE44V4X)', 'type': 'thunlp_api_error'}}
2026-03-17 19:48:12,143 - INFO - 等待3秒后重试...
2026-03-17 19:48:15,242 - INFO - HTTP Request: POST https://toollearning.cn/v1/chat/completions "HTTP/1.1 401 Unauthorized"
2026-03-17 19:48:15,243 - ERROR - API调用错误: Error code: 401 - {'error': {'code': '', 'message': '[sk-47c***98e] 该令牌额度已用尽 !token.UnlimitedQuota && token.RemainQuota = -20154 (request id: 202603171948153404678712MQObB88)', 'type': 'thunlp_api_error'}}
2026-03-17 19:48:15,244 - ERROR - 处理样本 39 失败: Error code: 401 - {'error': {'code': '', 'message': '[sk-47c***98e] 该令牌额度已用尽 !token.UnlimitedQuota && token.RemainQuota = -20154 (request id: 202603171948153404678712MQObB88)', 'type': 'thunlp_api_error'}}
2026-03-17 19:48:15,244 - INFO - 处理样本 40/393: 40
2026-03-17 19:48:16,530 - INFO - HTTP Request: POST https://toollearning.cn/v1/chat/completions "HTTP/1.1 401 Unauthorized"
2026-03-17 19:48:16,531 - ERROR - API调用错误: Error code: 401 - {'error': {'code': '', 'message': '[sk-47c***98e] 该令牌额度已用尽 !token.UnlimitedQuota && token.RemainQuota = -20154 (request id: 20260317194816415924903suHT6nog)', 'type': 'thunlp_api_error'}}
2026-03-17 19:48:16,531 - INFO - 等待3秒后重试...
2026-03-17 19:48:19,635 - INFO - HTTP Request: POST https://toollearning.cn/v1/chat/completions "HTTP/1.1 401 Unauthorized"
2026-03-17 19:48:19,636 - ERROR - API调用错误: Error code: 401 - {'error': {'code': '', 'message': '[sk-47c***98e] 该令牌额度已用尽 !token.UnlimitedQuota && token.RemainQuota = -20154 (request id: 20260317194819724776679m0NwFneO)', 'type': 'thunlp_api_error'}}
2026-03-17 19:48:19,636 - INFO - 等待3秒后重试...
2026-03-17 19:48:22,711 - INFO - HTTP Request: POST https://toollearning.cn/v1/chat/completions "HTTP/1.1 401 Unauthorized"
2026-03-17 19:48:22,712 - ERROR - API调用错误: Error code: 401 - {'error': {'code': '', 'message': '[sk-47c***98e] 该令牌额度已用尽 !token.UnlimitedQuota && token.RemainQuota = -20154 (request id: 20260317194822821309949WCGZmkwe)', 'type': 'thunlp_api_error'}}
2026-03-17 19:48:22,712 - ERROR - 处理样本 40 失败: Error code: 401 - {'error': {'code': '', 'message': '[sk-47c***98e] 该令牌额度已用尽 !token.UnlimitedQuota && token.RemainQuota = -20154 (request id: 20260317194822821309949WCGZmkwe)', 'type': 'thunlp_api_error'}}
2026-03-17 19:48:22,713 - INFO - 处理样本 41/393: 41
2026-03-17 19:48:23,603 - INFO - HTTP Request: POST https://toollearning.cn/v1/chat/completions "HTTP/1.1 401 Unauthorized"
2026-03-17 19:48:23,604 - ERROR - API调用错误: Error code: 401 - {'error': {'code': '', 'message': '[sk-47c***98e] 该令牌额度已用尽 !token.UnlimitedQuota && token.RemainQuota = -20154 (request id: 202603171948236154436048u1PPILv)', 'type': 'thunlp_api_error'}}
2026-03-17 19:48:23,604 - INFO - 等待3秒后重试...
2026-03-17 19:48:26,755 - INFO - HTTP Request: POST https://toollearning.cn/v1/chat/completions "HTTP/1.1 401 Unauthorized"
2026-03-17 19:48:26,791 - ERROR - API调用错误: Error code: 401 - {'error': {'code': '', 'message': '[sk-47c***98e] 该令牌额度已用尽 !token.UnlimitedQuota && token.RemainQuota = -20154 (request id: 20260317194826810642389rp019q4Y)', 'type': 'thunlp_api_error'}}
2026-03-17 19:48:26,791 - INFO - 等待3秒后重试...
2026-03-17 19:48:29,965 - INFO - HTTP Request: POST https://toollearning.cn/v1/chat/completions "HTTP/1.1 401 Unauthorized"
2026-03-17 19:48:29,966 - ERROR - API调用错误: Error code: 401 - {'error': {'code': '', 'message': '[sk-47c***98e] 该令牌额度已用尽 !token.UnlimitedQuota && token.RemainQuota = -20154 (request id: 20260317194829977674207WAjzAZHR)', 'type': 'thunlp_api_error'}}
2026-03-17 19:48:29,966 - ERROR - 处理样本 41 失败: Error code: 401 - {'error': {'code': '', 'message': '[sk-47c***98e] 该令牌额度已用尽 !token.UnlimitedQuota && token.RemainQuota = -20154 (request id: 20260317194829977674207WAjzAZHR)', 'type': 'thunlp_api_error'}}
2026-03-17 19:48:29,967 - INFO - 处理样本 42/393: 42
2026-03-17 19:48:30,697 - INFO - HTTP Request: POST https://toollearning.cn/v1/chat/completions "HTTP/1.1 401 Unauthorized"
2026-03-17 19:48:30,698 - ERROR - API调用错误: Error code: 401 - {'error': {'code': '', 'message': '[sk-47c***98e] 该令牌额度已用尽 !token.UnlimitedQuota && token.RemainQuota = -20154 (request id: 20260317194830777591995iGC7bmKM)', 'type': 'thunlp_api_error'}}
2026-03-17 19:48:30,698 - INFO - 等待3秒后重试...
2026-03-17 19:48:33,841 - INFO - HTTP Request: POST https://toollearning.cn/v1/chat/completions "HTTP/1.1 401 Unauthorized"
2026-03-17 19:48:33,842 - ERROR - API调用错误: Error code: 401 - {'error': {'code': '', 'message': '[sk-47c***98e] 该令牌额度已用尽 !token.UnlimitedQuota && token.RemainQuota = -20154 (request id: 20260317194833899602339FQjklaT0)', 'type': 'thunlp_api_error'}}
2026-03-17 19:48:33,842 - INFO - 等待3秒后重试...
2026-03-17 19:48:36,947 - INFO - HTTP Request: POST https://toollearning.cn/v1/chat/completions "HTTP/1.1 401 Unauthorized"
2026-03-17 19:48:36,948 - ERROR - API调用错误: Error code: 401 - {'error': {'code': '', 'message': '[sk-47c***98e] 该令牌额度已用尽 !token.UnlimitedQuota && token.RemainQuota = -20154 (request id: 2026031719483732738275xOyv1Rsn)', 'type': 'thunlp_api_error'}}
2026-03-17 19:48:36,949 - ERROR - 处理样本 42 失败: Error code: 401 - {'error': {'code': '', 'message': '[sk-47c***98e] 该令牌额度已用尽 !token.UnlimitedQuota && token.RemainQuota = -20154 (request id: 2026031719483732738275xOyv1Rsn)', 'type': 'thunlp_api_error'}}
2026-03-17 19:48:36,950 - INFO - 处理样本 43/393: 43
2026-03-17 19:48:37,810 - INFO - HTTP Request: POST https://toollearning.cn/v1/chat/completions "HTTP/1.1 401 Unauthorized"
2026-03-17 19:48:37,811 - ERROR - API调用错误: Error code: 401 - {'error': {'code': '', 'message': '[sk-47c***98e] 该令牌额度已用尽 !token.UnlimitedQuota && token.RemainQuota = -20154 (request id: 202603171948379159453529tilqugX)', 'type': 'thunlp_api_error'}}
2026-03-17 19:48:37,811 - INFO - 等待3秒后重试...
2026-03-17 19:48:40,910 - INFO - HTTP Request: POST https://toollearning.cn/v1/chat/completions "HTTP/1.1 401 Unauthorized"
2026-03-17 19:48:40,912 - ERROR - API调用错误: Error code: 401 - {'error': {'code': '', 'message': '[sk-47c***98e] 该令牌额度已用尽 !token.UnlimitedQuota && token.RemainQuota = -20154 (request id: 20260317194841242089fM0Ge0qM)', 'type': 'thunlp_api_error'}}
2026-03-17 19:48:40,912 - INFO - 等待3秒后重试...
2026-03-17 19:48:44,080 - INFO - HTTP Request: POST https://toollearning.cn/v1/chat/completions "HTTP/1.1 401 Unauthorized"
2026-03-17 19:48:44,081 - ERROR - API调用错误: Error code: 401 - {'error': {'code': '', 'message': '[sk-47c***98e] 该令牌额度已用尽 !token.UnlimitedQuota && token.RemainQuota = -20154 (request id: 20260317194844114833495dABldaRR)', 'type': 'thunlp_api_error'}}
2026-03-17 19:48:44,081 - ERROR - 处理样本 43 失败: Error code: 401 - {'error': {'code': '', 'message': '[sk-47c***98e] 该令牌额度已用尽 !token.UnlimitedQuota && token.RemainQuota = -20154 (request id: 20260317194844114833495dABldaRR)', 'type': 'thunlp_api_error'}}
2026-03-17 19:48:44,082 - INFO - 处理样本 44/393: 44
2026-03-17 19:48:45,184 - INFO - HTTP Request: POST https://toollearning.cn/v1/chat/completions "HTTP/1.1 401 Unauthorized"
2026-03-17 19:48:45,184 - ERROR - API调用错误: Error code: 401 - {'error': {'code': '', 'message': '[sk-47c***98e] 该令牌额度已用尽 !token.UnlimitedQuota && token.RemainQuota = -20154 (request id: 20260317194845200913976cFYopOzS)', 'type': 'thunlp_api_error'}}
2026-03-17 19:48:45,185 - INFO - 等待3秒后重试...
2026-03-17 19:48:48,267 - INFO - HTTP Request: POST https://toollearning.cn/v1/chat/completions "HTTP/1.1 401 Unauthorized"
2026-03-17 19:48:48,268 - ERROR - API调用错误: Error code: 401 - {'error': {'code': '', 'message': '[sk-47c***98e] 该令牌额度已用尽 !token.UnlimitedQuota && token.RemainQuota = -20154 (request id: 20260317194848368501354okzIx9m4)', 'type': 'thunlp_api_error'}}
2026-03-17 19:48:48,269 - INFO - 等待3秒后重试...
2026-03-17 19:48:51,353 - INFO - HTTP Request: POST https://toollearning.cn/v1/chat/completions "HTTP/1.1 401 Unauthorized"
2026-03-17 19:48:51,355 - ERROR - API调用错误: Error code: 401 - {'error': {'code': '', 'message': '[sk-47c***98e] 该令牌额度已用尽 !token.UnlimitedQuota && token.RemainQuota = -20154 (request id: 20260317194851453426929Jz4wZj2Q)', 'type': 'thunlp_api_error'}}
2026-03-17 19:48:51,355 - ERROR - 处理样本 44 失败: Error code: 401 - {'error': {'code': '', 'message': '[sk-47c***98e] 该令牌额度已用尽 !token.UnlimitedQuota && token.RemainQuota = -20154 (request id: 20260317194851453426929Jz4wZj2Q)', 'type': 'thunlp_api_error'}}
2026-03-17 19:48:51,356 - INFO - 处理样本 45/393: 45
2026-03-17 19:48:52,116 - INFO - HTTP Request: POST https://toollearning.cn/v1/chat/completions "HTTP/1.1 401 Unauthorized"
2026-03-17 19:48:52,117 - ERROR - API调用错误: Error code: 401 - {'error': {'code': '', 'message': '[sk-47c***98e] 该令牌额度已用尽 !token.UnlimitedQuota && token.RemainQuota = -20154 (request id: 20260317194852198314904oxIrSqF9)', 'type': 'thunlp_api_error'}}
2026-03-17 19:48:52,117 - INFO - 等待3秒后重试...
2026-03-17 19:48:55,236 - INFO - HTTP Request: POST https://toollearning.cn/v1/chat/completions "HTTP/1.1 401 Unauthorized"
2026-03-17 19:48:55,237 - ERROR - API调用错误: Error code: 401 - {'error': {'code': '', 'message': '[sk-47c***98e] 该令牌额度已用尽 !token.UnlimitedQuota && token.RemainQuota = -20154 (request id: 202603171948553102559522dRsxGXs)', 'type': 'thunlp_api_error'}}
2026-03-17 19:48:55,237 - INFO - 等待3秒后重试...
2026-03-17 19:48:58,394 - INFO - HTTP Request: POST https://toollearning.cn/v1/chat/completions "HTTP/1.1 401 Unauthorized"
2026-03-17 19:48:58,395 - ERROR - API调用错误: Error code: 401 - {'error': {'code': '', 'message': '[sk-47c***98e] 该令牌额度已用尽 !token.UnlimitedQuota && token.RemainQuota = -20154 (request id: 20260317194858430476657cQ6TOsDU)', 'type': 'thunlp_api_error'}}
2026-03-17 19:48:58,395 - ERROR - 处理样本 45 失败: Error code: 401 - {'error': {'code': '', 'message': '[sk-47c***98e] 该令牌额度已用尽 !token.UnlimitedQuota && token.RemainQuota = -20154 (request id: 20260317194858430476657cQ6TOsDU)', 'type': 'thunlp_api_error'}}
2026-03-17 19:48:58,395 - INFO - 处理样本 46/393: 46
2026-03-17 19:48:59,234 - INFO - HTTP Request: POST https://toollearning.cn/v1/chat/completions "HTTP/1.1 401 Unauthorized"
2026-03-17 19:48:59,235 - ERROR - API调用错误: Error code: 401 - {'error': {'code': '', 'message': '[sk-47c***98e] 该令牌额度已用尽 !token.UnlimitedQuota && token.RemainQuota = -20154 (request id: 20260317194859319419442MuVhpCFI)', 'type': 'thunlp_api_error'}}
2026-03-17 19:48:59,236 - INFO - 等待3秒后重试...
2026-03-17 19:49:02,405 - INFO - HTTP Request: POST https://toollearning.cn/v1/chat/completions "HTTP/1.1 401 Unauthorized"
2026-03-17 19:49:02,406 - ERROR - API调用错误: Error code: 401 - {'error': {'code': '', 'message': '[sk-47c***98e] 该令牌额度已用尽 !token.UnlimitedQuota && token.RemainQuota = -20154 (request id: 20260317194902429727343iXDaWUme)', 'type': 'thunlp_api_error'}}
2026-03-17 19:49:02,406 - INFO - 等待3秒后重试...
2026-03-17 19:49:05,494 - INFO - HTTP Request: POST https://toollearning.cn/v1/chat/completions "HTTP/1.1 401 Unauthorized"
2026-03-17 19:49:05,495 - ERROR - API调用错误: Error code: 401 - {'error': {'code': '', 'message': '[sk-47c***98e] 该令牌额度已用尽 !token.UnlimitedQuota && token.RemainQuota = -20154 (request id: 20260317194905604882581wktHNGVF)', 'type': 'thunlp_api_error'}}
2026-03-17 19:49:05,495 - ERROR - 处理样本 46 失败: Error code: 401 - {'error': {'code': '', 'message': '[sk-47c***98e] 该令牌额度已用尽 !token.UnlimitedQuota && token.RemainQuota = -20154 (request id: 20260317194905604882581wktHNGVF)', 'type': 'thunlp_api_error'}}
2026-03-17 19:49:05,496 - INFO - 处理样本 47/393: 47
2026-03-17 19:49:06,202 - INFO - HTTP Request: POST https://toollearning.cn/v1/chat/completions "HTTP/1.1 401 Unauthorized"
2026-03-17 19:49:06,203 - ERROR - API调用错误: Error code: 401 - {'error': {'code': '', 'message': '[sk-47c***98e] 该令牌额度已用尽 !token.UnlimitedQuota && token.RemainQuota = -20154 (request id: 20260317194906305443833QWmf7pmI)', 'type': 'thunlp_api_error'}}
2026-03-17 19:49:06,203 - INFO - 等待3秒后重试...
2026-03-17 19:49:09,383 - INFO - HTTP Request: POST https://toollearning.cn/v1/chat/completions "HTTP/1.1 401 Unauthorized"
2026-03-17 19:49:09,385 - ERROR - API调用错误: Error code: 401 - {'error': {'code': '', 'message': '[sk-47c***98e] 该令牌额度已用尽 !token.UnlimitedQuota && token.RemainQuota = -20154 (request id: 20260317194909380098142cpB0Tj2E)', 'type': 'thunlp_api_error'}}
2026-03-17 19:49:09,385 - INFO - 等待3秒后重试...
2026-03-17 19:49:12,494 - INFO - HTTP Request: POST https://toollearning.cn/v1/chat/completions "HTTP/1.1 401 Unauthorized"
2026-03-17 19:49:12,495 - ERROR - API调用错误: Error code: 401 - {'error': {'code': '', 'message': '[sk-47c***98e] 该令牌额度已用尽 !token.UnlimitedQuota && token.RemainQuota = -20154 (request id: 20260317194912574940552HZ32XBam)', 'type': 'thunlp_api_error'}}
2026-03-17 19:49:12,495 - ERROR - 处理样本 47 失败: Error code: 401 - {'error': {'code': '', 'message': '[sk-47c***98e] 该令牌额度已用尽 !token.UnlimitedQuota && token.RemainQuota = -20154 (request id: 20260317194912574940552HZ32XBam)', 'type': 'thunlp_api_error'}}
2026-03-17 19:49:12,496 - INFO - 处理样本 48/393: 48
2026-03-17 19:49:13,217 - INFO - HTTP Request: POST https://toollearning.cn/v1/chat/completions "HTTP/1.1 401 Unauthorized"
2026-03-17 19:49:13,218 - ERROR - API调用错误: Error code: 401 - {'error': {'code': '', 'message': '[sk-47c***98e] 该令牌额度已用尽 !token.UnlimitedQuota && token.RemainQuota = -20154 (request id: 20260317194913286157599Mo7mbzFF)', 'type': 'thunlp_api_error'}}
2026-03-17 19:49:13,218 - INFO - 等待3秒后重试...
2026-03-17 19:49:16,467 - INFO - HTTP Request: POST https://toollearning.cn/v1/chat/completions "HTTP/1.1 401 Unauthorized"
2026-03-17 19:49:16,467 - ERROR - API调用错误: Error code: 401 - {'error': {'code': '', 'message': '[sk-47c***98e] 该令牌额度已用尽 !token.UnlimitedQuota && token.RemainQuota = -20154 (request id: 20260317194916415355624gUzMpbLr)', 'type': 'thunlp_api_error'}}
2026-03-17 19:49:16,468 - INFO - 等待3秒后重试...
2026-03-17 19:49:19,693 - INFO - HTTP Request: POST https://toollearning.cn/v1/chat/completions "HTTP/1.1 401 Unauthorized"
2026-03-17 19:49:19,694 - ERROR - API调用错误: Error code: 401 - {'error': {'code': '', 'message': '[sk-47c***98e] 该令牌额度已用尽 !token.UnlimitedQuota && token.RemainQuota = -20154 (request id: 20260317194919655737813UQf0nsou)', 'type': 'thunlp_api_error'}}
2026-03-17 19:49:19,694 - ERROR - 处理样本 48 失败: Error code: 401 - {'error': {'code': '', 'message': '[sk-47c***98e] 该令牌额度已用尽 !token.UnlimitedQuota && token.RemainQuota = -20154 (request id: 20260317194919655737813UQf0nsou)', 'type': 'thunlp_api_error'}}
2026-03-17 19:49:19,694 - INFO - 处理样本 49/393: 49
2026-03-17 19:49:20,719 - INFO - HTTP Request: POST https://toollearning.cn/v1/chat/completions "HTTP/1.1 401 Unauthorized"
2026-03-17 19:49:20,720 - ERROR - API调用错误: Error code: 401 - {'error': {'code': '', 'message': '[sk-47c***98e] 该令牌额度已用尽 !token.UnlimitedQuota && token.RemainQuota = -20154 (request id: 202603171949206945251656nkw4hUe)', 'type': 'thunlp_api_error'}}
2026-03-17 19:49:20,721 - INFO - 等待3秒后重试...
2026-03-17 19:49:23,810 - INFO - HTTP Request: POST https://toollearning.cn/v1/chat/completions "HTTP/1.1 401 Unauthorized"
2026-03-17 19:49:23,811 - ERROR - API调用错误: Error code: 401 - {'error': {'code': '', 'message': '[sk-47c***98e] 该令牌额度已用尽 !token.UnlimitedQuota && token.RemainQuota = -20154 (request id: 20260317194923907492711BTe9lSoi)', 'type': 'thunlp_api_error'}}
2026-03-17 19:49:23,812 - INFO - 等待3秒后重试...
2026-03-17 19:49:26,920 - INFO - HTTP Request: POST https://toollearning.cn/v1/chat/completions "HTTP/1.1 401 Unauthorized"
2026-03-17 19:49:26,921 - ERROR - API调用错误: Error code: 401 - {'error': {'code': '', 'message': '[sk-47c***98e] 该令牌额度已用尽 !token.UnlimitedQuota && token.RemainQuota = -20154 (request id: 20260317194927128497xCpX9NTh)', 'type': 'thunlp_api_error'}}
2026-03-17 19:49:26,921 - ERROR - 处理样本 49 失败: Error code: 401 - {'error': {'code': '', 'message': '[sk-47c***98e] 该令牌额度已用尽 !token.UnlimitedQuota && token.RemainQuota = -20154 (request id: 20260317194927128497xCpX9NTh)', 'type': 'thunlp_api_error'}}
2026-03-17 19:49:26,921 - INFO - 处理样本 50/393: 50
2026-03-17 19:49:27,565 - INFO - HTTP Request: POST https://toollearning.cn/v1/chat/completions "HTTP/1.1 401 Unauthorized"
2026-03-17 19:49:27,565 - ERROR - API调用错误: Error code: 401 - {'error': {'code': '', 'message': '[sk-47c***98e] 该令牌额度已用尽 !token.UnlimitedQuota && token.RemainQuota = -20154 (request id: 20260317194927673093008FhjkfBzT)', 'type': 'thunlp_api_error'}}
2026-03-17 19:49:27,566 - INFO - 等待3秒后重试...
2026-03-17 19:49:30,650 - INFO - HTTP Request: POST https://toollearning.cn/v1/chat/completions "HTTP/1.1 401 Unauthorized"
2026-03-17 19:49:30,651 - ERROR - API调用错误: Error code: 401 - {'error': {'code': '', 'message': '[sk-47c***98e] 该令牌额度已用尽 !token.UnlimitedQuota && token.RemainQuota = -20154 (request id: 20260317194930758201501gSxPfo2m)', 'type': 'thunlp_api_error'}}
2026-03-17 19:49:30,651 - INFO - 等待3秒后重试...
2026-03-17 19:49:33,740 - INFO - HTTP Request: POST https://toollearning.cn/v1/chat/completions "HTTP/1.1 401 Unauthorized"
2026-03-17 19:49:33,741 - ERROR - API调用错误: Error code: 401 - {'error': {'code': '', 'message': '[sk-47c***98e] 该令牌额度已用尽 !token.UnlimitedQuota && token.RemainQuota = -20154 (request id: 20260317194933835087714XLAAvH0F)', 'type': 'thunlp_api_error'}}
2026-03-17 19:49:33,742 - ERROR - 处理样本 50 失败: Error code: 401 - {'error': {'code': '', 'message': '[sk-47c***98e] 该令牌额度已用尽 !token.UnlimitedQuota && token.RemainQuota = -20154 (request id: 20260317194933835087714XLAAvH0F)', 'type': 'thunlp_api_error'}}
2026-03-17 19:49:33,742 - INFO - 处理样本 51/393: 51
2026-03-17 19:49:34,520 - INFO - HTTP Request: POST https://toollearning.cn/v1/chat/completions "HTTP/1.1 401 Unauthorized"
2026-03-17 19:49:34,521 - ERROR - API调用错误: Error code: 401 - {'error': {'code': '', 'message': '[sk-47c***98e] 该令牌额度已用尽 !token.UnlimitedQuota && token.RemainQuota = -20154 (request id: 20260317194934617515696MXPW6mHH)', 'type': 'thunlp_api_error'}}
2026-03-17 19:49:34,521 - INFO - 等待3秒后重试...
2026-03-17 19:49:37,648 - INFO - HTTP Request: POST https://toollearning.cn/v1/chat/completions "HTTP/1.1 401 Unauthorized"
2026-03-17 19:49:37,649 - ERROR - API调用错误: Error code: 401 - {'error': {'code': '', 'message': '[sk-47c***98e] 该令牌额度已用尽 !token.UnlimitedQuota && token.RemainQuota = -20154 (request id: 2026031719493771973147646FYLX4z)', 'type': 'thunlp_api_error'}}
2026-03-17 19:49:37,649 - INFO - 等待3秒后重试...
2026-03-17 19:49:40,727 - INFO - HTTP Request: POST https://toollearning.cn/v1/chat/completions "HTTP/1.1 401 Unauthorized"
2026-03-17 19:49:40,728 - ERROR - API调用错误: Error code: 401 - {'error': {'code': '', 'message': '[sk-47c***98e] 该令牌额度已用尽 !token.UnlimitedQuota && token.RemainQuota = -20154 (request id: 20260317194940835262838QiueOh9C)', 'type': 'thunlp_api_error'}}
2026-03-17 19:49:40,729 - ERROR - 处理样本 51 失败: Error code: 401 - {'error': {'code': '', 'message': '[sk-47c***98e] 该令牌额度已用尽 !token.UnlimitedQuota && token.RemainQuota = -20154 (request id: 20260317194940835262838QiueOh9C)', 'type': 'thunlp_api_error'}}
2026-03-17 19:49:40,729 - INFO - 处理样本 52/393: 52
2026-03-17 19:49:41,606 - INFO - HTTP Request: POST https://toollearning.cn/v1/chat/completions "HTTP/1.1 401 Unauthorized"
2026-03-17 19:49:41,607 - ERROR - API调用错误: Error code: 401 - {'error': {'code': '', 'message': '[sk-47c***98e] 该令牌额度已用尽 !token.UnlimitedQuota && token.RemainQuota = -20154 (request id: 20260317194941690355832TxGrIcGk)', 'type': 'thunlp_api_error'}}
2026-03-17 19:49:41,608 - INFO - 等待3秒后重试...
2026-03-17 19:49:44,700 - INFO - HTTP Request: POST https://toollearning.cn/v1/chat/completions "HTTP/1.1 401 Unauthorized"
2026-03-17 19:49:44,701 - ERROR - API调用错误: Error code: 401 - {'error': {'code': '', 'message': '[sk-47c***98e] 该令牌额度已用尽 !token.UnlimitedQuota && token.RemainQuota = -20154 (request id: 2026031719494481057859725sFW4kO)', 'type': 'thunlp_api_error'}}
2026-03-17 19:49:44,701 - INFO - 等待3秒后重试...
2026-03-17 19:49:47,773 - INFO - HTTP Request: POST https://toollearning.cn/v1/chat/completions "HTTP/1.1 401 Unauthorized"
2026-03-17 19:49:47,773 - ERROR - API调用错误: Error code: 401 - {'error': {'code': '', 'message': '[sk-47c***98e] 该令牌额度已用尽 !token.UnlimitedQuota && token.RemainQuota = -20154 (request id: 202603171949478880928690rK1m2CN)', 'type': 'thunlp_api_error'}}
2026-03-17 19:49:47,774 - ERROR - 处理样本 52 失败: Error code: 401 - {'error': {'code': '', 'message': '[sk-47c***98e] 该令牌额度已用尽 !token.UnlimitedQuota && token.RemainQuota = -20154 (request id: 202603171949478880928690rK1m2CN)', 'type': 'thunlp_api_error'}}
2026-03-17 19:49:47,774 - INFO - 处理样本 53/393: 53
2026-03-17 19:49:48,496 - INFO - HTTP Request: POST https://toollearning.cn/v1/chat/completions "HTTP/1.1 401 Unauthorized"
2026-03-17 19:49:48,496 - ERROR - API调用错误: Error code: 401 - {'error': {'code': '', 'message': '[sk-47c***98e] 该令牌额度已用尽 !token.UnlimitedQuota && token.RemainQuota = -20154 (request id: 20260317194948603004698JZlehrRr)', 'type': 'thunlp_api_error'}}
2026-03-17 19:49:48,497 - INFO - 等待3秒后重试...
2026-03-17 19:49:51,644 - INFO - HTTP Request: POST https://toollearning.cn/v1/chat/completions "HTTP/1.1 401 Unauthorized"
2026-03-17 19:49:51,645 - ERROR - API调用错误: Error code: 401 - {'error': {'code': '', 'message': '[sk-47c***98e] 该令牌额度已用尽 !token.UnlimitedQuota && token.RemainQuota = -20154 (request id: 20260317194951700382879rhSCR1va)', 'type': 'thunlp_api_error'}}
2026-03-17 19:49:51,645 - INFO - 等待3秒后重试...
2026-03-17 19:49:54,734 - INFO - HTTP Request: POST https://toollearning.cn/v1/chat/completions "HTTP/1.1 401 Unauthorized"
2026-03-17 19:49:54,735 - ERROR - API调用错误: Error code: 401 - {'error': {'code': '', 'message': '[sk-47c***98e] 该令牌额度已用尽 !token.UnlimitedQuota && token.RemainQuota = -20154 (request id: 20260317194954840410326xrLwkt2Z)', 'type': 'thunlp_api_error'}}
2026-03-17 19:49:54,735 - ERROR - 处理样本 53 失败: Error code: 401 - {'error': {'code': '', 'message': '[sk-47c***98e] 该令牌额度已用尽 !token.UnlimitedQuota && token.RemainQuota = -20154 (request id: 20260317194954840410326xrLwkt2Z)', 'type': 'thunlp_api_error'}}
2026-03-17 19:49:54,735 - INFO - 处理样本 54/393: 54
2026-03-17 19:49:55,458 - INFO - HTTP Request: POST https://toollearning.cn/v1/chat/completions "HTTP/1.1 401 Unauthorized"
2026-03-17 19:49:55,459 - ERROR - API调用错误: Error code: 401 - {'error': {'code': '', 'message': '[sk-47c***98e] 该令牌额度已用尽 !token.UnlimitedQuota && token.RemainQuota = -20154 (request id: 20260317194955549513415fsmRGLyd)', 'type': 'thunlp_api_error'}}
2026-03-17 19:49:55,460 - INFO - 等待3秒后重试...
2026-03-17 19:49:58,549 - INFO - HTTP Request: POST https://toollearning.cn/v1/chat/completions "HTTP/1.1 401 Unauthorized"
2026-03-17 19:49:58,550 - ERROR - API调用错误: Error code: 401 - {'error': {'code': '', 'message': '[sk-47c***98e] 该令牌额度已用尽 !token.UnlimitedQuota && token.RemainQuota = -20154 (request id: 20260317194958645145499hDBKD0ft)', 'type': 'thunlp_api_error'}}
2026-03-17 19:49:58,550 - INFO - 等待3秒后重试...
2026-03-17 19:50:01,695 - INFO - HTTP Request: POST https://toollearning.cn/v1/chat/completions "HTTP/1.1 401 Unauthorized"
2026-03-17 19:50:01,696 - ERROR - API调用错误: Error code: 401 - {'error': {'code': '', 'message': '[sk-47c***98e] 该令牌额度已用尽 !token.UnlimitedQuota && token.RemainQuota = -20154 (request id: 20260317195001742195184uzADDWIY)', 'type': 'thunlp_api_error'}}
2026-03-17 19:50:01,698 - ERROR - 处理样本 54 失败: Error code: 401 - {'error': {'code': '', 'message': '[sk-47c***98e] 该令牌额度已用尽 !token.UnlimitedQuota && token.RemainQuota = -20154 (request id: 20260317195001742195184uzADDWIY)', 'type': 'thunlp_api_error'}}
2026-03-17 19:50:01,698 - INFO - 处理样本 55/393: 55
2026-03-17 19:50:02,463 - INFO - HTTP Request: POST https://toollearning.cn/v1/chat/completions "HTTP/1.1 401 Unauthorized"
2026-03-17 19:50:02,464 - ERROR - API调用错误: Error code: 401 - {'error': {'code': '', 'message': '[sk-47c***98e] 该令牌额度已用尽 !token.UnlimitedQuota && token.RemainQuota = -20154 (request id: 20260317195002574981108QLv4VsA7)', 'type': 'thunlp_api_error'}}
2026-03-17 19:50:02,464 - INFO - 等待3秒后重试...
2026-03-17 19:50:05,534 - INFO - HTTP Request: POST https://toollearning.cn/v1/chat/completions "HTTP/1.1 401 Unauthorized"
2026-03-17 19:50:05,535 - ERROR - API调用错误: Error code: 401 - {'error': {'code': '', 'message': '[sk-47c***98e] 该令牌额度已用尽 !token.UnlimitedQuota && token.RemainQuota = -20154 (request id: 202603171950056446424714tzXVAMy)', 'type': 'thunlp_api_error'}}
2026-03-17 19:50:05,535 - INFO - 等待3秒后重试...
2026-03-17 19:50:08,610 - INFO - HTTP Request: POST https://toollearning.cn/v1/chat/completions "HTTP/1.1 401 Unauthorized"
2026-03-17 19:50:08,611 - ERROR - API调用错误: Error code: 401 - {'error': {'code': '', 'message': '[sk-47c***98e] 该令牌额度已用尽 !token.UnlimitedQuota && token.RemainQuota = -20154 (request id: 20260317195008717289953VYlEHsq7)', 'type': 'thunlp_api_error'}}
2026-03-17 19:50:08,612 - ERROR - 处理样本 55 失败: Error code: 401 - {'error': {'code': '', 'message': '[sk-47c***98e] 该令牌额度已用尽 !token.UnlimitedQuota && token.RemainQuota = -20154 (request id: 20260317195008717289953VYlEHsq7)', 'type': 'thunlp_api_error'}}
2026-03-17 19:50:08,612 - INFO - 处理样本 56/393: 56
2026-03-17 19:50:09,408 - INFO - HTTP Request: POST https://toollearning.cn/v1/chat/completions "HTTP/1.1 401 Unauthorized"
2026-03-17 19:50:09,409 - ERROR - API调用错误: Error code: 401 - {'error': {'code': '', 'message': '[sk-47c***98e] 该令牌额度已用尽 !token.UnlimitedQuota && token.RemainQuota = -20154 (request id: 20260317195009414205734Nkq6ym5b)', 'type': 'thunlp_api_error'}}
2026-03-17 19:50:09,410 - INFO - 等待3秒后重试...
2026-03-17 19:50:12,479 - INFO - HTTP Request: POST https://toollearning.cn/v1/chat/completions "HTTP/1.1 401 Unauthorized"
2026-03-17 19:50:12,480 - ERROR - API调用错误: Error code: 401 - {'error': {'code': '', 'message': '[sk-47c***98e] 该令牌额度已用尽 !token.UnlimitedQuota && token.RemainQuota = -20154 (request id: 202603171950125940500075Cd4ANAS)', 'type': 'thunlp_api_error'}}
2026-03-17 19:50:12,480 - INFO - 等待3秒后重试...
2026-03-17 19:50:15,561 - INFO - HTTP Request: POST https://toollearning.cn/v1/chat/completions "HTTP/1.1 401 Unauthorized"
2026-03-17 19:50:15,563 - ERROR - API调用错误: Error code: 401 - {'error': {'code': '', 'message': '[sk-47c***98e] 该令牌额度已用尽 !token.UnlimitedQuota && token.RemainQuota = -20154 (request id: 20260317195015678963551Unc2neSs)', 'type': 'thunlp_api_error'}}
2026-03-17 19:50:15,563 - ERROR - 处理样本 56 失败: Error code: 401 - {'error': {'code': '', 'message': '[sk-47c***98e] 该令牌额度已用尽 !token.UnlimitedQuota && token.RemainQuota = -20154 (request id: 20260317195015678963551Unc2neSs)', 'type': 'thunlp_api_error'}}
2026-03-17 19:50:15,563 - INFO - 处理样本 57/393: 57
2026-03-17 19:50:16,471 - INFO - HTTP Request: POST https://toollearning.cn/v1/chat/completions "HTTP/1.1 401 Unauthorized"
2026-03-17 19:50:16,471 - ERROR - API调用错误: Error code: 401 - {'error': {'code': '', 'message': '[sk-47c***98e] 该令牌额度已用尽 !token.UnlimitedQuota && token.RemainQuota = -20154 (request id: 20260317195016574896115HO0X59xt)', 'type': 'thunlp_api_error'}}
2026-03-17 19:50:16,472 - INFO - 等待3秒后重试...
2026-03-17 19:50:19,547 - INFO - HTTP Request: POST https://toollearning.cn/v1/chat/completions "HTTP/1.1 401 Unauthorized"
2026-03-17 19:50:19,548 - ERROR - API调用错误: Error code: 401 - {'error': {'code': '', 'message': '[sk-47c***98e] 该令牌额度已用尽 !token.UnlimitedQuota && token.RemainQuota = -20154 (request id: 20260317195019657578154FY1D87wf)', 'type': 'thunlp_api_error'}}
2026-03-17 19:50:19,549 - INFO - 等待3秒后重试...
2026-03-17 19:50:22,617 - INFO - HTTP Request: POST https://toollearning.cn/v1/chat/completions "HTTP/1.1 401 Unauthorized"
2026-03-17 19:50:22,618 - ERROR - API调用错误: Error code: 401 - {'error': {'code': '', 'message': '[sk-47c***98e] 该令牌额度已用尽 !token.UnlimitedQuota && token.RemainQuota = -20154 (request id: 20260317195022729853617Q27MjyOT)', 'type': 'thunlp_api_error'}}
2026-03-17 19:50:22,619 - ERROR - 处理样本 57 失败: Error code: 401 - {'error': {'code': '', 'message': '[sk-47c***98e] 该令牌额度已用尽 !token.UnlimitedQuota && token.RemainQuota = -20154 (request id: 20260317195022729853617Q27MjyOT)', 'type': 'thunlp_api_error'}}
2026-03-17 19:50:22,619 - INFO - 处理样本 58/393: 58
2026-03-17 19:50:23,487 - INFO - HTTP Request: POST https://toollearning.cn/v1/chat/completions "HTTP/1.1 401 Unauthorized"
2026-03-17 19:50:23,488 - ERROR - API调用错误: Error code: 401 - {'error': {'code': '', 'message': '[sk-47c***98e] 该令牌额度已用尽 !token.UnlimitedQuota && token.RemainQuota = -20154 (request id: 20260317195023597792508Kmhw0swc)', 'type': 'thunlp_api_error'}}
2026-03-17 19:50:23,488 - INFO - 等待3秒后重试...
2026-03-17 19:50:26,581 - INFO - HTTP Request: POST https://toollearning.cn/v1/chat/completions "HTTP/1.1 401 Unauthorized"
2026-03-17 19:50:26,582 - ERROR - API调用错误: Error code: 401 - {'error': {'code': '', 'message': '[sk-47c***98e] 该令牌额度已用尽 !token.UnlimitedQuota && token.RemainQuota = -20154 (request id: 2026031719502668590269760oXTOlW)', 'type': 'thunlp_api_error'}}
2026-03-17 19:50:26,582 - INFO - 等待3秒后重试...
2026-03-17 19:50:29,685 - INFO - HTTP Request: POST https://toollearning.cn/v1/chat/completions "HTTP/1.1 401 Unauthorized"
2026-03-17 19:50:29,686 - ERROR - API调用错误: Error code: 401 - {'error': {'code': '', 'message': '[sk-47c***98e] 该令牌额度已用尽 !token.UnlimitedQuota && token.RemainQuota = -20154 (request id: 20260317195029778014880JdHSufh3)', 'type': 'thunlp_api_error'}}
2026-03-17 19:50:29,686 - ERROR - 处理样本 58 失败: Error code: 401 - {'error': {'code': '', 'message': '[sk-47c***98e] 该令牌额度已用尽 !token.UnlimitedQuota && token.RemainQuota = -20154 (request id: 20260317195029778014880JdHSufh3)', 'type': 'thunlp_api_error'}}
2026-03-17 19:50:29,687 - INFO - 处理样本 59/393: 59
2026-03-17 19:50:30,508 - INFO - HTTP Request: POST https://toollearning.cn/v1/chat/completions "HTTP/1.1 401 Unauthorized"
2026-03-17 19:50:30,509 - ERROR - API调用错误: Error code: 401 - {'error': {'code': '', 'message': '[sk-47c***98e] 该令牌额度已用尽 !token.UnlimitedQuota && token.RemainQuota = -20154 (request id: 202603171950306086398010J8888yS)', 'type': 'thunlp_api_error'}}
2026-03-17 19:50:30,510 - INFO - 等待3秒后重试...
2026-03-17 19:50:33,591 - INFO - HTTP Request: POST https://toollearning.cn/v1/chat/completions "HTTP/1.1 401 Unauthorized"
2026-03-17 19:50:33,592 - ERROR - API调用错误: Error code: 401 - {'error': {'code': '', 'message': '[sk-47c***98e] 该令牌额度已用尽 !token.UnlimitedQuota && token.RemainQuota = -20154 (request id: 202603171950337033959165zD7qxvX)', 'type': 'thunlp_api_error'}}
2026-03-17 19:50:33,592 - INFO - 等待3秒后重试...
2026-03-17 19:50:36,750 - INFO - HTTP Request: POST https://toollearning.cn/v1/chat/completions "HTTP/1.1 401 Unauthorized"
2026-03-17 19:50:36,760 - ERROR - API调用错误: Error code: 401 - {'error': {'code': '', 'message': '[sk-47c***98e] 该令牌额度已用尽 !token.UnlimitedQuota && token.RemainQuota = -20154 (request id: 20260317195036815612559MFfifadc)', 'type': 'thunlp_api_error'}}
2026-03-17 19:50:36,761 - ERROR - 处理样本 59 失败: Error code: 401 - {'error': {'code': '', 'message': '[sk-47c***98e] 该令牌额度已用尽 !token.UnlimitedQuota && token.RemainQuota = -20154 (request id: 20260317195036815612559MFfifadc)', 'type': 'thunlp_api_error'}}
2026-03-17 19:50:36,763 - INFO - 处理样本 60/393: 60
2026-03-17 19:50:37,644 - INFO - HTTP Request: POST https://toollearning.cn/v1/chat/completions "HTTP/1.1 401 Unauthorized"
2026-03-17 19:50:37,645 - ERROR - API调用错误: Error code: 401 - {'error': {'code': '', 'message': '[sk-47c***98e] 该令牌额度已用尽 !token.UnlimitedQuota && token.RemainQuota = -20154 (request id: 20260317195037760207396ZdeJ9xv4)', 'type': 'thunlp_api_error'}}
2026-03-17 19:50:37,645 - INFO - 等待3秒后重试...
2026-03-17 19:50:40,737 - INFO - HTTP Request: POST https://toollearning.cn/v1/chat/completions "HTTP/1.1 401 Unauthorized"
2026-03-17 19:50:40,738 - ERROR - API调用错误: Error code: 401 - {'error': {'code': '', 'message': '[sk-47c***98e] 该令牌额度已用尽 !token.UnlimitedQuota && token.RemainQuota = -20154 (request id: 20260317195040839807724HV3vTl7Q)', 'type': 'thunlp_api_error'}}
2026-03-17 19:50:40,738 - INFO - 等待3秒后重试...
2026-03-17 19:50:43,819 - INFO - HTTP Request: POST https://toollearning.cn/v1/chat/completions "HTTP/1.1 401 Unauthorized"
2026-03-17 19:50:43,820 - ERROR - API调用错误: Error code: 401 - {'error': {'code': '', 'message': '[sk-47c***98e] 该令牌额度已用尽 !token.UnlimitedQuota && token.RemainQuota = -20154 (request id: 20260317195043919759425AWutrrvW)', 'type': 'thunlp_api_error'}}
2026-03-17 19:50:43,820 - ERROR - 处理样本 60 失败: Error code: 401 - {'error': {'code': '', 'message': '[sk-47c***98e] 该令牌额度已用尽 !token.UnlimitedQuota && token.RemainQuota = -20154 (request id: 20260317195043919759425AWutrrvW)', 'type': 'thunlp_api_error'}}
2026-03-17 19:50:43,820 - INFO - 处理样本 61/393: 61
2026-03-17 19:50:44,602 - INFO - HTTP Request: POST https://toollearning.cn/v1/chat/completions "HTTP/1.1 401 Unauthorized"
2026-03-17 19:50:44,603 - ERROR - API调用错误: Error code: 401 - {'error': {'code': '', 'message': '[sk-47c***98e] 该令牌额度已用尽 !token.UnlimitedQuota && token.RemainQuota = -20154 (request id: 20260317195044716507531UlaHSSM4)', 'type': 'thunlp_api_error'}}
2026-03-17 19:50:44,603 - INFO - 等待3秒后重试...
2026-03-17 19:50:47,698 - INFO - HTTP Request: POST https://toollearning.cn/v1/chat/completions "HTTP/1.1 401 Unauthorized"
2026-03-17 19:50:47,699 - ERROR - API调用错误: Error code: 401 - {'error': {'code': '', 'message': '[sk-47c***98e] 该令牌额度已用尽 !token.UnlimitedQuota && token.RemainQuota = -20154 (request id: 20260317195047806120331lHO9Z5uB)', 'type': 'thunlp_api_error'}}
2026-03-17 19:50:47,699 - INFO - 等待3秒后重试...
2026-03-17 19:50:50,864 - INFO - HTTP Request: POST https://toollearning.cn/v1/chat/completions "HTTP/1.1 401 Unauthorized"
2026-03-17 19:50:50,866 - ERROR - API调用错误: Error code: 401 - {'error': {'code': '', 'message': '[sk-47c***98e] 该令牌额度已用尽 !token.UnlimitedQuota && token.RemainQuota = -20154 (request id: 20260317195050891062534qggZ3Esk)', 'type': 'thunlp_api_error'}}
2026-03-17 19:50:50,868 - ERROR - 处理样本 61 失败: Error code: 401 - {'error': {'code': '', 'message': '[sk-47c***98e] 该令牌额度已用尽 !token.UnlimitedQuota && token.RemainQuota = -20154 (request id: 20260317195050891062534qggZ3Esk)', 'type': 'thunlp_api_error'}}
2026-03-17 19:50:50,869 - INFO - 处理样本 62/393: 62
2026-03-17 19:50:51,931 - INFO - HTTP Request: POST https://toollearning.cn/v1/chat/completions "HTTP/1.1 401 Unauthorized"
2026-03-17 19:50:51,931 - ERROR - API调用错误: Error code: 401 - {'error': {'code': '', 'message': '[sk-47c***98e] 该令牌额度已用尽 !token.UnlimitedQuota && token.RemainQuota = -20154 (request id: 2026031719505247412441Pz313MBy)', 'type': 'thunlp_api_error'}}
2026-03-17 19:50:51,932 - INFO - 等待3秒后重试...
2026-03-17 19:50:55,028 - INFO - HTTP Request: POST https://toollearning.cn/v1/chat/completions "HTTP/1.1 401 Unauthorized"
2026-03-17 19:50:55,029 - ERROR - API调用错误: Error code: 401 - {'error': {'code': '', 'message': '[sk-47c***98e] 该令牌额度已用尽 !token.UnlimitedQuota && token.RemainQuota = -20154 (request id: 20260317195055132440085bRiJpj4D)', 'type': 'thunlp_api_error'}}
2026-03-17 19:50:55,030 - INFO - 等待3秒后重试...
2026-03-17 19:50:58,180 - INFO - HTTP Request: POST https://toollearning.cn/v1/chat/completions "HTTP/1.1 401 Unauthorized"
2026-03-17 19:50:58,182 - ERROR - API调用错误: Error code: 401 - {'error': {'code': '', 'message': '[sk-47c***98e] 该令牌额度已用尽 !token.UnlimitedQuota && token.RemainQuota = -20154 (request id: 202603171950582475159722BYo7kMe)', 'type': 'thunlp_api_error'}}
2026-03-17 19:50:58,183 - ERROR - 处理样本 62 失败: Error code: 401 - {'error': {'code': '', 'message': '[sk-47c***98e] 该令牌额度已用尽 !token.UnlimitedQuota && token.RemainQuota = -20154 (request id: 202603171950582475159722BYo7kMe)', 'type': 'thunlp_api_error'}}
2026-03-17 19:50:58,183 - INFO - 处理样本 63/393: 63
2026-03-17 19:50:59,135 - INFO - HTTP Request: POST https://toollearning.cn/v1/chat/completions "HTTP/1.1 401 Unauthorized"
2026-03-17 19:50:59,138 - ERROR - API调用错误: Error code: 401 - {'error': {'code': '', 'message': '[sk-47c***98e] 该令牌额度已用尽 !token.UnlimitedQuota && token.RemainQuota = -20154 (request id: 20260317195059229883710s5Pf3a8r)', 'type': 'thunlp_api_error'}}
2026-03-17 19:50:59,138 - INFO - 等待3秒后重试...
2026-03-17 19:51:02,215 - INFO - HTTP Request: POST https://toollearning.cn/v1/chat/completions "HTTP/1.1 401 Unauthorized"
2026-03-17 19:51:02,216 - ERROR - API调用错误: Error code: 401 - {'error': {'code': '', 'message': '[sk-47c***98e] 该令牌额度已用尽 !token.UnlimitedQuota && token.RemainQuota = -20154 (request id: 20260317195102324860938osITJRtG)', 'type': 'thunlp_api_error'}}
2026-03-17 19:51:02,216 - INFO - 等待3秒后重试...
2026-03-17 19:51:05,389 - INFO - HTTP Request: POST https://toollearning.cn/v1/chat/completions "HTTP/1.1 401 Unauthorized"
2026-03-17 19:51:05,391 - ERROR - API调用错误: Error code: 401 - {'error': {'code': '', 'message': '[sk-47c***98e] 该令牌额度已用尽 !token.UnlimitedQuota && token.RemainQuota = -20154 (request id: 20260317195105412699214FU6Friop)', 'type': 'thunlp_api_error'}}
2026-03-17 19:51:05,391 - ERROR - 处理样本 63 失败: Error code: 401 - {'error': {'code': '', 'message': '[sk-47c***98e] 该令牌额度已用尽 !token.UnlimitedQuota && token.RemainQuota = -20154 (request id: 20260317195105412699214FU6Friop)', 'type': 'thunlp_api_error'}}
2026-03-17 19:51:05,391 - INFO - 处理样本 64/393: 64
2026-03-17 19:51:06,400 - INFO - HTTP Request: POST https://toollearning.cn/v1/chat/completions "HTTP/1.1 401 Unauthorized"
2026-03-17 19:51:06,401 - ERROR - API调用错误: Error code: 401 - {'error': {'code': '', 'message': '[sk-47c***98e] 该令牌额度已用尽 !token.UnlimitedQuota && token.RemainQuota = -20154 (request id: 20260317195106497646873KJxjyQ7U)', 'type': 'thunlp_api_error'}}
2026-03-17 19:51:06,402 - INFO - 等待3秒后重试...
2026-03-17 19:51:09,477 - INFO - HTTP Request: POST https://toollearning.cn/v1/chat/completions "HTTP/1.1 401 Unauthorized"
2026-03-17 19:51:09,478 - ERROR - API调用错误: Error code: 401 - {'error': {'code': '', 'message': '[sk-47c***98e] 该令牌额度已用尽 !token.UnlimitedQuota && token.RemainQuota = -20154 (request id: 20260317195109589311139qDC2OacF)', 'type': 'thunlp_api_error'}}
2026-03-17 19:51:09,478 - INFO - 等待3秒后重试...
2026-03-17 19:51:12,606 - INFO - HTTP Request: POST https://toollearning.cn/v1/chat/completions "HTTP/1.1 401 Unauthorized"
2026-03-17 19:51:12,608 - ERROR - API调用错误: Error code: 401 - {'error': {'code': '', 'message': '[sk-47c***98e] 该令牌额度已用尽 !token.UnlimitedQuota && token.RemainQuota = -20154 (request id: 202603171951126768537123OiEeZ9G)', 'type': 'thunlp_api_error'}}
2026-03-17 19:51:12,608 - ERROR - 处理样本 64 失败: Error code: 401 - {'error': {'code': '', 'message': '[sk-47c***98e] 该令牌额度已用尽 !token.UnlimitedQuota && token.RemainQuota = -20154 (request id: 202603171951126768537123OiEeZ9G)', 'type': 'thunlp_api_error'}}
2026-03-17 19:51:12,608 - INFO - 处理样本 65/393: 65
2026-03-17 19:51:13,560 - INFO - HTTP Request: POST https://toollearning.cn/v1/chat/completions "HTTP/1.1 401 Unauthorized"
2026-03-17 19:51:13,561 - ERROR - API调用错误: Error code: 401 - {'error': {'code': '', 'message': '[sk-47c***98e] 该令牌额度已用尽 !token.UnlimitedQuota && token.RemainQuota = -20154 (request id: 202603171951136770728973vCCiTVu)', 'type': 'thunlp_api_error'}}
2026-03-17 19:51:13,561 - INFO - 等待3秒后重试...
2026-03-17 19:51:16,659 - INFO - HTTP Request: POST https://toollearning.cn/v1/chat/completions "HTTP/1.1 401 Unauthorized"
2026-03-17 19:51:16,661 - ERROR - API调用错误: Error code: 401 - {'error': {'code': '', 'message': '[sk-47c***98e] 该令牌额度已用尽 !token.UnlimitedQuota && token.RemainQuota = -20154 (request id: 20260317195116767751415Fr2bV3mK)', 'type': 'thunlp_api_error'}}
2026-03-17 19:51:16,661 - INFO - 等待3秒后重试...
2026-03-17 19:51:19,759 - INFO - HTTP Request: POST https://toollearning.cn/v1/chat/completions "HTTP/1.1 401 Unauthorized"
2026-03-17 19:51:19,760 - ERROR - API调用错误: Error code: 401 - {'error': {'code': '', 'message': '[sk-47c***98e] 该令牌额度已用尽 !token.UnlimitedQuota && token.RemainQuota = -20154 (request id: 20260317195119845182411IEZ4sSbb)', 'type': 'thunlp_api_error'}}
2026-03-17 19:51:19,760 - ERROR - 处理样本 65 失败: Error code: 401 - {'error': {'code': '', 'message': '[sk-47c***98e] 该令牌额度已用尽 !token.UnlimitedQuota && token.RemainQuota = -20154 (request id: 20260317195119845182411IEZ4sSbb)', 'type': 'thunlp_api_error'}}
2026-03-17 19:51:19,761 - INFO - 处理样本 66/393: 66
2026-03-17 19:51:20,607 - INFO - HTTP Request: POST https://toollearning.cn/v1/chat/completions "HTTP/1.1 401 Unauthorized"
2026-03-17 19:51:20,608 - ERROR - API调用错误: Error code: 401 - {'error': {'code': '', 'message': '[sk-47c***98e] 该令牌额度已用尽 !token.UnlimitedQuota && token.RemainQuota = -20154 (request id: 20260317195120687502197A8Jjb8tU)', 'type': 'thunlp_api_error'}}
2026-03-17 19:51:20,608 - INFO - 等待3秒后重试...
2026-03-17 19:51:23,762 - INFO - HTTP Request: POST https://toollearning.cn/v1/chat/completions "HTTP/1.1 401 Unauthorized"
2026-03-17 19:51:23,763 - ERROR - API调用错误: Error code: 401 - {'error': {'code': '', 'message': '[sk-47c***98e] 该令牌额度已用尽 !token.UnlimitedQuota && token.RemainQuota = -20154 (request id: 20260317195123807543781Q3fNCGtZ)', 'type': 'thunlp_api_error'}}
2026-03-17 19:51:23,763 - INFO - 等待3秒后重试...
2026-03-17 19:51:26,909 - INFO - HTTP Request: POST https://toollearning.cn/v1/chat/completions "HTTP/1.1 401 Unauthorized"
2026-03-17 19:51:26,916 - ERROR - API调用错误: Error code: 401 - {'error': {'code': '', 'message': '[sk-47c***98e] 该令牌额度已用尽 !token.UnlimitedQuota && token.RemainQuota = -20154 (request id: 2026031719512722594625I3tDIkg3)', 'type': 'thunlp_api_error'}}
2026-03-17 19:51:26,932 - ERROR - 处理样本 66 失败: Error code: 401 - {'error': {'code': '', 'message': '[sk-47c***98e] 该令牌额度已用尽 !token.UnlimitedQuota && token.RemainQuota = -20154 (request id: 2026031719512722594625I3tDIkg3)', 'type': 'thunlp_api_error'}}
2026-03-17 19:51:26,933 - INFO - 处理样本 67/393: 67
2026-03-17 19:51:27,767 - INFO - HTTP Request: POST https://toollearning.cn/v1/chat/completions "HTTP/1.1 401 Unauthorized"
2026-03-17 19:51:27,768 - ERROR - API调用错误: Error code: 401 - {'error': {'code': '', 'message': '[sk-47c***98e] 该令牌额度已用尽 !token.UnlimitedQuota && token.RemainQuota = -20154 (request id: 20260317195127880205770jlfdPJAV)', 'type': 'thunlp_api_error'}}
2026-03-17 19:51:27,768 - INFO - 等待3秒后重试...
2026-03-17 19:51:30,885 - INFO - HTTP Request: POST https://toollearning.cn/v1/chat/completions "HTTP/1.1 401 Unauthorized"
2026-03-17 19:51:30,887 - ERROR - API调用错误: Error code: 401 - {'error': {'code': '', 'message': '[sk-47c***98e] 该令牌额度已用尽 !token.UnlimitedQuota && token.RemainQuota = -20154 (request id: 20260317195130953186693qCnWJ0eS)', 'type': 'thunlp_api_error'}}
2026-03-17 19:51:30,889 - INFO - 等待3秒后重试...
2026-03-17 19:51:33,998 - INFO - HTTP Request: POST https://toollearning.cn/v1/chat/completions "HTTP/1.1 401 Unauthorized"
2026-03-17 19:51:33,999 - ERROR - API调用错误: Error code: 401 - {'error': {'code': '', 'message': '[sk-47c***98e] 该令牌额度已用尽 !token.UnlimitedQuota && token.RemainQuota = -20154 (request id: 2026031719513480114380aTRVVGlL)', 'type': 'thunlp_api_error'}}
2026-03-17 19:51:33,999 - ERROR - 处理样本 67 失败: Error code: 401 - {'error': {'code': '', 'message': '[sk-47c***98e] 该令牌额度已用尽 !token.UnlimitedQuota && token.RemainQuota = -20154 (request id: 2026031719513480114380aTRVVGlL)', 'type': 'thunlp_api_error'}}
2026-03-17 19:51:33,999 - INFO - 处理样本 68/393: 68
2026-03-17 19:51:34,654 - INFO - HTTP Request: POST https://toollearning.cn/v1/chat/completions "HTTP/1.1 401 Unauthorized"
2026-03-17 19:51:34,655 - ERROR - API调用错误: Error code: 401 - {'error': {'code': '', 'message': '[sk-47c***98e] 该令牌额度已用尽 !token.UnlimitedQuota && token.RemainQuota = -20154 (request id: 20260317195134765151919L3Fsg9Y8)', 'type': 'thunlp_api_error'}}
2026-03-17 19:51:34,655 - INFO - 等待3秒后重试...
2026-03-17 19:51:37,745 - INFO - HTTP Request: POST https://toollearning.cn/v1/chat/completions "HTTP/1.1 401 Unauthorized"
2026-03-17 19:51:37,746 - ERROR - API调用错误: Error code: 401 - {'error': {'code': '', 'message': '[sk-47c***98e] 该令牌额度已用尽 !token.UnlimitedQuota && token.RemainQuota = -20154 (request id: 20260317195137847036087UQuYNt5r)', 'type': 'thunlp_api_error'}}
2026-03-17 19:51:37,746 - INFO - 等待3秒后重试...
2026-03-17 19:51:40,849 - INFO - HTTP Request: POST https://toollearning.cn/v1/chat/completions "HTTP/1.1 401 Unauthorized"
2026-03-17 19:51:40,850 - ERROR - API调用错误: Error code: 401 - {'error': {'code': '', 'message': '[sk-47c***98e] 该令牌额度已用尽 !token.UnlimitedQuota && token.RemainQuota = -20154 (request id: 2026031719514093726844781m8sPin)', 'type': 'thunlp_api_error'}}
2026-03-17 19:51:40,850 - ERROR - 处理样本 68 失败: Error code: 401 - {'error': {'code': '', 'message': '[sk-47c***98e] 该令牌额度已用尽 !token.UnlimitedQuota && token.RemainQuota = -20154 (request id: 2026031719514093726844781m8sPin)', 'type': 'thunlp_api_error'}}
2026-03-17 19:51:40,850 - INFO - 处理样本 69/393: 69
2026-03-17 19:51:41,799 - INFO - HTTP Request: POST https://toollearning.cn/v1/chat/completions "HTTP/1.1 401 Unauthorized"
2026-03-17 19:51:41,800 - ERROR - API调用错误: Error code: 401 - {'error': {'code': '', 'message': '[sk-47c***98e] 该令牌额度已用尽 !token.UnlimitedQuota && token.RemainQuota = -20154 (request id: 20260317195141817962520auSmR3xk)', 'type': 'thunlp_api_error'}}
2026-03-17 19:51:41,801 - INFO - 等待3秒后重试...
2026-03-17 19:51:44,899 - INFO - HTTP Request: POST https://toollearning.cn/v1/chat/completions "HTTP/1.1 401 Unauthorized"
2026-03-17 19:51:44,899 - ERROR - API调用错误: Error code: 401 - {'error': {'code': '', 'message': '[sk-47c***98e] 该令牌额度已用尽 !token.UnlimitedQuota && token.RemainQuota = -20154 (request id: 202603171951452737778KM7YVA2r)', 'type': 'thunlp_api_error'}}
2026-03-17 19:51:44,900 - INFO - 等待3秒后重试...
2026-03-17 19:51:48,019 - INFO - HTTP Request: POST https://toollearning.cn/v1/chat/completions "HTTP/1.1 401 Unauthorized"
2026-03-17 19:51:48,021 - ERROR - API调用错误: Error code: 401 - {'error': {'code': '', 'message': '[sk-47c***98e] 该令牌额度已用尽 !token.UnlimitedQuota && token.RemainQuota = -20154 (request id: 20260317195148859436184yu7V8Fo)', 'type': 'thunlp_api_error'}}
2026-03-17 19:51:48,021 - ERROR - 处理样本 69 失败: Error code: 401 - {'error': {'code': '', 'message': '[sk-47c***98e] 该令牌额度已用尽 !token.UnlimitedQuota && token.RemainQuota = -20154 (request id: 20260317195148859436184yu7V8Fo)', 'type': 'thunlp_api_error'}}
2026-03-17 19:51:48,021 - INFO - 处理样本 70/393: 70
2026-03-17 19:51:48,962 - INFO - HTTP Request: POST https://toollearning.cn/v1/chat/completions "HTTP/1.1 401 Unauthorized"
2026-03-17 19:51:48,963 - ERROR - API调用错误: Error code: 401 - {'error': {'code': '', 'message': '[sk-47c***98e] 该令牌额度已用尽 !token.UnlimitedQuota && token.RemainQuota = -20154 (request id: 20260317195149215069444bJ37NkU)', 'type': 'thunlp_api_error'}}
2026-03-17 19:51:48,964 - INFO - 等待3秒后重试...
2026-03-17 19:51:52,089 - INFO - HTTP Request: POST https://toollearning.cn/v1/chat/completions "HTTP/1.1 401 Unauthorized"
2026-03-17 19:51:52,090 - ERROR - API调用错误: Error code: 401 - {'error': {'code': '', 'message': '[sk-47c***98e] 该令牌额度已用尽 !token.UnlimitedQuota && token.RemainQuota = -20154 (request id: 20260317195152156412011reDBU9d8)', 'type': 'thunlp_api_error'}}
2026-03-17 19:51:52,090 - INFO - 等待3秒后重试...
2026-03-17 19:51:55,235 - INFO - HTTP Request: POST https://toollearning.cn/v1/chat/completions "HTTP/1.1 401 Unauthorized"
2026-03-17 19:51:55,236 - ERROR - API调用错误: Error code: 401 - {'error': {'code': '', 'message': '[sk-47c***98e] 该令牌额度已用尽 !token.UnlimitedQuota && token.RemainQuota = -20154 (request id: 2026031719515528480540981ihDxpL)', 'type': 'thunlp_api_error'}}
2026-03-17 19:51:55,237 - ERROR - 处理样本 70 失败: Error code: 401 - {'error': {'code': '', 'message': '[sk-47c***98e] 该令牌额度已用尽 !token.UnlimitedQuota && token.RemainQuota = -20154 (request id: 2026031719515528480540981ihDxpL)', 'type': 'thunlp_api_error'}}
2026-03-17 19:51:55,237 - INFO - 处理样本 71/393: 71
2026-03-17 19:51:56,102 - INFO - HTTP Request: POST https://toollearning.cn/v1/chat/completions "HTTP/1.1 401 Unauthorized"
2026-03-17 19:51:56,103 - ERROR - API调用错误: Error code: 401 - {'error': {'code': '', 'message': '[sk-47c***98e] 该令牌额度已用尽 !token.UnlimitedQuota && token.RemainQuota = -20154 (request id: 20260317195156152855592ns5SYo9D)', 'type': 'thunlp_api_error'}}
2026-03-17 19:51:56,103 - INFO - 等待3秒后重试...
2026-03-17 19:51:59,182 - INFO - HTTP Request: POST https://toollearning.cn/v1/chat/completions "HTTP/1.1 401 Unauthorized"
2026-03-17 19:51:59,184 - ERROR - API调用错误: Error code: 401 - {'error': {'code': '', 'message': '[sk-47c***98e] 该令牌额度已用尽 !token.UnlimitedQuota && token.RemainQuota = -20154 (request id: 20260317195159293476601oAcwG0Pq)', 'type': 'thunlp_api_error'}}
2026-03-17 19:51:59,184 - INFO - 等待3秒后重试...
2026-03-17 19:52:02,361 - INFO - HTTP Request: POST https://toollearning.cn/v1/chat/completions "HTTP/1.1 401 Unauthorized"
2026-03-17 19:52:02,362 - ERROR - API调用错误: Error code: 401 - {'error': {'code': '', 'message': '[sk-47c***98e] 该令牌额度已用尽 !token.UnlimitedQuota && token.RemainQuota = -20154 (request id: 20260317195202383115263zZlKOZN8)', 'type': 'thunlp_api_error'}}
2026-03-17 19:52:02,362 - ERROR - 处理样本 71 失败: Error code: 401 - {'error': {'code': '', 'message': '[sk-47c***98e] 该令牌额度已用尽 !token.UnlimitedQuota && token.RemainQuota = -20154 (request id: 20260317195202383115263zZlKOZN8)', 'type': 'thunlp_api_error'}}
2026-03-17 19:52:02,362 - INFO - 处理样本 72/393: 72
2026-03-17 19:52:03,141 - INFO - HTTP Request: POST https://toollearning.cn/v1/chat/completions "HTTP/1.1 401 Unauthorized"
2026-03-17 19:52:03,143 - ERROR - API调用错误: Error code: 401 - {'error': {'code': '', 'message': '[sk-47c***98e] 该令牌额度已用尽 !token.UnlimitedQuota && token.RemainQuota = -20154 (request id: 20260317195203235105087aHjvVU56)', 'type': 'thunlp_api_error'}}
2026-03-17 19:52:03,154 - INFO - 等待3秒后重试...
2026-03-17 19:52:06,250 - INFO - HTTP Request: POST https://toollearning.cn/v1/chat/completions "HTTP/1.1 401 Unauthorized"
2026-03-17 19:52:06,251 - ERROR - API调用错误: Error code: 401 - {'error': {'code': '', 'message': '[sk-47c***98e] 该令牌额度已用尽 !token.UnlimitedQuota && token.RemainQuota = -20154 (request id: 20260317195206350801085GWPIDlLY)', 'type': 'thunlp_api_error'}}
2026-03-17 19:52:06,252 - INFO - 等待3秒后重试...
2026-03-17 19:52:09,333 - INFO - HTTP Request: POST https://toollearning.cn/v1/chat/completions "HTTP/1.1 401 Unauthorized"
2026-03-17 19:52:09,335 - ERROR - API调用错误: Error code: 401 - {'error': {'code': '', 'message': '[sk-47c***98e] 该令牌额度已用尽 !token.UnlimitedQuota && token.RemainQuota = -20154 (request id: 202603171952094435231962xBvdhvB)', 'type': 'thunlp_api_error'}}
2026-03-17 19:52:09,336 - ERROR - 处理样本 72 失败: Error code: 401 - {'error': {'code': '', 'message': '[sk-47c***98e] 该令牌额度已用尽 !token.UnlimitedQuota && token.RemainQuota = -20154 (request id: 202603171952094435231962xBvdhvB)', 'type': 'thunlp_api_error'}}
2026-03-17 19:52:09,336 - INFO - 处理样本 73/393: 73
2026-03-17 19:52:10,236 - INFO - HTTP Request: POST https://toollearning.cn/v1/chat/completions "HTTP/1.1 401 Unauthorized"
2026-03-17 19:52:10,237 - ERROR - API调用错误: Error code: 401 - {'error': {'code': '', 'message': '[sk-47c***98e] 该令牌额度已用尽 !token.UnlimitedQuota && token.RemainQuota = -20154 (request id: 20260317195210220432398icAEgCA8)', 'type': 'thunlp_api_error'}}
2026-03-17 19:52:10,237 - INFO - 等待3秒后重试...
2026-03-17 19:52:13,363 - INFO - HTTP Request: POST https://toollearning.cn/v1/chat/completions "HTTP/1.1 401 Unauthorized"
2026-03-17 19:52:13,365 - ERROR - API调用错误: Error code: 401 - {'error': {'code': '', 'message': '[sk-47c***98e] 该令牌额度已用尽 !token.UnlimitedQuota && token.RemainQuota = -20154 (request id: 2026031719521344547428571SJLXjI)', 'type': 'thunlp_api_error'}}
2026-03-17 19:52:13,365 - INFO - 等待3秒后重试...
2026-03-17 19:52:16,461 - INFO - HTTP Request: POST https://toollearning.cn/v1/chat/completions "HTTP/1.1 401 Unauthorized"
2026-03-17 19:52:16,462 - ERROR - API调用错误: Error code: 401 - {'error': {'code': '', 'message': '[sk-47c***98e] 该令牌额度已用尽 !token.UnlimitedQuota && token.RemainQuota = -20154 (request id: 202603171952165704471402qMTaN2l)', 'type': 'thunlp_api_error'}}
2026-03-17 19:52:16,462 - ERROR - 处理样本 73 失败: Error code: 401 - {'error': {'code': '', 'message': '[sk-47c***98e] 该令牌额度已用尽 !token.UnlimitedQuota && token.RemainQuota = -20154 (request id: 202603171952165704471402qMTaN2l)', 'type': 'thunlp_api_error'}}
2026-03-17 19:52:16,462 - INFO - 处理样本 74/393: 74
2026-03-17 19:52:17,357 - INFO - HTTP Request: POST https://toollearning.cn/v1/chat/completions "HTTP/1.1 401 Unauthorized"
2026-03-17 19:52:17,358 - ERROR - API调用错误: Error code: 401 - {'error': {'code': '', 'message': '[sk-47c***98e] 该令牌额度已用尽 !token.UnlimitedQuota && token.RemainQuota = -20154 (request id: 20260317195217450703425eFaawhZZ)', 'type': 'thunlp_api_error'}}
2026-03-17 19:52:17,358 - INFO - 等待3秒后重试...
2026-03-17 19:52:20,532 - INFO - HTTP Request: POST https://toollearning.cn/v1/chat/completions "HTTP/1.1 401 Unauthorized"
2026-03-17 19:52:20,533 - ERROR - API调用错误: Error code: 401 - {'error': {'code': '', 'message': '[sk-47c***98e] 该令牌额度已用尽 !token.UnlimitedQuota && token.RemainQuota = -20154 (request id: 20260317195220568352375NtPBZRzX)', 'type': 'thunlp_api_error'}}
2026-03-17 19:52:20,534 - INFO - 等待3秒后重试...
2026-03-17 19:52:23,705 - INFO - HTTP Request: POST https://toollearning.cn/v1/chat/completions "HTTP/1.1 401 Unauthorized"
2026-03-17 19:52:23,706 - ERROR - API调用错误: Error code: 401 - {'error': {'code': '', 'message': '[sk-47c***98e] 该令牌额度已用尽 !token.UnlimitedQuota && token.RemainQuota = -20154 (request id: 20260317195223732698963dtRNklc3)', 'type': 'thunlp_api_error'}}
2026-03-17 19:52:23,706 - ERROR - 处理样本 74 失败: Error code: 401 - {'error': {'code': '', 'message': '[sk-47c***98e] 该令牌额度已用尽 !token.UnlimitedQuota && token.RemainQuota = -20154 (request id: 20260317195223732698963dtRNklc3)', 'type': 'thunlp_api_error'}}
2026-03-17 19:52:23,706 - INFO - 处理样本 75/393: 75
2026-03-17 19:52:24,621 - INFO - HTTP Request: POST https://toollearning.cn/v1/chat/completions "HTTP/1.1 401 Unauthorized"
2026-03-17 19:52:24,622 - ERROR - API调用错误: Error code: 401 - {'error': {'code': '', 'message': '[sk-47c***98e] 该令牌额度已用尽 !token.UnlimitedQuota && token.RemainQuota = -20154 (request id: 202603171952247383460037ZNjf35R)', 'type': 'thunlp_api_error'}}
2026-03-17 19:52:24,622 - INFO - 等待3秒后重试...
2026-03-17 19:52:27,820 - INFO - HTTP Request: POST https://toollearning.cn/v1/chat/completions "HTTP/1.1 401 Unauthorized"
2026-03-17 19:52:27,821 - ERROR - API调用错误: Error code: 401 - {'error': {'code': '', 'message': '[sk-47c***98e] 该令牌额度已用尽 !token.UnlimitedQuota && token.RemainQuota = -20154 (request id: 20260317195227888466232AFL3wN2h)', 'type': 'thunlp_api_error'}}
2026-03-17 19:52:27,822 - INFO - 等待3秒后重试...
2026-03-17 19:52:30,964 - INFO - HTTP Request: POST https://toollearning.cn/v1/chat/completions "HTTP/1.1 401 Unauthorized"
2026-03-17 19:52:30,965 - ERROR - API调用错误: Error code: 401 - {'error': {'code': '', 'message': '[sk-47c***98e] 该令牌额度已用尽 !token.UnlimitedQuota && token.RemainQuota = -20154 (request id: 2026031719523127897756LCzIgM1b)', 'type': 'thunlp_api_error'}}
2026-03-17 19:52:30,965 - ERROR - 处理样本 75 失败: Error code: 401 - {'error': {'code': '', 'message': '[sk-47c***98e] 该令牌额度已用尽 !token.UnlimitedQuota && token.RemainQuota = -20154 (request id: 2026031719523127897756LCzIgM1b)', 'type': 'thunlp_api_error'}}
2026-03-17 19:52:30,966 - INFO - 处理样本 76/393: 76
2026-03-17 19:52:32,103 - INFO - HTTP Request: POST https://toollearning.cn/v1/chat/completions "HTTP/1.1 401 Unauthorized"
2026-03-17 19:52:32,104 - ERROR - API调用错误: Error code: 401 - {'error': {'code': '', 'message': '[sk-47c***98e] 该令牌额度已用尽 !token.UnlimitedQuota && token.RemainQuota = -20154 (request id: 20260317195232210943472BTNBuSER)', 'type': 'thunlp_api_error'}}
2026-03-17 19:52:32,104 - INFO - 等待3秒后重试...
2026-03-17 19:52:35,281 - INFO - HTTP Request: POST https://toollearning.cn/v1/chat/completions "HTTP/1.1 401 Unauthorized"
2026-03-17 19:52:35,282 - ERROR - API调用错误: Error code: 401 - {'error': {'code': '', 'message': '[sk-47c***98e] 该令牌额度已用尽 !token.UnlimitedQuota && token.RemainQuota = -20154 (request id: 20260317195235295804510aQKEO4Mq)', 'type': 'thunlp_api_error'}}
2026-03-17 19:52:35,282 - INFO - 等待3秒后重试...
2026-03-17 19:52:38,372 - INFO - HTTP Request: POST https://toollearning.cn/v1/chat/completions "HTTP/1.1 401 Unauthorized"
2026-03-17 19:52:38,373 - ERROR - API调用错误: Error code: 401 - {'error': {'code': '', 'message': '[sk-47c***98e] 该令牌额度已用尽 !token.UnlimitedQuota && token.RemainQuota = -20154 (request id: 20260317195238471248358ylZNtFtk)', 'type': 'thunlp_api_error'}}
2026-03-17 19:52:38,373 - ERROR - 处理样本 76 失败: Error code: 401 - {'error': {'code': '', 'message': '[sk-47c***98e] 该令牌额度已用尽 !token.UnlimitedQuota && token.RemainQuota = -20154 (request id: 20260317195238471248358ylZNtFtk)', 'type': 'thunlp_api_error'}}
2026-03-17 19:52:38,374 - INFO - 处理样本 77/393: 77
2026-03-17 19:52:39,626 - INFO - HTTP Request: POST https://toollearning.cn/v1/chat/completions "HTTP/1.1 401 Unauthorized"
2026-03-17 19:52:39,627 - ERROR - API调用错误: Error code: 401 - {'error': {'code': '', 'message': '[sk-47c***98e] 该令牌额度已用尽 !token.UnlimitedQuota && token.RemainQuota = -20154 (request id: 20260317195239713105638j6qTL6jg)', 'type': 'thunlp_api_error'}}
2026-03-17 19:52:39,628 - INFO - 等待3秒后重试...
2026-03-17 19:52:42,728 - INFO - HTTP Request: POST https://toollearning.cn/v1/chat/completions "HTTP/1.1 401 Unauthorized"
2026-03-17 19:52:42,729 - ERROR - API调用错误: Error code: 401 - {'error': {'code': '', 'message': '[sk-47c***98e] 该令牌额度已用尽 !token.UnlimitedQuota && token.RemainQuota = -20154 (request id: 20260317195242840660120nSA66a18)', 'type': 'thunlp_api_error'}}
2026-03-17 19:52:42,729 - INFO - 等待3秒后重试...
2026-03-17 19:52:45,839 - INFO - HTTP Request: POST https://toollearning.cn/v1/chat/completions "HTTP/1.1 401 Unauthorized"
2026-03-17 19:52:45,840 - ERROR - API调用错误: Error code: 401 - {'error': {'code': '', 'message': '[sk-47c***98e] 该令牌额度已用尽 !token.UnlimitedQuota && token.RemainQuota = -20154 (request id: 20260317195245918369204I28IhKbU)', 'type': 'thunlp_api_error'}}
2026-03-17 19:52:45,841 - ERROR - 处理样本 77 失败: Error code: 401 - {'error': {'code': '', 'message': '[sk-47c***98e] 该令牌额度已用尽 !token.UnlimitedQuota && token.RemainQuota = -20154 (request id: 20260317195245918369204I28IhKbU)', 'type': 'thunlp_api_error'}}
2026-03-17 19:52:45,841 - INFO - 处理样本 78/393: 78
2026-03-17 19:52:46,745 - INFO - HTTP Request: POST https://toollearning.cn/v1/chat/completions "HTTP/1.1 401 Unauthorized"
2026-03-17 19:52:46,746 - ERROR - API调用错误: Error code: 401 - {'error': {'code': '', 'message': '[sk-47c***98e] 该令牌额度已用尽 !token.UnlimitedQuota && token.RemainQuota = -20154 (request id: 20260317195246834908220zErXKdlv)', 'type': 'thunlp_api_error'}}
2026-03-17 19:52:46,747 - INFO - 等待3秒后重试...
2026-03-17 19:52:49,930 - INFO - HTTP Request: POST https://toollearning.cn/v1/chat/completions "HTTP/1.1 401 Unauthorized"
2026-03-17 19:52:49,930 - ERROR - API调用错误: Error code: 401 - {'error': {'code': '', 'message': '[sk-47c***98e] 该令牌额度已用尽 !token.UnlimitedQuota && token.RemainQuota = -20154 (request id: 20260317195249938000555hGtjXSXr)', 'type': 'thunlp_api_error'}}
2026-03-17 19:52:49,930 - INFO - 等待3秒后重试...
2026-03-17 19:52:53,017 - INFO - HTTP Request: POST https://toollearning.cn/v1/chat/completions "HTTP/1.1 401 Unauthorized"
2026-03-17 19:52:53,018 - ERROR - API调用错误: Error code: 401 - {'error': {'code': '', 'message': '[sk-47c***98e] 该令牌额度已用尽 !token.UnlimitedQuota && token.RemainQuota = -20154 (request id: 20260317195253120122205SvUFPSuk)', 'type': 'thunlp_api_error'}}
2026-03-17 19:52:53,019 - ERROR - 处理样本 78 失败: Error code: 401 - {'error': {'code': '', 'message': '[sk-47c***98e] 该令牌额度已用尽 !token.UnlimitedQuota && token.RemainQuota = -20154 (request id: 20260317195253120122205SvUFPSuk)', 'type': 'thunlp_api_error'}}
2026-03-17 19:52:53,019 - INFO - 处理样本 79/393: 79
2026-03-17 19:52:54,031 - INFO - HTTP Request: POST https://toollearning.cn/v1/chat/completions "HTTP/1.1 401 Unauthorized"
2026-03-17 19:52:54,032 - ERROR - API调用错误: Error code: 401 - {'error': {'code': '', 'message': '[sk-47c***98e] 该令牌额度已用尽 !token.UnlimitedQuota && token.RemainQuota = -20154 (request id: 20260317195254145428801HtDq8vrq)', 'type': 'thunlp_api_error'}}
2026-03-17 19:52:54,033 - INFO - 等待3秒后重试...
2026-03-17 19:52:57,163 - INFO - HTTP Request: POST https://toollearning.cn/v1/chat/completions "HTTP/1.1 401 Unauthorized"
2026-03-17 19:52:57,164 - ERROR - API调用错误: Error code: 401 - {'error': {'code': '', 'message': '[sk-47c***98e] 该令牌额度已用尽 !token.UnlimitedQuota && token.RemainQuota = -20154 (request id: 20260317195257236128671ldM5fzlr)', 'type': 'thunlp_api_error'}}
2026-03-17 19:52:57,164 - INFO - 等待3秒后重试...
2026-03-17 19:53:00,243 - INFO - HTTP Request: POST https://toollearning.cn/v1/chat/completions "HTTP/1.1 401 Unauthorized"
2026-03-17 19:53:00,244 - ERROR - API调用错误: Error code: 401 - {'error': {'code': '', 'message': '[sk-47c***98e] 该令牌额度已用尽 !token.UnlimitedQuota && token.RemainQuota = -20154 (request id: 20260317195300361249488CAJv5Xyr)', 'type': 'thunlp_api_error'}}
2026-03-17 19:53:00,244 - ERROR - 处理样本 79 失败: Error code: 401 - {'error': {'code': '', 'message': '[sk-47c***98e] 该令牌额度已用尽 !token.UnlimitedQuota && token.RemainQuota = -20154 (request id: 20260317195300361249488CAJv5Xyr)', 'type': 'thunlp_api_error'}}
2026-03-17 19:53:00,245 - INFO - 处理样本 80/393: 80
2026-03-17 19:53:01,037 - INFO - HTTP Request: POST https://toollearning.cn/v1/chat/completions "HTTP/1.1 401 Unauthorized"
2026-03-17 19:53:01,038 - ERROR - API调用错误: Error code: 401 - {'error': {'code': '', 'message': '[sk-47c***98e] 该令牌额度已用尽 !token.UnlimitedQuota && token.RemainQuota = -20154 (request id: 20260317195301149911632rjLCLCMq)', 'type': 'thunlp_api_error'}}
2026-03-17 19:53:01,038 - INFO - 等待3秒后重试...
2026-03-17 19:53:04,117 - INFO - HTTP Request: POST https://toollearning.cn/v1/chat/completions "HTTP/1.1 401 Unauthorized"
2026-03-17 19:53:04,118 - ERROR - API调用错误: Error code: 401 - {'error': {'code': '', 'message': '[sk-47c***98e] 该令牌额度已用尽 !token.UnlimitedQuota && token.RemainQuota = -20154 (request id: 20260317195304227720950xmxTe5Ez)', 'type': 'thunlp_api_error'}}
2026-03-17 19:53:04,118 - INFO - 等待3秒后重试...
2026-03-17 19:53:07,224 - INFO - HTTP Request: POST https://toollearning.cn/v1/chat/completions "HTTP/1.1 401 Unauthorized"
2026-03-17 19:53:07,225 - ERROR - API调用错误: Error code: 401 - {'error': {'code': '', 'message': '[sk-47c***98e] 该令牌额度已用尽 !token.UnlimitedQuota && token.RemainQuota = -20154 (request id: 20260317195307324569007vAbBUJM8)', 'type': 'thunlp_api_error'}}
2026-03-17 19:53:07,226 - ERROR - 处理样本 80 失败: Error code: 401 - {'error': {'code': '', 'message': '[sk-47c***98e] 该令牌额度已用尽 !token.UnlimitedQuota && token.RemainQuota = -20154 (request id: 20260317195307324569007vAbBUJM8)', 'type': 'thunlp_api_error'}}
2026-03-17 19:53:07,226 - INFO - 处理样本 81/393: 81
2026-03-17 19:53:07,922 - INFO - HTTP Request: POST https://toollearning.cn/v1/chat/completions "HTTP/1.1 401 Unauthorized"
2026-03-17 19:53:07,923 - ERROR - API调用错误: Error code: 401 - {'error': {'code': '', 'message': '[sk-47c***98e] 该令牌额度已用尽 !token.UnlimitedQuota && token.RemainQuota = -20154 (request id: 2026031719530835697923KFqL2RrG)', 'type': 'thunlp_api_error'}}
2026-03-17 19:53:07,923 - INFO - 等待3秒后重试...
2026-03-17 19:53:11,138 - INFO - HTTP Request: POST https://toollearning.cn/v1/chat/completions "HTTP/1.1 401 Unauthorized"
2026-03-17 19:53:11,139 - ERROR - API调用错误: Error code: 401 - {'error': {'code': '', 'message': '[sk-47c***98e] 该令牌额度已用尽 !token.UnlimitedQuota && token.RemainQuota = -20154 (request id: 20260317195311195462221fgX0Hi2X)', 'type': 'thunlp_api_error'}}
2026-03-17 19:53:11,139 - INFO - 等待3秒后重试...
2026-03-17 19:53:14,244 - INFO - HTTP Request: POST https://toollearning.cn/v1/chat/completions "HTTP/1.1 401 Unauthorized"
2026-03-17 19:53:14,245 - ERROR - API调用错误: Error code: 401 - {'error': {'code': '', 'message': '[sk-47c***98e] 该令牌额度已用尽 !token.UnlimitedQuota && token.RemainQuota = -20154 (request id: 202603171953143253206151tsRSxVG)', 'type': 'thunlp_api_error'}}
2026-03-17 19:53:14,246 - ERROR - 处理样本 81 失败: Error code: 401 - {'error': {'code': '', 'message': '[sk-47c***98e] 该令牌额度已用尽 !token.UnlimitedQuota && token.RemainQuota = -20154 (request id: 202603171953143253206151tsRSxVG)', 'type': 'thunlp_api_error'}}
2026-03-17 19:53:14,246 - INFO - 处理样本 82/393: 82
2026-03-17 19:53:15,169 - INFO - HTTP Request: POST https://toollearning.cn/v1/chat/completions "HTTP/1.1 401 Unauthorized"
2026-03-17 19:53:15,170 - ERROR - API调用错误: Error code: 401 - {'error': {'code': '', 'message': '[sk-47c***98e] 该令牌额度已用尽 !token.UnlimitedQuota && token.RemainQuota = -20154 (request id: 20260317195315260071653nzlAb8SB)', 'type': 'thunlp_api_error'}}
2026-03-17 19:53:15,170 - INFO - 等待3秒后重试...
2026-03-17 19:53:18,261 - INFO - HTTP Request: POST https://toollearning.cn/v1/chat/completions "HTTP/1.1 401 Unauthorized"
2026-03-17 19:53:18,262 - ERROR - API调用错误: Error code: 401 - {'error': {'code': '', 'message': '[sk-47c***98e] 该令牌额度已用尽 !token.UnlimitedQuota && token.RemainQuota = -20154 (request id: 202603171953183674419639kM6nzSR)', 'type': 'thunlp_api_error'}}
2026-03-17 19:53:18,263 - INFO - 等待3秒后重试...
2026-03-17 19:53:21,477 - INFO - HTTP Request: POST https://toollearning.cn/v1/chat/completions "HTTP/1.1 401 Unauthorized"
2026-03-17 19:53:21,477 - ERROR - API调用错误: Error code: 401 - {'error': {'code': '', 'message': '[sk-47c***98e] 该令牌额度已用尽 !token.UnlimitedQuota && token.RemainQuota = -20154 (request id: 20260317195321584580580lCRgGa9V)', 'type': 'thunlp_api_error'}}
2026-03-17 19:53:21,478 - ERROR - 处理样本 82 失败: Error code: 401 - {'error': {'code': '', 'message': '[sk-47c***98e] 该令牌额度已用尽 !token.UnlimitedQuota && token.RemainQuota = -20154 (request id: 20260317195321584580580lCRgGa9V)', 'type': 'thunlp_api_error'}}
2026-03-17 19:53:21,478 - INFO - 处理样本 83/393: 83
2026-03-17 19:53:22,175 - INFO - HTTP Request: POST https://toollearning.cn/v1/chat/completions "HTTP/1.1 401 Unauthorized"
2026-03-17 19:53:22,176 - ERROR - API调用错误: Error code: 401 - {'error': {'code': '', 'message': '[sk-47c***98e] 该令牌额度已用尽 !token.UnlimitedQuota && token.RemainQuota = -20154 (request id: 20260317195322284711324pAhKrb7M)', 'type': 'thunlp_api_error'}}
2026-03-17 19:53:22,176 - INFO - 等待3秒后重试...
2026-03-17 19:53:25,431 - INFO - HTTP Request: POST https://toollearning.cn/v1/chat/completions "HTTP/1.1 401 Unauthorized"
2026-03-17 19:53:25,431 - ERROR - API调用错误: Error code: 401 - {'error': {'code': '', 'message': '[sk-47c***98e] 该令牌额度已用尽 !token.UnlimitedQuota && token.RemainQuota = -20154 (request id: 20260317195325394188226alPt5KcY)', 'type': 'thunlp_api_error'}}
2026-03-17 19:53:25,432 - INFO - 等待3秒后重试...
2026-03-17 19:53:28,588 - INFO - HTTP Request: POST https://toollearning.cn/v1/chat/completions "HTTP/1.1 401 Unauthorized"
2026-03-17 19:53:28,589 - ERROR - API调用错误: Error code: 401 - {'error': {'code': '', 'message': '[sk-47c***98e] 该令牌额度已用尽 !token.UnlimitedQuota && token.RemainQuota = -20154 (request id: 202603171953286324325214KrmhhLF)', 'type': 'thunlp_api_error'}}
2026-03-17 19:53:28,590 - ERROR - 处理样本 83 失败: Error code: 401 - {'error': {'code': '', 'message': '[sk-47c***98e] 该令牌额度已用尽 !token.UnlimitedQuota && token.RemainQuota = -20154 (request id: 202603171953286324325214KrmhhLF)', 'type': 'thunlp_api_error'}}
2026-03-17 19:53:28,590 - INFO - 处理样本 84/393: 84
2026-03-17 19:53:29,448 - INFO - HTTP Request: POST https://toollearning.cn/v1/chat/completions "HTTP/1.1 401 Unauthorized"
2026-03-17 19:53:29,449 - ERROR - API调用错误: Error code: 401 - {'error': {'code': '', 'message': '[sk-47c***98e] 该令牌额度已用尽 !token.UnlimitedQuota && token.RemainQuota = -20154 (request id: 202603171953295582903075yKx8yn8)', 'type': 'thunlp_api_error'}}
2026-03-17 19:53:29,449 - INFO - 等待3秒后重试...
2026-03-17 19:53:32,535 - INFO - HTTP Request: POST https://toollearning.cn/v1/chat/completions "HTTP/1.1 401 Unauthorized"
2026-03-17 19:53:32,535 - ERROR - API调用错误: Error code: 401 - {'error': {'code': '', 'message': '[sk-47c***98e] 该令牌额度已用尽 !token.UnlimitedQuota && token.RemainQuota = -20154 (request id: 20260317195332632988833Um7BwtXW)', 'type': 'thunlp_api_error'}}
2026-03-17 19:53:32,536 - INFO - 等待3秒后重试...
2026-03-17 19:53:35,638 - INFO - HTTP Request: POST https://toollearning.cn/v1/chat/completions "HTTP/1.1 401 Unauthorized"
2026-03-17 19:53:35,638 - ERROR - API调用错误: Error code: 401 - {'error': {'code': '', 'message': '[sk-47c***98e] 该令牌额度已用尽 !token.UnlimitedQuota && token.RemainQuota = -20154 (request id: 20260317195335727825626BdL5O4Xh)', 'type': 'thunlp_api_error'}}
2026-03-17 19:53:35,639 - ERROR - 处理样本 84 失败: Error code: 401 - {'error': {'code': '', 'message': '[sk-47c***98e] 该令牌额度已用尽 !token.UnlimitedQuota && token.RemainQuota = -20154 (request id: 20260317195335727825626BdL5O4Xh)', 'type': 'thunlp_api_error'}}
2026-03-17 19:53:35,639 - INFO - 处理样本 85/393: 85
2026-03-17 19:53:36,325 - INFO - HTTP Request: POST https://toollearning.cn/v1/chat/completions "HTTP/1.1 401 Unauthorized"
2026-03-17 19:53:36,326 - ERROR - API调用错误: Error code: 401 - {'error': {'code': '', 'message': '[sk-47c***98e] 该令牌额度已用尽 !token.UnlimitedQuota && token.RemainQuota = -20154 (request id: 20260317195336429674216W4G9IiDL)', 'type': 'thunlp_api_error'}}
2026-03-17 19:53:36,326 - INFO - 等待3秒后重试...
2026-03-17 19:53:39,445 - INFO - HTTP Request: POST https://toollearning.cn/v1/chat/completions "HTTP/1.1 401 Unauthorized"
2026-03-17 19:53:39,447 - ERROR - API调用错误: Error code: 401 - {'error': {'code': '', 'message': '[sk-47c***98e] 该令牌额度已用尽 !token.UnlimitedQuota && token.RemainQuota = -20154 (request id: 20260317195339515050209UbUudBGQ)', 'type': 'thunlp_api_error'}}
2026-03-17 19:53:39,447 - INFO - 等待3秒后重试...
2026-03-17 19:53:42,520 - INFO - HTTP Request: POST https://toollearning.cn/v1/chat/completions "HTTP/1.1 401 Unauthorized"
2026-03-17 19:53:42,521 - ERROR - API调用错误: Error code: 401 - {'error': {'code': '', 'message': '[sk-47c***98e] 该令牌额度已用尽 !token.UnlimitedQuota && token.RemainQuota = -20154 (request id: 20260317195342632787306r5ISZ7tW)', 'type': 'thunlp_api_error'}}
2026-03-17 19:53:42,522 - ERROR - 处理样本 85 失败: Error code: 401 - {'error': {'code': '', 'message': '[sk-47c***98e] 该令牌额度已用尽 !token.UnlimitedQuota && token.RemainQuota = -20154 (request id: 20260317195342632787306r5ISZ7tW)', 'type': 'thunlp_api_error'}}
2026-03-17 19:53:42,522 - INFO - 处理样本 86/393: 86
2026-03-17 19:53:43,232 - INFO - HTTP Request: POST https://toollearning.cn/v1/chat/completions "HTTP/1.1 401 Unauthorized"
2026-03-17 19:53:43,234 - ERROR - API调用错误: Error code: 401 - {'error': {'code': '', 'message': '[sk-47c***98e] 该令牌额度已用尽 !token.UnlimitedQuota && token.RemainQuota = -20154 (request id: 202603171953433226930104khmGbrl)', 'type': 'thunlp_api_error'}}
2026-03-17 19:53:43,235 - INFO - 等待3秒后重试...
2026-03-17 19:53:46,307 - INFO - HTTP Request: POST https://toollearning.cn/v1/chat/completions "HTTP/1.1 401 Unauthorized"
2026-03-17 19:53:46,308 - ERROR - API调用错误: Error code: 401 - {'error': {'code': '', 'message': '[sk-47c***98e] 该令牌额度已用尽 !token.UnlimitedQuota && token.RemainQuota = -20154 (request id: 20260317195346419655523yMk9qy3l)', 'type': 'thunlp_api_error'}}
2026-03-17 19:53:46,308 - INFO - 等待3秒后重试...
2026-03-17 19:53:49,479 - INFO - HTTP Request: POST https://toollearning.cn/v1/chat/completions "HTTP/1.1 401 Unauthorized"
2026-03-17 19:53:49,479 - ERROR - API调用错误: Error code: 401 - {'error': {'code': '', 'message': '[sk-47c***98e] 该令牌额度已用尽 !token.UnlimitedQuota && token.RemainQuota = -20154 (request id: 20260317195349494719788U0zQmJGe)', 'type': 'thunlp_api_error'}}
2026-03-17 19:53:49,480 - ERROR - 处理样本 86 失败: Error code: 401 - {'error': {'code': '', 'message': '[sk-47c***98e] 该令牌额度已用尽 !token.UnlimitedQuota && token.RemainQuota = -20154 (request id: 20260317195349494719788U0zQmJGe)', 'type': 'thunlp_api_error'}}
2026-03-17 19:53:49,480 - INFO - 处理样本 87/393: 87
2026-03-17 19:53:50,233 - INFO - HTTP Request: POST https://toollearning.cn/v1/chat/completions "HTTP/1.1 401 Unauthorized"
2026-03-17 19:53:50,234 - ERROR - API调用错误: Error code: 401 - {'error': {'code': '', 'message': '[sk-47c***98e] 该令牌额度已用尽 !token.UnlimitedQuota && token.RemainQuota = -20154 (request id: 20260317195350327658179szoI2yhi)', 'type': 'thunlp_api_error'}}
2026-03-17 19:53:50,234 - INFO - 等待3秒后重试...
2026-03-17 19:53:53,355 - INFO - HTTP Request: POST https://toollearning.cn/v1/chat/completions "HTTP/1.1 401 Unauthorized"
2026-03-17 19:53:53,356 - ERROR - API调用错误: Error code: 401 - {'error': {'code': '', 'message': '[sk-47c***98e] 该令牌额度已用尽 !token.UnlimitedQuota && token.RemainQuota = -20154 (request id: 20260317195353435034896N9lmNRsY)', 'type': 'thunlp_api_error'}}
2026-03-17 19:53:53,357 - INFO - 等待3秒后重试...
2026-03-17 19:53:56,436 - INFO - HTTP Request: POST https://toollearning.cn/v1/chat/completions "HTTP/1.1 401 Unauthorized"
2026-03-17 19:53:56,437 - ERROR - API调用错误: Error code: 401 - {'error': {'code': '', 'message': '[sk-47c***98e] 该令牌额度已用尽 !token.UnlimitedQuota && token.RemainQuota = -20154 (request id: 20260317195356545201165pWUcrPT3)', 'type': 'thunlp_api_error'}}
2026-03-17 19:53:56,437 - ERROR - 处理样本 87 失败: Error code: 401 - {'error': {'code': '', 'message': '[sk-47c***98e] 该令牌额度已用尽 !token.UnlimitedQuota && token.RemainQuota = -20154 (request id: 20260317195356545201165pWUcrPT3)', 'type': 'thunlp_api_error'}}
2026-03-17 19:53:56,437 - INFO - 处理样本 88/393: 88
2026-03-17 19:53:57,161 - INFO - HTTP Request: POST https://toollearning.cn/v1/chat/completions "HTTP/1.1 401 Unauthorized"
2026-03-17 19:53:57,162 - ERROR - API调用错误: Error code: 401 - {'error': {'code': '', 'message': '[sk-47c***98e] 该令牌额度已用尽 !token.UnlimitedQuota && token.RemainQuota = -20154 (request id: 20260317195357275164406ovk3Ehr9)', 'type': 'thunlp_api_error'}}
2026-03-17 19:53:57,162 - INFO - 等待3秒后重试...
2026-03-17 19:54:00,245 - INFO - HTTP Request: POST https://toollearning.cn/v1/chat/completions "HTTP/1.1 401 Unauthorized"
2026-03-17 19:54:00,246 - ERROR - API调用错误: Error code: 401 - {'error': {'code': '', 'message': '[sk-47c***98e] 该令牌额度已用尽 !token.UnlimitedQuota && token.RemainQuota = -20154 (request id: 20260317195400355429594PYv8g50d)', 'type': 'thunlp_api_error'}}
2026-03-17 19:54:00,247 - INFO - 等待3秒后重试...
2026-03-17 19:54:03,340 - INFO - HTTP Request: POST https://toollearning.cn/v1/chat/completions "HTTP/1.1 401 Unauthorized"
2026-03-17 19:54:03,341 - ERROR - API调用错误: Error code: 401 - {'error': {'code': '', 'message': '[sk-47c***98e] 该令牌额度已用尽 !token.UnlimitedQuota && token.RemainQuota = -20154 (request id: 20260317195403439948596UXhkuH1S)', 'type': 'thunlp_api_error'}}
2026-03-17 19:54:03,342 - ERROR - 处理样本 88 失败: Error code: 401 - {'error': {'code': '', 'message': '[sk-47c***98e] 该令牌额度已用尽 !token.UnlimitedQuota && token.RemainQuota = -20154 (request id: 20260317195403439948596UXhkuH1S)', 'type': 'thunlp_api_error'}}
2026-03-17 19:54:03,342 - INFO - 处理样本 89/393: 89
2026-03-17 19:54:04,005 - INFO - HTTP Request: POST https://toollearning.cn/v1/chat/completions "HTTP/1.1 401 Unauthorized"
2026-03-17 19:54:04,006 - ERROR - API调用错误: Error code: 401 - {'error': {'code': '', 'message': '[sk-47c***98e] 该令牌额度已用尽 !token.UnlimitedQuota && token.RemainQuota = -20154 (request id: 2026031719540412022233145t6WgkC)', 'type': 'thunlp_api_error'}}
2026-03-17 19:54:04,007 - INFO - 等待3秒后重试...
2026-03-17 19:54:07,088 - INFO - HTTP Request: POST https://toollearning.cn/v1/chat/completions "HTTP/1.1 401 Unauthorized"
2026-03-17 19:54:07,089 - ERROR - API调用错误: Error code: 401 - {'error': {'code': '', 'message': '[sk-47c***98e] 该令牌额度已用尽 !token.UnlimitedQuota && token.RemainQuota = -20154 (request id: 20260317195407190618088CT92eFW5)', 'type': 'thunlp_api_error'}}
2026-03-17 19:54:07,089 - INFO - 等待3秒后重试...
2026-03-17 19:54:10,168 - INFO - HTTP Request: POST https://toollearning.cn/v1/chat/completions "HTTP/1.1 401 Unauthorized"
2026-03-17 19:54:10,169 - ERROR - API调用错误: Error code: 401 - {'error': {'code': '', 'message': '[sk-47c***98e] 该令牌额度已用尽 !token.UnlimitedQuota && token.RemainQuota = -20154 (request id: 202603171954102803975098QtpRWsQ)', 'type': 'thunlp_api_error'}}
2026-03-17 19:54:10,169 - ERROR - 处理样本 89 失败: Error code: 401 - {'error': {'code': '', 'message': '[sk-47c***98e] 该令牌额度已用尽 !token.UnlimitedQuota && token.RemainQuota = -20154 (request id: 202603171954102803975098QtpRWsQ)', 'type': 'thunlp_api_error'}}
2026-03-17 19:54:10,169 - INFO - 处理样本 90/393: 90
2026-03-17 19:54:10,857 - INFO - HTTP Request: POST https://toollearning.cn/v1/chat/completions "HTTP/1.1 401 Unauthorized"
2026-03-17 19:54:10,858 - ERROR - API调用错误: Error code: 401 - {'error': {'code': '', 'message': '[sk-47c***98e] 该令牌额度已用尽 !token.UnlimitedQuota && token.RemainQuota = -20154 (request id: 20260317195410970682626Cm29q6sp)', 'type': 'thunlp_api_error'}}
2026-03-17 19:54:10,858 - INFO - 等待3秒后重试...
2026-03-17 19:54:13,959 - INFO - HTTP Request: POST https://toollearning.cn/v1/chat/completions "HTTP/1.1 401 Unauthorized"
2026-03-17 19:54:13,959 - ERROR - API调用错误: Error code: 401 - {'error': {'code': '', 'message': '[sk-47c***98e] 该令牌额度已用尽 !token.UnlimitedQuota && token.RemainQuota = -20154 (request id: 2026031719541470605857qWJCKMOl)', 'type': 'thunlp_api_error'}}
2026-03-17 19:54:13,960 - INFO - 等待3秒后重试...
2026-03-17 19:54:17,078 - INFO - HTTP Request: POST https://toollearning.cn/v1/chat/completions "HTTP/1.1 401 Unauthorized"
2026-03-17 19:54:17,079 - ERROR - API调用错误: Error code: 401 - {'error': {'code': '', 'message': '[sk-47c***98e] 该令牌额度已用尽 !token.UnlimitedQuota && token.RemainQuota = -20154 (request id: 20260317195417165386627XCWBOngx)', 'type': 'thunlp_api_error'}}
2026-03-17 19:54:17,079 - ERROR - 处理样本 90 失败: Error code: 401 - {'error': {'code': '', 'message': '[sk-47c***98e] 该令牌额度已用尽 !token.UnlimitedQuota && token.RemainQuota = -20154 (request id: 20260317195417165386627XCWBOngx)', 'type': 'thunlp_api_error'}}
2026-03-17 19:54:17,079 - INFO - 处理样本 91/393: 91
2026-03-17 19:54:18,187 - INFO - HTTP Request: POST https://toollearning.cn/v1/chat/completions "HTTP/1.1 401 Unauthorized"
2026-03-17 19:54:18,188 - ERROR - API调用错误: Error code: 401 - {'error': {'code': '', 'message': '[sk-47c***98e] 该令牌额度已用尽 !token.UnlimitedQuota && token.RemainQuota = -20154 (request id: 2026031719541829023574262ZJ0be3)', 'type': 'thunlp_api_error'}}
2026-03-17 19:54:18,188 - INFO - 等待3秒后重试...
2026-03-17 19:54:21,282 - INFO - HTTP Request: POST https://toollearning.cn/v1/chat/completions "HTTP/1.1 401 Unauthorized"
2026-03-17 19:54:21,282 - ERROR - API调用错误: Error code: 401 - {'error': {'code': '', 'message': '[sk-47c***98e] 该令牌额度已用尽 !token.UnlimitedQuota && token.RemainQuota = -20154 (request id: 20260317195421394810612V88JyVVa)', 'type': 'thunlp_api_error'}}
2026-03-17 19:54:21,283 - INFO - 等待3秒后重试...
2026-03-17 19:54:24,391 - INFO - HTTP Request: POST https://toollearning.cn/v1/chat/completions "HTTP/1.1 401 Unauthorized"
2026-03-17 19:54:24,392 - ERROR - API调用错误: Error code: 401 - {'error': {'code': '', 'message': '[sk-47c***98e] 该令牌额度已用尽 !token.UnlimitedQuota && token.RemainQuota = -20154 (request id: 20260317195424470459493l0obbjVk)', 'type': 'thunlp_api_error'}}
2026-03-17 19:54:24,392 - ERROR - 处理样本 91 失败: Error code: 401 - {'error': {'code': '', 'message': '[sk-47c***98e] 该令牌额度已用尽 !token.UnlimitedQuota && token.RemainQuota = -20154 (request id: 20260317195424470459493l0obbjVk)', 'type': 'thunlp_api_error'}}
2026-03-17 19:54:24,392 - INFO - 处理样本 92/393: 92
2026-03-17 19:54:25,332 - INFO - HTTP Request: POST https://toollearning.cn/v1/chat/completions "HTTP/1.1 401 Unauthorized"
2026-03-17 19:54:25,333 - ERROR - API调用错误: Error code: 401 - {'error': {'code': '', 'message': '[sk-47c***98e] 该令牌额度已用尽 !token.UnlimitedQuota && token.RemainQuota = -20154 (request id: 202603171954254449662693zCaoVAI)', 'type': 'thunlp_api_error'}}
2026-03-17 19:54:25,333 - INFO - 等待3秒后重试...
2026-03-17 19:54:28,447 - INFO - HTTP Request: POST https://toollearning.cn/v1/chat/completions "HTTP/1.1 401 Unauthorized"
2026-03-17 19:54:28,447 - ERROR - API调用错误: Error code: 401 - {'error': {'code': '', 'message': '[sk-47c***98e] 该令牌额度已用尽 !token.UnlimitedQuota && token.RemainQuota = -20154 (request id: 20260317195428535079272T4gaubj2)', 'type': 'thunlp_api_error'}}
2026-03-17 19:54:28,448 - INFO - 等待3秒后重试...
2026-03-17 19:54:31,603 - INFO - HTTP Request: POST https://toollearning.cn/v1/chat/completions "HTTP/1.1 401 Unauthorized"
2026-03-17 19:54:31,603 - ERROR - API调用错误: Error code: 401 - {'error': {'code': '', 'message': '[sk-47c***98e] 该令牌额度已用尽 !token.UnlimitedQuota && token.RemainQuota = -20154 (request id: 20260317195431665342766zr1Fv7zf)', 'type': 'thunlp_api_error'}}
2026-03-17 19:54:31,604 - ERROR - 处理样本 92 失败: Error code: 401 - {'error': {'code': '', 'message': '[sk-47c***98e] 该令牌额度已用尽 !token.UnlimitedQuota && token.RemainQuota = -20154 (request id: 20260317195431665342766zr1Fv7zf)', 'type': 'thunlp_api_error'}}
2026-03-17 19:54:31,604 - INFO - 处理样本 93/393: 93
2026-03-17 19:54:32,708 - INFO - HTTP Request: POST https://toollearning.cn/v1/chat/completions "HTTP/1.1 401 Unauthorized"
2026-03-17 19:54:32,710 - ERROR - API调用错误: Error code: 401 - {'error': {'code': '', 'message': '[sk-47c***98e] 该令牌额度已用尽 !token.UnlimitedQuota && token.RemainQuota = -20154 (request id: 20260317195432822143801rLNwYCKx)', 'type': 'thunlp_api_error'}}
2026-03-17 19:54:32,710 - INFO - 等待3秒后重试...
2026-03-17 19:54:35,852 - INFO - HTTP Request: POST https://toollearning.cn/v1/chat/completions "HTTP/1.1 401 Unauthorized"
2026-03-17 19:54:35,853 - ERROR - API调用错误: Error code: 401 - {'error': {'code': '', 'message': '[sk-47c***98e] 该令牌额度已用尽 !token.UnlimitedQuota && token.RemainQuota = -20154 (request id: 20260317195435897622097PbUhiEWg)', 'type': 'thunlp_api_error'}}
2026-03-17 19:54:35,854 - INFO - 等待3秒后重试...
2026-03-17 19:54:38,939 - INFO - HTTP Request: POST https://toollearning.cn/v1/chat/completions "HTTP/1.1 401 Unauthorized"
2026-03-17 19:54:38,940 - ERROR - API调用错误: Error code: 401 - {'error': {'code': '', 'message': '[sk-47c***98e] 该令牌额度已用尽 !token.UnlimitedQuota && token.RemainQuota = -20154 (request id: 20260317195439472470023pGir3R7)', 'type': 'thunlp_api_error'}}
2026-03-17 19:54:38,941 - ERROR - 处理样本 93 失败: Error code: 401 - {'error': {'code': '', 'message': '[sk-47c***98e] 该令牌额度已用尽 !token.UnlimitedQuota && token.RemainQuota = -20154 (request id: 20260317195439472470023pGir3R7)', 'type': 'thunlp_api_error'}}
2026-03-17 19:54:38,941 - INFO - 处理样本 94/393: 94
2026-03-17 19:54:39,567 - INFO - HTTP Request: POST https://toollearning.cn/v1/chat/completions "HTTP/1.1 401 Unauthorized"
2026-03-17 19:54:39,567 - ERROR - API调用错误: Error code: 401 - {'error': {'code': '', 'message': '[sk-47c***98e] 该令牌额度已用尽 !token.UnlimitedQuota && token.RemainQuota = -20154 (request id: 20260317195439684478273HIbalPT4)', 'type': 'thunlp_api_error'}}
2026-03-17 19:54:39,568 - INFO - 等待3秒后重试...
2026-03-17 19:54:42,764 - INFO - HTTP Request: POST https://toollearning.cn/v1/chat/completions "HTTP/1.1 401 Unauthorized"
2026-03-17 19:54:42,765 - ERROR - API调用错误: Error code: 401 - {'error': {'code': '', 'message': '[sk-47c***98e] 该令牌额度已用尽 !token.UnlimitedQuota && token.RemainQuota = -20154 (request id: 20260317195442834494929CjRgCPWy)', 'type': 'thunlp_api_error'}}
2026-03-17 19:54:42,766 - INFO - 等待3秒后重试...
2026-03-17 19:54:45,853 - INFO - HTTP Request: POST https://toollearning.cn/v1/chat/completions "HTTP/1.1 401 Unauthorized"
2026-03-17 19:54:45,854 - ERROR - API调用错误: Error code: 401 - {'error': {'code': '', 'message': '[sk-47c***98e] 该令牌额度已用尽 !token.UnlimitedQuota && token.RemainQuota = -20154 (request id: 20260317195445959558817Ipu320ki)', 'type': 'thunlp_api_error'}}
2026-03-17 19:54:45,855 - ERROR - 处理样本 94 失败: Error code: 401 - {'error': {'code': '', 'message': '[sk-47c***98e] 该令牌额度已用尽 !token.UnlimitedQuota && token.RemainQuota = -20154 (request id: 20260317195445959558817Ipu320ki)', 'type': 'thunlp_api_error'}}
2026-03-17 19:54:45,855 - INFO - 处理样本 95/393: 95
2026-03-17 19:54:46,652 - INFO - HTTP Request: POST https://toollearning.cn/v1/chat/completions "HTTP/1.1 401 Unauthorized"
2026-03-17 19:54:46,653 - ERROR - API调用错误: Error code: 401 - {'error': {'code': '', 'message': '[sk-47c***98e] 该令牌额度已用尽 !token.UnlimitedQuota && token.RemainQuota = -20154 (request id: 20260317195446742380530vZuX69g0)', 'type': 'thunlp_api_error'}}
2026-03-17 19:54:46,653 - INFO - 等待3秒后重试...
2026-03-17 19:54:49,773 - INFO - HTTP Request: POST https://toollearning.cn/v1/chat/completions "HTTP/1.1 401 Unauthorized"
2026-03-17 19:54:49,774 - ERROR - API调用错误: Error code: 401 - {'error': {'code': '', 'message': '[sk-47c***98e] 该令牌额度已用尽 !token.UnlimitedQuota && token.RemainQuota = -20154 (request id: 20260317195449877836744VVxUKYz0)', 'type': 'thunlp_api_error'}}
2026-03-17 19:54:49,774 - INFO - 等待3秒后重试...
2026-03-17 19:54:52,920 - INFO - HTTP Request: POST https://toollearning.cn/v1/chat/completions "HTTP/1.1 401 Unauthorized"
2026-03-17 19:54:52,921 - ERROR - API调用错误: Error code: 401 - {'error': {'code': '', 'message': '[sk-47c***98e] 该令牌额度已用尽 !token.UnlimitedQuota && token.RemainQuota = -20154 (request id: 20260317195452973427107yGE5g3EF)', 'type': 'thunlp_api_error'}}
2026-03-17 19:54:52,921 - ERROR - 处理样本 95 失败: Error code: 401 - {'error': {'code': '', 'message': '[sk-47c***98e] 该令牌额度已用尽 !token.UnlimitedQuota && token.RemainQuota = -20154 (request id: 20260317195452973427107yGE5g3EF)', 'type': 'thunlp_api_error'}}
2026-03-17 19:54:52,922 - INFO - 处理样本 96/393: 96
2026-03-17 19:54:53,943 - INFO - HTTP Request: POST https://toollearning.cn/v1/chat/completions "HTTP/1.1 401 Unauthorized"
2026-03-17 19:54:53,944 - ERROR - API调用错误: Error code: 401 - {'error': {'code': '', 'message': '[sk-47c***98e] 该令牌额度已用尽 !token.UnlimitedQuota && token.RemainQuota = -20154 (request id: 2026031719545442202973TPsfP1aO)', 'type': 'thunlp_api_error'}}
2026-03-17 19:54:53,944 - INFO - 等待3秒后重试...
2026-03-17 19:54:57,022 - INFO - HTTP Request: POST https://toollearning.cn/v1/chat/completions "HTTP/1.1 401 Unauthorized"
2026-03-17 19:54:57,023 - ERROR - API调用错误: Error code: 401 - {'error': {'code': '', 'message': '[sk-47c***98e] 该令牌额度已用尽 !token.UnlimitedQuota && token.RemainQuota = -20154 (request id: 20260317195457137566055DwN640OQ)', 'type': 'thunlp_api_error'}}
2026-03-17 19:54:57,023 - INFO - 等待3秒后重试...
2026-03-17 19:55:00,294 - INFO - HTTP Request: POST https://toollearning.cn/v1/chat/completions "HTTP/1.1 401 Unauthorized"
2026-03-17 19:55:00,295 - ERROR - API调用错误: Error code: 401 - {'error': {'code': '', 'message': '[sk-47c***98e] 该令牌额度已用尽 !token.UnlimitedQuota && token.RemainQuota = -20154 (request id: 20260317195500217197647TyrmlX3X)', 'type': 'thunlp_api_error'}}
2026-03-17 19:55:00,295 - ERROR - 处理样本 96 失败: Error code: 401 - {'error': {'code': '', 'message': '[sk-47c***98e] 该令牌额度已用尽 !token.UnlimitedQuota && token.RemainQuota = -20154 (request id: 20260317195500217197647TyrmlX3X)', 'type': 'thunlp_api_error'}}
2026-03-17 19:55:00,295 - INFO - 处理样本 97/393: 97
2026-03-17 19:55:01,298 - INFO - HTTP Request: POST https://toollearning.cn/v1/chat/completions "HTTP/1.1 401 Unauthorized"
2026-03-17 19:55:01,299 - ERROR - API调用错误: Error code: 401 - {'error': {'code': '', 'message': '[sk-47c***98e] 该令牌额度已用尽 !token.UnlimitedQuota && token.RemainQuota = -20154 (request id: 20260317195501394074829UF9yq5u7)', 'type': 'thunlp_api_error'}}
2026-03-17 19:55:01,300 - INFO - 等待3秒后重试...
2026-03-17 19:55:04,493 - INFO - HTTP Request: POST https://toollearning.cn/v1/chat/completions "HTTP/1.1 401 Unauthorized"
2026-03-17 19:55:04,494 - ERROR - API调用错误: Error code: 401 - {'error': {'code': '', 'message': '[sk-47c***98e] 该令牌额度已用尽 !token.UnlimitedQuota && token.RemainQuota = -20154 (request id: 202603171955045137173952R8jStOv)', 'type': 'thunlp_api_error'}}
2026-03-17 19:55:04,494 - INFO - 等待3秒后重试...
2026-03-17 19:55:07,753 - INFO - HTTP Request: POST https://toollearning.cn/v1/chat/completions "HTTP/1.1 401 Unauthorized"
2026-03-17 19:55:07,754 - ERROR - API调用错误: Error code: 401 - {'error': {'code': '', 'message': '[sk-47c***98e] 该令牌额度已用尽 !token.UnlimitedQuota && token.RemainQuota = -20154 (request id: 20260317195507708927932PbnBPFqs)', 'type': 'thunlp_api_error'}}
2026-03-17 19:55:07,754 - ERROR - 处理样本 97 失败: Error code: 401 - {'error': {'code': '', 'message': '[sk-47c***98e] 该令牌额度已用尽 !token.UnlimitedQuota && token.RemainQuota = -20154 (request id: 20260317195507708927932PbnBPFqs)', 'type': 'thunlp_api_error'}}
2026-03-17 19:55:07,754 - INFO - 处理样本 98/393: 98
2026-03-17 19:55:08,675 - INFO - HTTP Request: POST https://toollearning.cn/v1/chat/completions "HTTP/1.1 401 Unauthorized"
2026-03-17 19:55:08,676 - ERROR - API调用错误: Error code: 401 - {'error': {'code': '', 'message': '[sk-47c***98e] 该令牌额度已用尽 !token.UnlimitedQuota && token.RemainQuota = -20154 (request id: 20260317195508762883779UJaWGMC6)', 'type': 'thunlp_api_error'}}
2026-03-17 19:55:08,676 - INFO - 等待3秒后重试...
2026-03-17 19:55:11,761 - INFO - HTTP Request: POST https://toollearning.cn/v1/chat/completions "HTTP/1.1 401 Unauthorized"
2026-03-17 19:55:11,761 - ERROR - API调用错误: Error code: 401 - {'error': {'code': '', 'message': '[sk-47c***98e] 该令牌额度已用尽 !token.UnlimitedQuota && token.RemainQuota = -20154 (request id: 20260317195511877965987s78Pc35z)', 'type': 'thunlp_api_error'}}
2026-03-17 19:55:11,762 - INFO - 等待3秒后重试...
2026-03-17 19:55:14,848 - INFO - HTTP Request: POST https://toollearning.cn/v1/chat/completions "HTTP/1.1 401 Unauthorized"
2026-03-17 19:55:14,850 - ERROR - API调用错误: Error code: 401 - {'error': {'code': '', 'message': '[sk-47c***98e] 该令牌额度已用尽 !token.UnlimitedQuota && token.RemainQuota = -20154 (request id: 20260317195514962931072Y9VoRxgk)', 'type': 'thunlp_api_error'}}
2026-03-17 19:55:14,850 - ERROR - 处理样本 98 失败: Error code: 401 - {'error': {'code': '', 'message': '[sk-47c***98e] 该令牌额度已用尽 !token.UnlimitedQuota && token.RemainQuota = -20154 (request id: 20260317195514962931072Y9VoRxgk)', 'type': 'thunlp_api_error'}}
2026-03-17 19:55:14,850 - INFO - 处理样本 99/393: 99
2026-03-17 19:55:15,953 - INFO - HTTP Request: POST https://toollearning.cn/v1/chat/completions "HTTP/1.1 401 Unauthorized"
2026-03-17 19:55:15,954 - ERROR - API调用错误: Error code: 401 - {'error': {'code': '', 'message': '[sk-47c***98e] 该令牌额度已用尽 !token.UnlimitedQuota && token.RemainQuota = -20154 (request id: 20260317195516698006960INyxvLG)', 'type': 'thunlp_api_error'}}
2026-03-17 19:55:15,954 - INFO - 等待3秒后重试...
2026-03-17 19:55:19,140 - INFO - HTTP Request: POST https://toollearning.cn/v1/chat/completions "HTTP/1.1 401 Unauthorized"
2026-03-17 19:55:19,141 - ERROR - API调用错误: Error code: 401 - {'error': {'code': '', 'message': '[sk-47c***98e] 该令牌额度已用尽 !token.UnlimitedQuota && token.RemainQuota = -20154 (request id: 202603171955191597367098bsngnj6)', 'type': 'thunlp_api_error'}}
2026-03-17 19:55:19,142 - INFO - 等待3秒后重试...
2026-03-17 19:55:22,291 - INFO - HTTP Request: POST https://toollearning.cn/v1/chat/completions "HTTP/1.1 401 Unauthorized"
2026-03-17 19:55:22,292 - ERROR - API调用错误: Error code: 401 - {'error': {'code': '', 'message': '[sk-47c***98e] 该令牌额度已用尽 !token.UnlimitedQuota && token.RemainQuota = -20154 (request id: 20260317195522339673866TM1ZqMsC)', 'type': 'thunlp_api_error'}}
2026-03-17 19:55:22,293 - ERROR - 处理样本 99 失败: Error code: 401 - {'error': {'code': '', 'message': '[sk-47c***98e] 该令牌额度已用尽 !token.UnlimitedQuota && token.RemainQuota = -20154 (request id: 20260317195522339673866TM1ZqMsC)', 'type': 'thunlp_api_error'}}
2026-03-17 19:55:22,293 - INFO - 处理样本 100/393: 100
2026-03-17 19:55:23,332 - INFO - HTTP Request: POST https://toollearning.cn/v1/chat/completions "HTTP/1.1 401 Unauthorized"
2026-03-17 19:55:23,333 - ERROR - API调用错误: Error code: 401 - {'error': {'code': '', 'message': '[sk-47c***98e] 该令牌额度已用尽 !token.UnlimitedQuota && token.RemainQuota = -20154 (request id: 20260317195523337570732n8uUlZmW)', 'type': 'thunlp_api_error'}}
2026-03-17 19:55:23,333 - INFO - 等待3秒后重试...
2026-03-17 19:55:26,592 - INFO - HTTP Request: POST https://toollearning.cn/v1/chat/completions "HTTP/1.1 401 Unauthorized"
2026-03-17 19:55:26,593 - ERROR - API调用错误: Error code: 401 - {'error': {'code': '', 'message': '[sk-47c***98e] 该令牌额度已用尽 !token.UnlimitedQuota && token.RemainQuota = -20154 (request id: 20260317195526545098978HVUSSc4Q)', 'type': 'thunlp_api_error'}}
2026-03-17 19:55:26,594 - INFO - 等待3秒后重试...
2026-03-17 19:55:29,771 - INFO - HTTP Request: POST https://toollearning.cn/v1/chat/completions "HTTP/1.1 401 Unauthorized"
2026-03-17 19:55:29,772 - ERROR - API调用错误: Error code: 401 - {'error': {'code': '', 'message': '[sk-47c***98e] 该令牌额度已用尽 !token.UnlimitedQuota && token.RemainQuota = -20154 (request id: 20260317195529797289806InKZmj8H)', 'type': 'thunlp_api_error'}}
2026-03-17 19:55:29,772 - ERROR - 处理样本 100 失败: Error code: 401 - {'error': {'code': '', 'message': '[sk-47c***98e] 该令牌额度已用尽 !token.UnlimitedQuota && token.RemainQuota = -20154 (request id: 20260317195529797289806InKZmj8H)', 'type': 'thunlp_api_error'}}
2026-03-17 19:55:29,772 - INFO - 处理样本 101/393: 101
2026-03-17 19:55:30,487 - INFO - HTTP Request: POST https://toollearning.cn/v1/chat/completions "HTTP/1.1 401 Unauthorized"
2026-03-17 19:55:30,487 - ERROR - API调用错误: Error code: 401 - {'error': {'code': '', 'message': '[sk-47c***98e] 该令牌额度已用尽 !token.UnlimitedQuota && token.RemainQuota = -20154 (request id: 20260317195530602636673vzNeHMxb)', 'type': 'thunlp_api_error'}}
2026-03-17 19:55:30,488 - INFO - 等待3秒后重试...
2026-03-17 19:55:33,671 - INFO - HTTP Request: POST https://toollearning.cn/v1/chat/completions "HTTP/1.1 401 Unauthorized"
2026-03-17 19:55:33,672 - ERROR - API调用错误: Error code: 401 - {'error': {'code': '', 'message': '[sk-47c***98e] 该令牌额度已用尽 !token.UnlimitedQuota && token.RemainQuota = -20154 (request id: 20260317195533712669154LD5azNeW)', 'type': 'thunlp_api_error'}}
2026-03-17 19:55:33,672 - INFO - 等待3秒后重试...
2026-03-17 19:55:36,935 - INFO - HTTP Request: POST https://toollearning.cn/v1/chat/completions "HTTP/1.1 401 Unauthorized"
2026-03-17 19:55:36,937 - ERROR - API调用错误: Error code: 401 - {'error': {'code': '', 'message': '[sk-47c***98e] 该令牌额度已用尽 !token.UnlimitedQuota && token.RemainQuota = -20154 (request id: 20260317195536888119635dJrCTjDc)', 'type': 'thunlp_api_error'}}
2026-03-17 19:55:36,937 - ERROR - 处理样本 101 失败: Error code: 401 - {'error': {'code': '', 'message': '[sk-47c***98e] 该令牌额度已用尽 !token.UnlimitedQuota && token.RemainQuota = -20154 (request id: 20260317195536888119635dJrCTjDc)', 'type': 'thunlp_api_error'}}
2026-03-17 19:55:36,938 - INFO - 处理样本 102/393: 102
2026-03-17 19:55:38,387 - INFO - HTTP Request: POST https://toollearning.cn/v1/chat/completions "HTTP/1.1 401 Unauthorized"
2026-03-17 19:55:38,388 - ERROR - API调用错误: Error code: 401 - {'error': {'code': '', 'message': '[sk-47c***98e] 该令牌额度已用尽 !token.UnlimitedQuota && token.RemainQuota = -20154 (request id: 20260317195538470703937IfGhuG6r)', 'type': 'thunlp_api_error'}}
2026-03-17 19:55:38,388 - INFO - 等待3秒后重试...
2026-03-17 19:55:41,566 - INFO - HTTP Request: POST https://toollearning.cn/v1/chat/completions "HTTP/1.1 401 Unauthorized"
2026-03-17 19:55:41,567 - ERROR - API调用错误: Error code: 401 - {'error': {'code': '', 'message': '[sk-47c***98e] 该令牌额度已用尽 !token.UnlimitedQuota && token.RemainQuota = -20154 (request id: 20260317195541681233567otGTqqzf)', 'type': 'thunlp_api_error'}}
2026-03-17 19:55:41,567 - INFO - 等待3秒后重试...
2026-03-17 19:55:44,734 - INFO - HTTP Request: POST https://toollearning.cn/v1/chat/completions "HTTP/1.1 401 Unauthorized"
2026-03-17 19:55:44,735 - ERROR - API调用错误: Error code: 401 - {'error': {'code': '', 'message': '[sk-47c***98e] 该令牌额度已用尽 !token.UnlimitedQuota && token.RemainQuota = -20154 (request id: 20260317195544815450577b0XlOp3B)', 'type': 'thunlp_api_error'}}
2026-03-17 19:55:44,735 - ERROR - 处理样本 102 失败: Error code: 401 - {'error': {'code': '', 'message': '[sk-47c***98e] 该令牌额度已用尽 !token.UnlimitedQuota && token.RemainQuota = -20154 (request id: 20260317195544815450577b0XlOp3B)', 'type': 'thunlp_api_error'}}
2026-03-17 19:55:44,736 - INFO - 处理样本 103/393: 103
2026-03-17 19:55:45,799 - INFO - HTTP Request: POST https://toollearning.cn/v1/chat/completions "HTTP/1.1 401 Unauthorized"
2026-03-17 19:55:45,800 - ERROR - API调用错误: Error code: 401 - {'error': {'code': '', 'message': '[sk-47c***98e] 该令牌额度已用尽 !token.UnlimitedQuota && token.RemainQuota = -20154 (request id: 20260317195545905157979TkuMfKEh)', 'type': 'thunlp_api_error'}}
2026-03-17 19:55:45,800 - INFO - 等待3秒后重试...
2026-03-17 19:55:50,778 - INFO - HTTP Request: POST https://toollearning.cn/v1/chat/completions "HTTP/1.1 401 Unauthorized"
2026-03-17 19:55:50,780 - ERROR - API调用错误: Error code: 401 - {'error': {'code': '', 'message': '[sk-47c***98e] 该令牌额度已用尽 !token.UnlimitedQuota && token.RemainQuota = -20154 (request id: 20260317195549498172470ZZ0zsxwY)', 'type': 'thunlp_api_error'}}
2026-03-17 19:55:50,781 - INFO - 等待3秒后重试...
2026-03-17 19:55:54,055 - INFO - HTTP Request: POST https://toollearning.cn/v1/chat/completions "HTTP/1.1 401 Unauthorized"
2026-03-17 19:55:54,056 - ERROR - API调用错误: Error code: 401 - {'error': {'code': '', 'message': '[sk-47c***98e] 该令牌额度已用尽 !token.UnlimitedQuota && token.RemainQuota = -20154 (request id: 202603171955541348286210R6zpWHJ)', 'type': 'thunlp_api_error'}}
2026-03-17 19:55:54,056 - ERROR - 处理样本 103 失败: Error code: 401 - {'error': {'code': '', 'message': '[sk-47c***98e] 该令牌额度已用尽 !token.UnlimitedQuota && token.RemainQuota = -20154 (request id: 202603171955541348286210R6zpWHJ)', 'type': 'thunlp_api_error'}}
2026-03-17 19:55:54,056 - INFO - 处理样本 104/393: 104
2026-03-17 19:55:55,206 - INFO - HTTP Request: POST https://toollearning.cn/v1/chat/completions "HTTP/1.1 401 Unauthorized"
2026-03-17 19:55:55,207 - ERROR - API调用错误: Error code: 401 - {'error': {'code': '', 'message': '[sk-47c***98e] 该令牌额度已用尽 !token.UnlimitedQuota && token.RemainQuota = -20154 (request id: 20260317195555320294280oDO3OLJw)', 'type': 'thunlp_api_error'}}
2026-03-17 19:55:55,207 - INFO - 等待3秒后重试...
2026-03-17 19:55:58,461 - INFO - HTTP Request: POST https://toollearning.cn/v1/chat/completions "HTTP/1.1 401 Unauthorized"
2026-03-17 19:55:58,461 - ERROR - API调用错误: Error code: 401 - {'error': {'code': '', 'message': '[sk-47c***98e] 该令牌额度已用尽 !token.UnlimitedQuota && token.RemainQuota = -20154 (request id: 2026031719555857785729894WbJTDP)', 'type': 'thunlp_api_error'}}
2026-03-17 19:55:58,462 - INFO - 等待3秒后重试...
2026-03-17 19:56:01,588 - INFO - HTTP Request: POST https://toollearning.cn/v1/chat/completions "HTTP/1.1 401 Unauthorized"
2026-03-17 19:56:01,589 - ERROR - API调用错误: Error code: 401 - {'error': {'code': '', 'message': '[sk-47c***98e] 该令牌额度已用尽 !token.UnlimitedQuota && token.RemainQuota = -20154 (request id: 20260317195601700136913DVqGQCYq)', 'type': 'thunlp_api_error'}}
2026-03-17 19:56:01,589 - ERROR - 处理样本 104 失败: Error code: 401 - {'error': {'code': '', 'message': '[sk-47c***98e] 该令牌额度已用尽 !token.UnlimitedQuota && token.RemainQuota = -20154 (request id: 20260317195601700136913DVqGQCYq)', 'type': 'thunlp_api_error'}}
2026-03-17 19:56:01,589 - INFO - 处理样本 105/393: 105
2026-03-17 19:56:02,887 - INFO - HTTP Request: POST https://toollearning.cn/v1/chat/completions "HTTP/1.1 401 Unauthorized"
2026-03-17 19:56:02,889 - ERROR - API调用错误: Error code: 401 - {'error': {'code': '', 'message': '[sk-47c***98e] 该令牌额度已用尽 !token.UnlimitedQuota && token.RemainQuota = -20154 (request id: 20260317195602941667581vAoA3HJr)', 'type': 'thunlp_api_error'}}
2026-03-17 19:56:02,889 - INFO - 等待3秒后重试...
2026-03-17 19:56:06,240 - INFO - HTTP Request: POST https://toollearning.cn/v1/chat/completions "HTTP/1.1 401 Unauthorized"
2026-03-17 19:56:06,243 - ERROR - API调用错误: Error code: 401 - {'error': {'code': '', 'message': '[sk-47c***98e] 该令牌额度已用尽 !token.UnlimitedQuota && token.RemainQuota = -20154 (request id: 20260317195606226809167y0Vaym3v)', 'type': 'thunlp_api_error'}}
2026-03-17 19:56:06,243 - INFO - 等待3秒后重试...
2026-03-17 19:56:09,406 - INFO - HTTP Request: POST https://toollearning.cn/v1/chat/completions "HTTP/1.1 401 Unauthorized"
2026-03-17 19:56:09,407 - ERROR - API调用错误: Error code: 401 - {'error': {'code': '', 'message': '[sk-47c***98e] 该令牌额度已用尽 !token.UnlimitedQuota && token.RemainQuota = -20154 (request id: 20260317195609484967131NZ3HMUfk)', 'type': 'thunlp_api_error'}}
2026-03-17 19:56:09,408 - ERROR - 处理样本 105 失败: Error code: 401 - {'error': {'code': '', 'message': '[sk-47c***98e] 该令牌额度已用尽 !token.UnlimitedQuota && token.RemainQuota = -20154 (request id: 20260317195609484967131NZ3HMUfk)', 'type': 'thunlp_api_error'}}
2026-03-17 19:56:09,408 - INFO - 处理样本 106/393: 106
2026-03-17 19:56:10,232 - INFO - HTTP Request: POST https://toollearning.cn/v1/chat/completions "HTTP/1.1 401 Unauthorized"
2026-03-17 19:56:10,233 - ERROR - API调用错误: Error code: 401 - {'error': {'code': '', 'message': '[sk-47c***98e] 该令牌额度已用尽 !token.UnlimitedQuota && token.RemainQuota = -20154 (request id: 20260317195610327519249qHFCbxRS)', 'type': 'thunlp_api_error'}}
2026-03-17 19:56:10,233 - INFO - 等待3秒后重试...
2026-03-17 19:56:13,409 - INFO - HTTP Request: POST https://toollearning.cn/v1/chat/completions "HTTP/1.1 401 Unauthorized"
2026-03-17 19:56:13,410 - ERROR - API调用错误: Error code: 401 - {'error': {'code': '', 'message': '[sk-47c***98e] 该令牌额度已用尽 !token.UnlimitedQuota && token.RemainQuota = -20154 (request id: 20260317195613432273104qHqcdISl)', 'type': 'thunlp_api_error'}}
2026-03-17 19:56:13,410 - INFO - 等待3秒后重试...
2026-03-17 19:56:16,673 - INFO - HTTP Request: POST https://toollearning.cn/v1/chat/completions "HTTP/1.1 401 Unauthorized"
2026-03-17 19:56:16,674 - ERROR - API调用错误: Error code: 401 - {'error': {'code': '', 'message': '[sk-47c***98e] 该令牌额度已用尽 !token.UnlimitedQuota && token.RemainQuota = -20154 (request id: 20260317195616617233500XrLvNSSd)', 'type': 'thunlp_api_error'}}
2026-03-17 19:56:16,675 - ERROR - 处理样本 106 失败: Error code: 401 - {'error': {'code': '', 'message': '[sk-47c***98e] 该令牌额度已用尽 !token.UnlimitedQuota && token.RemainQuota = -20154 (request id: 20260317195616617233500XrLvNSSd)', 'type': 'thunlp_api_error'}}
2026-03-17 19:56:16,675 - INFO - 处理样本 107/393: 107
2026-03-17 19:56:17,654 - INFO - HTTP Request: POST https://toollearning.cn/v1/chat/completions "HTTP/1.1 401 Unauthorized"
2026-03-17 19:56:17,657 - ERROR - API调用错误: Error code: 401 - {'error': {'code': '', 'message': '[sk-47c***98e] 该令牌额度已用尽 !token.UnlimitedQuota && token.RemainQuota = -20154 (request id: 20260317195617771936446L9EPmoef)', 'type': 'thunlp_api_error'}}
2026-03-17 19:56:17,657 - INFO - 等待3秒后重试...
2026-03-17 19:56:20,883 - INFO - HTTP Request: POST https://toollearning.cn/v1/chat/completions "HTTP/1.1 401 Unauthorized"
2026-03-17 19:56:20,883 - ERROR - API调用错误: Error code: 401 - {'error': {'code': '', 'message': '[sk-47c***98e] 该令牌额度已用尽 !token.UnlimitedQuota && token.RemainQuota = -20154 (request id: 20260317195620854254949S1QXqfGN)', 'type': 'thunlp_api_error'}}
2026-03-17 19:56:20,884 - INFO - 等待3秒后重试...
2026-03-17 19:56:23,982 - INFO - HTTP Request: POST https://toollearning.cn/v1/chat/completions "HTTP/1.1 401 Unauthorized"
2026-03-17 19:56:23,983 - ERROR - API调用错误: Error code: 401 - {'error': {'code': '', 'message': '[sk-47c***98e] 该令牌额度已用尽 !token.UnlimitedQuota && token.RemainQuota = -20154 (request id: 2026031719562484418927Lcy8AEob)', 'type': 'thunlp_api_error'}}
2026-03-17 19:56:23,983 - ERROR - 处理样本 107 失败: Error code: 401 - {'error': {'code': '', 'message': '[sk-47c***98e] 该令牌额度已用尽 !token.UnlimitedQuota && token.RemainQuota = -20154 (request id: 2026031719562484418927Lcy8AEob)', 'type': 'thunlp_api_error'}}
2026-03-17 19:56:23,983 - INFO - 处理样本 108/393: 108
2026-03-17 19:56:24,809 - INFO - HTTP Request: POST https://toollearning.cn/v1/chat/completions "HTTP/1.1 401 Unauthorized"
2026-03-17 19:56:24,810 - ERROR - API调用错误: Error code: 401 - {'error': {'code': '', 'message': '[sk-47c***98e] 该令牌额度已用尽 !token.UnlimitedQuota && token.RemainQuota = -20154 (request id: 20260317195624867200338ubPxgKjh)', 'type': 'thunlp_api_error'}}
2026-03-17 19:56:24,811 - INFO - 等待3秒后重试...
2026-03-17 19:56:28,033 - INFO - HTTP Request: POST https://toollearning.cn/v1/chat/completions "HTTP/1.1 401 Unauthorized"
2026-03-17 19:56:28,034 - ERROR - API调用错误: Error code: 401 - {'error': {'code': '', 'message': '[sk-47c***98e] 该令牌额度已用尽 !token.UnlimitedQuota && token.RemainQuota = -20154 (request id: 202603171956283205577149HVXSW8)', 'type': 'thunlp_api_error'}}
2026-03-17 19:56:28,034 - INFO - 等待3秒后重试...
2026-03-17 19:56:31,225 - INFO - HTTP Request: POST https://toollearning.cn/v1/chat/completions "HTTP/1.1 401 Unauthorized"
2026-03-17 19:56:31,225 - ERROR - API调用错误: Error code: 401 - {'error': {'code': '', 'message': '[sk-47c***98e] 该令牌额度已用尽 !token.UnlimitedQuota && token.RemainQuota = -20154 (request id: 2026031719563124718380597EWc0eY)', 'type': 'thunlp_api_error'}}
2026-03-17 19:56:31,226 - ERROR - 处理样本 108 失败: Error code: 401 - {'error': {'code': '', 'message': '[sk-47c***98e] 该令牌额度已用尽 !token.UnlimitedQuota && token.RemainQuota = -20154 (request id: 2026031719563124718380597EWc0eY)', 'type': 'thunlp_api_error'}}
2026-03-17 19:56:31,226 - INFO - 处理样本 109/393: 109
2026-03-17 19:56:32,260 - INFO - HTTP Request: POST https://toollearning.cn/v1/chat/completions "HTTP/1.1 401 Unauthorized"
2026-03-17 19:56:32,261 - ERROR - API调用错误: Error code: 401 - {'error': {'code': '', 'message': '[sk-47c***98e] 该令牌额度已用尽 !token.UnlimitedQuota && token.RemainQuota = -20154 (request id: 20260317195632334575159QazzRnLI)', 'type': 'thunlp_api_error'}}
2026-03-17 19:56:32,261 - INFO - 等待3秒后重试...
2026-03-17 19:56:35,428 - INFO - HTTP Request: POST https://toollearning.cn/v1/chat/completions "HTTP/1.1 401 Unauthorized"
2026-03-17 19:56:35,429 - ERROR - API调用错误: Error code: 401 - {'error': {'code': '', 'message': '[sk-47c***98e] 该令牌额度已用尽 !token.UnlimitedQuota && token.RemainQuota = -20154 (request id: 20260317195635471581557myJPVGRU)', 'type': 'thunlp_api_error'}}
2026-03-17 19:56:35,430 - INFO - 等待3秒后重试...
2026-03-17 19:56:38,584 - INFO - HTTP Request: POST https://toollearning.cn/v1/chat/completions "HTTP/1.1 401 Unauthorized"
2026-03-17 19:56:38,585 - ERROR - API调用错误: Error code: 401 - {'error': {'code': '', 'message': '[sk-47c***98e] 该令牌额度已用尽 !token.UnlimitedQuota && token.RemainQuota = -20154 (request id: 20260317195638646995644QywzJSzZ)', 'type': 'thunlp_api_error'}}
2026-03-17 19:56:38,585 - ERROR - 处理样本 109 失败: Error code: 401 - {'error': {'code': '', 'message': '[sk-47c***98e] 该令牌额度已用尽 !token.UnlimitedQuota && token.RemainQuota = -20154 (request id: 20260317195638646995644QywzJSzZ)', 'type': 'thunlp_api_error'}}
2026-03-17 19:56:38,585 - INFO - 处理样本 110/393: 110
2026-03-17 19:56:39,416 - INFO - HTTP Request: POST https://toollearning.cn/v1/chat/completions "HTTP/1.1 401 Unauthorized"
2026-03-17 19:56:39,417 - ERROR - API调用错误: Error code: 401 - {'error': {'code': '', 'message': '[sk-47c***98e] 该令牌额度已用尽 !token.UnlimitedQuota && token.RemainQuota = -20154 (request id: 20260317195639475138544wvfbjoFE)', 'type': 'thunlp_api_error'}}
2026-03-17 19:56:39,417 - INFO - 等待3秒后重试...
2026-03-17 19:56:42,576 - INFO - HTTP Request: POST https://toollearning.cn/v1/chat/completions "HTTP/1.1 401 Unauthorized"
2026-03-17 19:56:42,579 - ERROR - API调用错误: Error code: 401 - {'error': {'code': '', 'message': '[sk-47c***98e] 该令牌额度已用尽 !token.UnlimitedQuota && token.RemainQuota = -20154 (request id: 20260317195642610295397xPo1X3o0)', 'type': 'thunlp_api_error'}}
2026-03-17 19:56:42,579 - INFO - 等待3秒后重试...
2026-03-17 19:56:45,662 - INFO - HTTP Request: POST https://toollearning.cn/v1/chat/completions "HTTP/1.1 401 Unauthorized"
2026-03-17 19:56:45,663 - ERROR - API调用错误: Error code: 401 - {'error': {'code': '', 'message': '[sk-47c***98e] 该令牌额度已用尽 !token.UnlimitedQuota && token.RemainQuota = -20154 (request id: 20260317195645775438926UDrrOrh9)', 'type': 'thunlp_api_error'}}
2026-03-17 19:56:45,663 - ERROR - 处理样本 110 失败: Error code: 401 - {'error': {'code': '', 'message': '[sk-47c***98e] 该令牌额度已用尽 !token.UnlimitedQuota && token.RemainQuota = -20154 (request id: 20260317195645775438926UDrrOrh9)', 'type': 'thunlp_api_error'}}
2026-03-17 19:56:45,663 - INFO - 处理样本 111/393: 111
2026-03-17 19:56:46,579 - INFO - HTTP Request: POST https://toollearning.cn/v1/chat/completions "HTTP/1.1 401 Unauthorized"
2026-03-17 19:56:46,581 - ERROR - API调用错误: Error code: 401 - {'error': {'code': '', 'message': '[sk-47c***98e] 该令牌额度已用尽 !token.UnlimitedQuota && token.RemainQuota = -20154 (request id: 20260317195646619714315QbATylTy)', 'type': 'thunlp_api_error'}}
2026-03-17 19:56:46,581 - INFO - 等待3秒后重试...
2026-03-17 19:56:49,740 - INFO - HTTP Request: POST https://toollearning.cn/v1/chat/completions "HTTP/1.1 401 Unauthorized"
2026-03-17 19:56:49,741 - ERROR - API调用错误: Error code: 401 - {'error': {'code': '', 'message': '[sk-47c***98e] 该令牌额度已用尽 !token.UnlimitedQuota && token.RemainQuota = -20154 (request id: 20260317195649769775215Y8ClcytN)', 'type': 'thunlp_api_error'}}
2026-03-17 19:56:49,741 - INFO - 等待3秒后重试...
2026-03-17 19:56:52,917 - INFO - HTTP Request: POST https://toollearning.cn/v1/chat/completions "HTTP/1.1 401 Unauthorized"
2026-03-17 19:56:52,941 - ERROR - API调用错误: Error code: 401 - {'error': {'code': '', 'message': '[sk-47c***98e] 该令牌额度已用尽 !token.UnlimitedQuota && token.RemainQuota = -20154 (request id: 20260317195652932502773kNw6bVo8)', 'type': 'thunlp_api_error'}}
2026-03-17 19:56:52,948 - ERROR - 处理样本 111 失败: Error code: 401 - {'error': {'code': '', 'message': '[sk-47c***98e] 该令牌额度已用尽 !token.UnlimitedQuota && token.RemainQuota = -20154 (request id: 20260317195652932502773kNw6bVo8)', 'type': 'thunlp_api_error'}}
2026-03-17 19:56:52,949 - INFO - 处理样本 112/393: 112
2026-03-17 19:56:53,653 - INFO - HTTP Request: POST https://toollearning.cn/v1/chat/completions "HTTP/1.1 401 Unauthorized"
2026-03-17 19:56:53,654 - ERROR - API调用错误: Error code: 401 - {'error': {'code': '', 'message': '[sk-47c***98e] 该令牌额度已用尽 !token.UnlimitedQuota && token.RemainQuota = -20154 (request id: 20260317195653769314558mPGZKwRv)', 'type': 'thunlp_api_error'}}
2026-03-17 19:56:53,654 - INFO - 等待3秒后重试...
2026-03-17 19:56:56,824 - INFO - HTTP Request: POST https://toollearning.cn/v1/chat/completions "HTTP/1.1 401 Unauthorized"
2026-03-17 19:56:56,825 - ERROR - API调用错误: Error code: 401 - {'error': {'code': '', 'message': '[sk-47c***98e] 该令牌额度已用尽 !token.UnlimitedQuota && token.RemainQuota = -20154 (request id: 20260317195656859612645CTCSdn8m)', 'type': 'thunlp_api_error'}}
2026-03-17 19:56:56,825 - INFO - 等待3秒后重试...
2026-03-17 19:57:00,002 - INFO - HTTP Request: POST https://toollearning.cn/v1/chat/completions "HTTP/1.1 401 Unauthorized"
2026-03-17 19:57:00,003 - ERROR - API调用错误: Error code: 401 - {'error': {'code': '', 'message': '[sk-47c***98e] 该令牌额度已用尽 !token.UnlimitedQuota && token.RemainQuota = -20154 (request id: 2026031719570019665679MBv8lo3D)', 'type': 'thunlp_api_error'}}
2026-03-17 19:57:00,003 - ERROR - 处理样本 112 失败: Error code: 401 - {'error': {'code': '', 'message': '[sk-47c***98e] 该令牌额度已用尽 !token.UnlimitedQuota && token.RemainQuota = -20154 (request id: 2026031719570019665679MBv8lo3D)', 'type': 'thunlp_api_error'}}
2026-03-17 19:57:00,004 - INFO - 处理样本 113/393: 113
2026-03-17 19:57:01,126 - INFO - HTTP Request: POST https://toollearning.cn/v1/chat/completions "HTTP/1.1 401 Unauthorized"
2026-03-17 19:57:01,127 - ERROR - API调用错误: Error code: 401 - {'error': {'code': '', 'message': '[sk-47c***98e] 该令牌额度已用尽 !token.UnlimitedQuota && token.RemainQuota = -20154 (request id: 20260317195701198481516pGAkV7Te)', 'type': 'thunlp_api_error'}}
2026-03-17 19:57:01,127 - INFO - 等待3秒后重试...
2026-03-17 19:57:04,302 - INFO - HTTP Request: POST https://toollearning.cn/v1/chat/completions "HTTP/1.1 401 Unauthorized"
2026-03-17 19:57:04,303 - ERROR - API调用错误: Error code: 401 - {'error': {'code': '', 'message': '[sk-47c***98e] 该令牌额度已用尽 !token.UnlimitedQuota && token.RemainQuota = -20154 (request id: 20260317195704353768227JhaAQxsV)', 'type': 'thunlp_api_error'}}
2026-03-17 19:57:04,303 - INFO - 等待3秒后重试...
2026-03-17 19:57:07,409 - INFO - HTTP Request: POST https://toollearning.cn/v1/chat/completions "HTTP/1.1 401 Unauthorized"
2026-03-17 19:57:07,410 - ERROR - API调用错误: Error code: 401 - {'error': {'code': '', 'message': '[sk-47c***98e] 该令牌额度已用尽 !token.UnlimitedQuota && token.RemainQuota = -20154 (request id: 202603171957074984024566uXQma17)', 'type': 'thunlp_api_error'}}
2026-03-17 19:57:07,410 - ERROR - 处理样本 113 失败: Error code: 401 - {'error': {'code': '', 'message': '[sk-47c***98e] 该令牌额度已用尽 !token.UnlimitedQuota && token.RemainQuota = -20154 (request id: 202603171957074984024566uXQma17)', 'type': 'thunlp_api_error'}}
2026-03-17 19:57:07,410 - INFO - 处理样本 114/393: 114
2026-03-17 19:57:08,332 - INFO - HTTP Request: POST https://toollearning.cn/v1/chat/completions "HTTP/1.1 401 Unauthorized"
2026-03-17 19:57:08,333 - ERROR - API调用错误: Error code: 401 - {'error': {'code': '', 'message': '[sk-47c***98e] 该令牌额度已用尽 !token.UnlimitedQuota && token.RemainQuota = -20154 (request id: 20260317195708414922336yPBcIbyZ)', 'type': 'thunlp_api_error'}}
2026-03-17 19:57:08,333 - INFO - 等待3秒后重试...
2026-03-17 19:57:11,449 - INFO - HTTP Request: POST https://toollearning.cn/v1/chat/completions "HTTP/1.1 401 Unauthorized"
2026-03-17 19:57:11,450 - ERROR - API调用错误: Error code: 401 - {'error': {'code': '', 'message': '[sk-47c***98e] 该令牌额度已用尽 !token.UnlimitedQuota && token.RemainQuota = -20154 (request id: 20260317195711527915486fPhK78z2)', 'type': 'thunlp_api_error'}}
2026-03-17 19:57:11,450 - INFO - 等待3秒后重试...
2026-03-17 19:57:14,643 - INFO - HTTP Request: POST https://toollearning.cn/v1/chat/completions "HTTP/1.1 401 Unauthorized"
2026-03-17 19:57:14,645 - ERROR - API调用错误: Error code: 401 - {'error': {'code': '', 'message': '[sk-47c***98e] 该令牌额度已用尽 !token.UnlimitedQuota && token.RemainQuota = -20154 (request id: 202603171957146426437747PWwHPi5)', 'type': 'thunlp_api_error'}}
2026-03-17 19:57:14,645 - ERROR - 处理样本 114 失败: Error code: 401 - {'error': {'code': '', 'message': '[sk-47c***98e] 该令牌额度已用尽 !token.UnlimitedQuota && token.RemainQuota = -20154 (request id: 202603171957146426437747PWwHPi5)', 'type': 'thunlp_api_error'}}
2026-03-17 19:57:14,645 - INFO - 处理样本 115/393: 115
2026-03-17 19:57:15,771 - INFO - HTTP Request: POST https://toollearning.cn/v1/chat/completions "HTTP/1.1 401 Unauthorized"
2026-03-17 19:57:15,772 - ERROR - API调用错误: Error code: 401 - {'error': {'code': '', 'message': '[sk-47c***98e] 该令牌额度已用尽 !token.UnlimitedQuota && token.RemainQuota = -20154 (request id: 20260317195715858301039kjJ3Ozym)', 'type': 'thunlp_api_error'}}
2026-03-17 19:57:15,772 - INFO - 等待3秒后重试...
2026-03-17 19:57:18,943 - INFO - HTTP Request: POST https://toollearning.cn/v1/chat/completions "HTTP/1.1 401 Unauthorized"
2026-03-17 19:57:18,943 - ERROR - API调用错误: Error code: 401 - {'error': {'code': '', 'message': '[sk-47c***98e] 该令牌额度已用尽 !token.UnlimitedQuota && token.RemainQuota = -20154 (request id: 202603171957189702187203G0bdzUW)', 'type': 'thunlp_api_error'}}
2026-03-17 19:57:18,944 - INFO - 等待3秒后重试...
2026-03-17 19:57:22,102 - INFO - HTTP Request: POST https://toollearning.cn/v1/chat/completions "HTTP/1.1 401 Unauthorized"
2026-03-17 19:57:22,102 - ERROR - API调用错误: Error code: 401 - {'error': {'code': '', 'message': '[sk-47c***98e] 该令牌额度已用尽 !token.UnlimitedQuota && token.RemainQuota = -20154 (request id: 20260317195722137959078QT5efcz6)', 'type': 'thunlp_api_error'}}
2026-03-17 19:57:22,103 - ERROR - 处理样本 115 失败: Error code: 401 - {'error': {'code': '', 'message': '[sk-47c***98e] 该令牌额度已用尽 !token.UnlimitedQuota && token.RemainQuota = -20154 (request id: 20260317195722137959078QT5efcz6)', 'type': 'thunlp_api_error'}}
2026-03-17 19:57:22,103 - INFO - 处理样本 116/393: 116
2026-03-17 19:57:23,024 - INFO - HTTP Request: POST https://toollearning.cn/v1/chat/completions "HTTP/1.1 401 Unauthorized"
2026-03-17 19:57:23,025 - ERROR - API调用错误: Error code: 401 - {'error': {'code': '', 'message': '[sk-47c***98e] 该令牌额度已用尽 !token.UnlimitedQuota && token.RemainQuota = -20154 (request id: 2026031719572329894835OFupL4tp)', 'type': 'thunlp_api_error'}}
2026-03-17 19:57:23,026 - INFO - 等待3秒后重试...
2026-03-17 19:57:26,318 - INFO - HTTP Request: POST https://toollearning.cn/v1/chat/completions "HTTP/1.1 401 Unauthorized"
2026-03-17 19:57:26,318 - ERROR - API调用错误: Error code: 401 - {'error': {'code': '', 'message': '[sk-47c***98e] 该令牌额度已用尽 !token.UnlimitedQuota && token.RemainQuota = -20154 (request id: 202603171957262847273861S2vst0F)', 'type': 'thunlp_api_error'}}
2026-03-17 19:57:26,319 - INFO - 等待3秒后重试...
2026-03-17 19:57:29,490 - INFO - HTTP Request: POST https://toollearning.cn/v1/chat/completions "HTTP/1.1 401 Unauthorized"
2026-03-17 19:57:29,491 - ERROR - API调用错误: Error code: 401 - {'error': {'code': '', 'message': '[sk-47c***98e] 该令牌额度已用尽 !token.UnlimitedQuota && token.RemainQuota = -20154 (request id: 20260317195729517526206gyAFCqxC)', 'type': 'thunlp_api_error'}}
2026-03-17 19:57:29,491 - ERROR - 处理样本 116 失败: Error code: 401 - {'error': {'code': '', 'message': '[sk-47c***98e] 该令牌额度已用尽 !token.UnlimitedQuota && token.RemainQuota = -20154 (request id: 20260317195729517526206gyAFCqxC)', 'type': 'thunlp_api_error'}}
2026-03-17 19:57:29,491 - INFO - 处理样本 117/393: 117
2026-03-17 19:57:30,506 - INFO - HTTP Request: POST https://toollearning.cn/v1/chat/completions "HTTP/1.1 401 Unauthorized"
2026-03-17 19:57:30,507 - ERROR - API调用错误: Error code: 401 - {'error': {'code': '', 'message': '[sk-47c***98e] 该令牌额度已用尽 !token.UnlimitedQuota && token.RemainQuota = -20154 (request id: 20260317195730599359328s6uiAPKV)', 'type': 'thunlp_api_error'}}
2026-03-17 19:57:30,507 - INFO - 等待3秒后重试...
2026-03-17 19:57:33,595 - INFO - HTTP Request: POST https://toollearning.cn/v1/chat/completions "HTTP/1.1 401 Unauthorized"
2026-03-17 19:57:33,596 - ERROR - API调用错误: Error code: 401 - {'error': {'code': '', 'message': '[sk-47c***98e] 该令牌额度已用尽 !token.UnlimitedQuota && token.RemainQuota = -20154 (request id: 20260317195733697388598Ugo44wMX)', 'type': 'thunlp_api_error'}}
2026-03-17 19:57:33,596 - INFO - 等待3秒后重试...
2026-03-17 19:57:36,754 - INFO - HTTP Request: POST https://toollearning.cn/v1/chat/completions "HTTP/1.1 401 Unauthorized"
2026-03-17 19:57:36,755 - ERROR - API调用错误: Error code: 401 - {'error': {'code': '', 'message': '[sk-47c***98e] 该令牌额度已用尽 !token.UnlimitedQuota && token.RemainQuota = -20154 (request id: 20260317195736789808534yYr0HqBP)', 'type': 'thunlp_api_error'}}
2026-03-17 19:57:36,755 - ERROR - 处理样本 117 失败: Error code: 401 - {'error': {'code': '', 'message': '[sk-47c***98e] 该令牌额度已用尽 !token.UnlimitedQuota && token.RemainQuota = -20154 (request id: 20260317195736789808534yYr0HqBP)', 'type': 'thunlp_api_error'}}
2026-03-17 19:57:36,756 - INFO - 处理样本 118/393: 118
2026-03-17 19:57:37,724 - INFO - HTTP Request: POST https://toollearning.cn/v1/chat/completions "HTTP/1.1 401 Unauthorized"
2026-03-17 19:57:37,725 - ERROR - API调用错误: Error code: 401 - {'error': {'code': '', 'message': '[sk-47c***98e] 该令牌额度已用尽 !token.UnlimitedQuota && token.RemainQuota = -20154 (request id: 20260317195737669584875WFsgf02U)', 'type': 'thunlp_api_error'}}
2026-03-17 19:57:37,726 - INFO - 等待3秒后重试...
2026-03-17 19:57:40,854 - INFO - HTTP Request: POST https://toollearning.cn/v1/chat/completions "HTTP/1.1 401 Unauthorized"
2026-03-17 19:57:40,855 - ERROR - API调用错误: Error code: 401 - {'error': {'code': '', 'message': '[sk-47c***98e] 该令牌额度已用尽 !token.UnlimitedQuota && token.RemainQuota = -20154 (request id: 20260317195740920015859V8d9haKP)', 'type': 'thunlp_api_error'}}
2026-03-17 19:57:40,855 - INFO - 等待3秒后重试...
2026-03-17 19:57:43,930 - INFO - HTTP Request: POST https://toollearning.cn/v1/chat/completions "HTTP/1.1 401 Unauthorized"
2026-03-17 19:57:43,931 - ERROR - API调用错误: Error code: 401 - {'error': {'code': '', 'message': '[sk-47c***98e] 该令牌额度已用尽 !token.UnlimitedQuota && token.RemainQuota = -20154 (request id: 20260317195744452031025TbDGYZu)', 'type': 'thunlp_api_error'}}
2026-03-17 19:57:43,931 - ERROR - 处理样本 118 失败: Error code: 401 - {'error': {'code': '', 'message': '[sk-47c***98e] 该令牌额度已用尽 !token.UnlimitedQuota && token.RemainQuota = -20154 (request id: 20260317195744452031025TbDGYZu)', 'type': 'thunlp_api_error'}}
2026-03-17 19:57:43,931 - INFO - 处理样本 119/393: 119
2026-03-17 19:57:45,143 - INFO - HTTP Request: POST https://toollearning.cn/v1/chat/completions "HTTP/1.1 401 Unauthorized"
2026-03-17 19:57:45,146 - ERROR - API调用错误: Error code: 401 - {'error': {'code': '', 'message': '[sk-47c***98e] 该令牌额度已用尽 !token.UnlimitedQuota && token.RemainQuota = -20154 (request id: 2026031719574515792209409KHF4X7)', 'type': 'thunlp_api_error'}}
2026-03-17 19:57:45,146 - INFO - 等待3秒后重试...
2026-03-17 19:57:48,318 - INFO - HTTP Request: POST https://toollearning.cn/v1/chat/completions "HTTP/1.1 401 Unauthorized"
2026-03-17 19:57:48,319 - ERROR - API调用错误: Error code: 401 - {'error': {'code': '', 'message': '[sk-47c***98e] 该令牌额度已用尽 !token.UnlimitedQuota && token.RemainQuota = -20154 (request id: 20260317195748353079074DSlbCVYq)', 'type': 'thunlp_api_error'}}
2026-03-17 19:57:48,319 - INFO - 等待3秒后重试...
2026-03-17 19:57:51,411 - INFO - HTTP Request: POST https://toollearning.cn/v1/chat/completions "HTTP/1.1 401 Unauthorized"
2026-03-17 19:57:51,412 - ERROR - API调用错误: Error code: 401 - {'error': {'code': '', 'message': '[sk-47c***98e] 该令牌额度已用尽 !token.UnlimitedQuota && token.RemainQuota = -20154 (request id: 20260317195751518197156d42xAFXE)', 'type': 'thunlp_api_error'}}
2026-03-17 19:57:51,413 - ERROR - 处理样本 119 失败: Error code: 401 - {'error': {'code': '', 'message': '[sk-47c***98e] 该令牌额度已用尽 !token.UnlimitedQuota && token.RemainQuota = -20154 (request id: 20260317195751518197156d42xAFXE)', 'type': 'thunlp_api_error'}}
2026-03-17 19:57:51,413 - INFO - 处理样本 120/393: 120
2026-03-17 19:57:52,271 - INFO - HTTP Request: POST https://toollearning.cn/v1/chat/completions "HTTP/1.1 401 Unauthorized"
2026-03-17 19:57:52,272 - ERROR - API调用错误: Error code: 401 - {'error': {'code': '', 'message': '[sk-47c***98e] 该令牌额度已用尽 !token.UnlimitedQuota && token.RemainQuota = -20154 (request id: 20260317195752289987944wIbjKsDt)', 'type': 'thunlp_api_error'}}
2026-03-17 19:57:52,272 - INFO - 等待3秒后重试...
2026-03-17 19:57:55,402 - INFO - HTTP Request: POST https://toollearning.cn/v1/chat/completions "HTTP/1.1 401 Unauthorized"
2026-03-17 19:57:55,402 - ERROR - API调用错误: Error code: 401 - {'error': {'code': '', 'message': '[sk-47c***98e] 该令牌额度已用尽 !token.UnlimitedQuota && token.RemainQuota = -20154 (request id: 20260317195755475489052bGqthiLi)', 'type': 'thunlp_api_error'}}
2026-03-17 19:57:55,403 - INFO - 等待3秒后重试...
2026-03-17 19:57:58,495 - INFO - HTTP Request: POST https://toollearning.cn/v1/chat/completions "HTTP/1.1 401 Unauthorized"
2026-03-17 19:57:58,496 - ERROR - API调用错误: Error code: 401 - {'error': {'code': '', 'message': '[sk-47c***98e] 该令牌额度已用尽 !token.UnlimitedQuota && token.RemainQuota = -20154 (request id: 20260317195758600452856Ef6m4QX5)', 'type': 'thunlp_api_error'}}
2026-03-17 19:57:58,496 - ERROR - 处理样本 120 失败: Error code: 401 - {'error': {'code': '', 'message': '[sk-47c***98e] 该令牌额度已用尽 !token.UnlimitedQuota && token.RemainQuota = -20154 (request id: 20260317195758600452856Ef6m4QX5)', 'type': 'thunlp_api_error'}}
2026-03-17 19:57:58,496 - INFO - 处理样本 121/393: 121
2026-03-17 19:57:59,595 - INFO - HTTP Request: POST https://toollearning.cn/v1/chat/completions "HTTP/1.1 401 Unauthorized"
2026-03-17 19:57:59,596 - ERROR - API调用错误: Error code: 401 - {'error': {'code': '', 'message': '[sk-47c***98e] 该令牌额度已用尽 !token.UnlimitedQuota && token.RemainQuota = -20154 (request id: 20260317195759590416944sYjv1nGg)', 'type': 'thunlp_api_error'}}
2026-03-17 19:57:59,596 - INFO - 等待3秒后重试...
2026-03-17 19:58:02,770 - INFO - HTTP Request: POST https://toollearning.cn/v1/chat/completions "HTTP/1.1 401 Unauthorized"
2026-03-17 19:58:02,771 - ERROR - API调用错误: Error code: 401 - {'error': {'code': '', 'message': '[sk-47c***98e] 该令牌额度已用尽 !token.UnlimitedQuota && token.RemainQuota = -20154 (request id: 20260317195802785653749IxpkgRop)', 'type': 'thunlp_api_error'}}
2026-03-17 19:58:02,771 - INFO - 等待3秒后重试...
2026-03-17 19:58:06,049 - INFO - HTTP Request: POST https://toollearning.cn/v1/chat/completions "HTTP/1.1 401 Unauthorized"
2026-03-17 19:58:06,049 - ERROR - API调用错误: Error code: 401 - {'error': {'code': '', 'message': '[sk-47c***98e] 该令牌额度已用尽 !token.UnlimitedQuota && token.RemainQuota = -20154 (request id: 20260317195805972442983tnoOVKXF)', 'type': 'thunlp_api_error'}}
2026-03-17 19:58:06,050 - ERROR - 处理样本 121 失败: Error code: 401 - {'error': {'code': '', 'message': '[sk-47c***98e] 该令牌额度已用尽 !token.UnlimitedQuota && token.RemainQuota = -20154 (request id: 20260317195805972442983tnoOVKXF)', 'type': 'thunlp_api_error'}}
2026-03-17 19:58:06,050 - INFO - 处理样本 122/393: 122
2026-03-17 19:58:06,947 - INFO - HTTP Request: POST https://toollearning.cn/v1/chat/completions "HTTP/1.1 401 Unauthorized"
2026-03-17 19:58:06,949 - ERROR - API调用错误: Error code: 401 - {'error': {'code': '', 'message': '[sk-47c***98e] 该令牌额度已用尽 !token.UnlimitedQuota && token.RemainQuota = -20154 (request id: 2026031719580757126225P8D4yKuD)', 'type': 'thunlp_api_error'}}
2026-03-17 19:58:06,949 - INFO - 等待3秒后重试...
2026-03-17 19:58:10,039 - INFO - HTTP Request: POST https://toollearning.cn/v1/chat/completions "HTTP/1.1 401 Unauthorized"
2026-03-17 19:58:10,040 - ERROR - API调用错误: Error code: 401 - {'error': {'code': '', 'message': '[sk-47c***98e] 该令牌额度已用尽 !token.UnlimitedQuota && token.RemainQuota = -20154 (request id: 20260317195810147755381JphbEQ0e)', 'type': 'thunlp_api_error'}}
2026-03-17 19:58:10,040 - INFO - 等待3秒后重试...
2026-03-17 19:58:13,150 - INFO - HTTP Request: POST https://toollearning.cn/v1/chat/completions "HTTP/1.1 401 Unauthorized"
2026-03-17 19:58:13,151 - ERROR - API调用错误: Error code: 401 - {'error': {'code': '', 'message': '[sk-47c***98e] 该令牌额度已用尽 !token.UnlimitedQuota && token.RemainQuota = -20154 (request id: 20260317195813245397358u5mSu7eG)', 'type': 'thunlp_api_error'}}
2026-03-17 19:58:13,152 - ERROR - 处理样本 122 失败: Error code: 401 - {'error': {'code': '', 'message': '[sk-47c***98e] 该令牌额度已用尽 !token.UnlimitedQuota && token.RemainQuota = -20154 (request id: 20260317195813245397358u5mSu7eG)', 'type': 'thunlp_api_error'}}
2026-03-17 19:58:13,152 - INFO - 处理样本 123/393: 123
2026-03-17 19:58:14,093 - INFO - HTTP Request: POST https://toollearning.cn/v1/chat/completions "HTTP/1.1 401 Unauthorized"
2026-03-17 19:58:14,095 - ERROR - API调用错误: Error code: 401 - {'error': {'code': '', 'message': '[sk-47c***98e] 该令牌额度已用尽 !token.UnlimitedQuota && token.RemainQuota = -20154 (request id: 20260317195814210063384Ejypk4tJ)', 'type': 'thunlp_api_error'}}
2026-03-17 19:58:14,095 - INFO - 等待3秒后重试...
2026-03-17 19:58:17,211 - INFO - HTTP Request: POST https://toollearning.cn/v1/chat/completions "HTTP/1.1 401 Unauthorized"
2026-03-17 19:58:17,212 - ERROR - API调用错误: Error code: 401 - {'error': {'code': '', 'message': '[sk-47c***98e] 该令牌额度已用尽 !token.UnlimitedQuota && token.RemainQuota = -20154 (request id: 202603171958172948829355sn0ysel)', 'type': 'thunlp_api_error'}}
2026-03-17 19:58:17,213 - INFO - 等待3秒后重试...
2026-03-17 19:58:20,319 - INFO - HTTP Request: POST https://toollearning.cn/v1/chat/completions "HTTP/1.1 401 Unauthorized"
2026-03-17 19:58:20,321 - ERROR - API调用错误: Error code: 401 - {'error': {'code': '', 'message': '[sk-47c***98e] 该令牌额度已用尽 !token.UnlimitedQuota && token.RemainQuota = -20154 (request id: 20260317195820405201597RhK0r5v6)', 'type': 'thunlp_api_error'}}
2026-03-17 19:58:20,321 - ERROR - 处理样本 123 失败: Error code: 401 - {'error': {'code': '', 'message': '[sk-47c***98e] 该令牌额度已用尽 !token.UnlimitedQuota && token.RemainQuota = -20154 (request id: 20260317195820405201597RhK0r5v6)', 'type': 'thunlp_api_error'}}
2026-03-17 19:58:20,321 - INFO - 处理样本 124/393: 124
2026-03-17 19:58:21,190 - INFO - HTTP Request: POST https://toollearning.cn/v1/chat/completions "HTTP/1.1 401 Unauthorized"
2026-03-17 19:58:21,191 - ERROR - API调用错误: Error code: 401 - {'error': {'code': '', 'message': '[sk-47c***98e] 该令牌额度已用尽 !token.UnlimitedQuota && token.RemainQuota = -20154 (request id: 202603171958212998197484bJJhosz)', 'type': 'thunlp_api_error'}}
2026-03-17 19:58:21,192 - INFO - 等待3秒后重试...
2026-03-17 19:58:24,295 - INFO - HTTP Request: POST https://toollearning.cn/v1/chat/completions "HTTP/1.1 401 Unauthorized"
2026-03-17 19:58:24,297 - ERROR - API调用错误: Error code: 401 - {'error': {'code': '', 'message': '[sk-47c***98e] 该令牌额度已用尽 !token.UnlimitedQuota && token.RemainQuota = -20154 (request id: 20260317195824395060533vMFHO1Zf)', 'type': 'thunlp_api_error'}}
2026-03-17 19:58:24,297 - INFO - 等待3秒后重试...
2026-03-17 19:58:27,434 - INFO - HTTP Request: POST https://toollearning.cn/v1/chat/completions "HTTP/1.1 401 Unauthorized"
2026-03-17 19:58:27,435 - ERROR - API调用错误: Error code: 401 - {'error': {'code': '', 'message': '[sk-47c***98e] 该令牌额度已用尽 !token.UnlimitedQuota && token.RemainQuota = -20154 (request id: 202603171958274952822079uUp7BvM)', 'type': 'thunlp_api_error'}}
2026-03-17 19:58:27,435 - ERROR - 处理样本 124 失败: Error code: 401 - {'error': {'code': '', 'message': '[sk-47c***98e] 该令牌额度已用尽 !token.UnlimitedQuota && token.RemainQuota = -20154 (request id: 202603171958274952822079uUp7BvM)', 'type': 'thunlp_api_error'}}
2026-03-17 19:58:27,436 - INFO - 处理样本 125/393: 125
2026-03-17 19:58:28,417 - INFO - HTTP Request: POST https://toollearning.cn/v1/chat/completions "HTTP/1.1 401 Unauthorized"
2026-03-17 19:58:28,419 - ERROR - API调用错误: Error code: 401 - {'error': {'code': '', 'message': '[sk-47c***98e] 该令牌额度已用尽 !token.UnlimitedQuota && token.RemainQuota = -20154 (request id: 20260317195828460102506MLblZORj)', 'type': 'thunlp_api_error'}}
2026-03-17 19:58:28,419 - INFO - 等待3秒后重试...
2026-03-17 19:58:31,545 - INFO - HTTP Request: POST https://toollearning.cn/v1/chat/completions "HTTP/1.1 401 Unauthorized"
2026-03-17 19:58:31,546 - ERROR - API调用错误: Error code: 401 - {'error': {'code': '', 'message': '[sk-47c***98e] 该令牌额度已用尽 !token.UnlimitedQuota && token.RemainQuota = -20154 (request id: 20260317195831615255909HZKeqahO)', 'type': 'thunlp_api_error'}}
2026-03-17 19:58:31,546 - INFO - 等待3秒后重试...
2026-03-17 19:58:34,617 - INFO - HTTP Request: POST https://toollearning.cn/v1/chat/completions "HTTP/1.1 401 Unauthorized"
2026-03-17 19:58:34,618 - ERROR - API调用错误: Error code: 401 - {'error': {'code': '', 'message': '[sk-47c***98e] 该令牌额度已用尽 !token.UnlimitedQuota && token.RemainQuota = -20154 (request id: 20260317195834735939354f43JFSQZ)', 'type': 'thunlp_api_error'}}
2026-03-17 19:58:34,618 - ERROR - 处理样本 125 失败: Error code: 401 - {'error': {'code': '', 'message': '[sk-47c***98e] 该令牌额度已用尽 !token.UnlimitedQuota && token.RemainQuota = -20154 (request id: 20260317195834735939354f43JFSQZ)', 'type': 'thunlp_api_error'}}
2026-03-17 19:58:34,619 - INFO - 处理样本 126/393: 126
2026-03-17 19:58:35,417 - INFO - HTTP Request: POST https://toollearning.cn/v1/chat/completions "HTTP/1.1 401 Unauthorized"
2026-03-17 19:58:35,418 - ERROR - API调用错误: Error code: 401 - {'error': {'code': '', 'message': '[sk-47c***98e] 该令牌额度已用尽 !token.UnlimitedQuota && token.RemainQuota = -20154 (request id: 20260317195835513450201L03h7dza)', 'type': 'thunlp_api_error'}}
2026-03-17 19:58:35,419 - INFO - 等待3秒后重试...
2026-03-17 19:58:38,550 - INFO - HTTP Request: POST https://toollearning.cn/v1/chat/completions "HTTP/1.1 401 Unauthorized"
2026-03-17 19:58:38,551 - ERROR - API调用错误: Error code: 401 - {'error': {'code': '', 'message': '[sk-47c***98e] 该令牌额度已用尽 !token.UnlimitedQuota && token.RemainQuota = -20154 (request id: 20260317195838616292904o4YpwTEH)', 'type': 'thunlp_api_error'}}
2026-03-17 19:58:38,552 - INFO - 等待3秒后重试...
2026-03-17 19:58:41,696 - INFO - HTTP Request: POST https://toollearning.cn/v1/chat/completions "HTTP/1.1 401 Unauthorized"
2026-03-17 19:58:41,698 - ERROR - API调用错误: Error code: 401 - {'error': {'code': '', 'message': '[sk-47c***98e] 该令牌额度已用尽 !token.UnlimitedQuota && token.RemainQuota = -20154 (request id: 20260317195841756727107vF3rt6Wk)', 'type': 'thunlp_api_error'}}
2026-03-17 19:58:41,698 - ERROR - 处理样本 126 失败: Error code: 401 - {'error': {'code': '', 'message': '[sk-47c***98e] 该令牌额度已用尽 !token.UnlimitedQuota && token.RemainQuota = -20154 (request id: 20260317195841756727107vF3rt6Wk)', 'type': 'thunlp_api_error'}}
2026-03-17 19:58:41,699 - INFO - 处理样本 127/393: 127
2026-03-17 19:58:42,555 - INFO - HTTP Request: POST https://toollearning.cn/v1/chat/completions "HTTP/1.1 401 Unauthorized"
2026-03-17 19:58:42,556 - ERROR - API调用错误: Error code: 401 - {'error': {'code': '', 'message': '[sk-47c***98e] 该令牌额度已用尽 !token.UnlimitedQuota && token.RemainQuota = -20154 (request id: 20260317195842672388564qBwDmQyt)', 'type': 'thunlp_api_error'}}
2026-03-17 19:58:42,557 - INFO - 等待3秒后重试...
2026-03-17 19:58:45,644 - INFO - HTTP Request: POST https://toollearning.cn/v1/chat/completions "HTTP/1.1 401 Unauthorized"
2026-03-17 19:58:45,645 - ERROR - API调用错误: Error code: 401 - {'error': {'code': '', 'message': '[sk-47c***98e] 该令牌额度已用尽 !token.UnlimitedQuota && token.RemainQuota = -20154 (request id: 20260317195845747578413epX1Xqps)', 'type': 'thunlp_api_error'}}
2026-03-17 19:58:45,645 - INFO - 等待3秒后重试...
2026-03-17 19:58:48,730 - INFO - HTTP Request: POST https://toollearning.cn/v1/chat/completions "HTTP/1.1 401 Unauthorized"
2026-03-17 19:58:48,730 - ERROR - API调用错误: Error code: 401 - {'error': {'code': '', 'message': '[sk-47c***98e] 该令牌额度已用尽 !token.UnlimitedQuota && token.RemainQuota = -20154 (request id: 20260317195848843292917Dnm5p6mO)', 'type': 'thunlp_api_error'}}
2026-03-17 19:58:48,731 - ERROR - 处理样本 127 失败: Error code: 401 - {'error': {'code': '', 'message': '[sk-47c***98e] 该令牌额度已用尽 !token.UnlimitedQuota && token.RemainQuota = -20154 (request id: 20260317195848843292917Dnm5p6mO)', 'type': 'thunlp_api_error'}}
2026-03-17 19:58:48,731 - INFO - 处理样本 128/393: 128
2026-03-17 19:58:49,578 - INFO - HTTP Request: POST https://toollearning.cn/v1/chat/completions "HTTP/1.1 401 Unauthorized"
2026-03-17 19:58:49,579 - ERROR - API调用错误: Error code: 401 - {'error': {'code': '', 'message': '[sk-47c***98e] 该令牌额度已用尽 !token.UnlimitedQuota && token.RemainQuota = -20154 (request id: 20260317195849651638513p7RifTcX)', 'type': 'thunlp_api_error'}}
2026-03-17 19:58:49,579 - INFO - 等待3秒后重试...
2026-03-17 19:58:52,776 - INFO - HTTP Request: POST https://toollearning.cn/v1/chat/completions "HTTP/1.1 401 Unauthorized"
2026-03-17 19:58:52,777 - ERROR - API调用错误: Error code: 401 - {'error': {'code': '', 'message': '[sk-47c***98e] 该令牌额度已用尽 !token.UnlimitedQuota && token.RemainQuota = -20154 (request id: 20260317195852776552263vDNumGtQ)', 'type': 'thunlp_api_error'}}
2026-03-17 19:58:52,778 - INFO - 等待3秒后重试...
2026-03-17 19:58:55,916 - INFO - HTTP Request: POST https://toollearning.cn/v1/chat/completions "HTTP/1.1 401 Unauthorized"
2026-03-17 19:58:55,917 - ERROR - API调用错误: Error code: 401 - {'error': {'code': '', 'message': '[sk-47c***98e] 该令牌额度已用尽 !token.UnlimitedQuota && token.RemainQuota = -20154 (request id: 20260317195855989288682cyZvL2cs)', 'type': 'thunlp_api_error'}}
2026-03-17 19:58:55,917 - ERROR - 处理样本 128 失败: Error code: 401 - {'error': {'code': '', 'message': '[sk-47c***98e] 该令牌额度已用尽 !token.UnlimitedQuota && token.RemainQuota = -20154 (request id: 20260317195855989288682cyZvL2cs)', 'type': 'thunlp_api_error'}}
2026-03-17 19:58:55,918 - INFO - 处理样本 129/393: 129
2026-03-17 19:58:56,819 - INFO - HTTP Request: POST https://toollearning.cn/v1/chat/completions "HTTP/1.1 401 Unauthorized"
2026-03-17 19:58:56,820 - ERROR - API调用错误: Error code: 401 - {'error': {'code': '', 'message': '[sk-47c***98e] 该令牌额度已用尽 !token.UnlimitedQuota && token.RemainQuota = -20154 (request id: 20260317195856914907851IQ4OAUcX)', 'type': 'thunlp_api_error'}}
2026-03-17 19:58:56,820 - INFO - 等待3秒后重试...
2026-03-17 19:58:59,916 - INFO - HTTP Request: POST https://toollearning.cn/v1/chat/completions "HTTP/1.1 401 Unauthorized"
2026-03-17 19:58:59,917 - ERROR - API调用错误: Error code: 401 - {'error': {'code': '', 'message': '[sk-47c***98e] 该令牌额度已用尽 !token.UnlimitedQuota && token.RemainQuota = -20154 (request id: 2026031719590013156474KN7kUQdi)', 'type': 'thunlp_api_error'}}
2026-03-17 19:58:59,917 - INFO - 等待3秒后重试...
2026-03-17 19:59:02,987 - INFO - HTTP Request: POST https://toollearning.cn/v1/chat/completions "HTTP/1.1 401 Unauthorized"
2026-03-17 19:59:02,988 - ERROR - API调用错误: Error code: 401 - {'error': {'code': '', 'message': '[sk-47c***98e] 该令牌额度已用尽 !token.UnlimitedQuota && token.RemainQuota = -20154 (request id: 20260317195903108359531ULPu7GSZ)', 'type': 'thunlp_api_error'}}
2026-03-17 19:59:02,988 - ERROR - 处理样本 129 失败: Error code: 401 - {'error': {'code': '', 'message': '[sk-47c***98e] 该令牌额度已用尽 !token.UnlimitedQuota && token.RemainQuota = -20154 (request id: 20260317195903108359531ULPu7GSZ)', 'type': 'thunlp_api_error'}}
2026-03-17 19:59:02,989 - INFO - 处理样本 130/393: 130
2026-03-17 19:59:03,799 - INFO - HTTP Request: POST https://toollearning.cn/v1/chat/completions "HTTP/1.1 401 Unauthorized"
2026-03-17 19:59:03,800 - ERROR - API调用错误: Error code: 401 - {'error': {'code': '', 'message': '[sk-47c***98e] 该令牌额度已用尽 !token.UnlimitedQuota && token.RemainQuota = -20154 (request id: 20260317195903819798578pp9XtUW8)', 'type': 'thunlp_api_error'}}
2026-03-17 19:59:03,800 - INFO - 等待3秒后重试...
2026-03-17 19:59:06,884 - INFO - HTTP Request: POST https://toollearning.cn/v1/chat/completions "HTTP/1.1 401 Unauthorized"
2026-03-17 19:59:06,885 - ERROR - API调用错误: Error code: 401 - {'error': {'code': '', 'message': '[sk-47c***98e] 该令牌额度已用尽 !token.UnlimitedQuota && token.RemainQuota = -20154 (request id: 20260317195906999955138XxzO5RGq)', 'type': 'thunlp_api_error'}}
2026-03-17 19:59:06,885 - INFO - 等待3秒后重试...
2026-03-17 19:59:09,980 - INFO - HTTP Request: POST https://toollearning.cn/v1/chat/completions "HTTP/1.1 401 Unauthorized"
2026-03-17 19:59:09,981 - ERROR - API调用错误: Error code: 401 - {'error': {'code': '', 'message': '[sk-47c***98e] 该令牌额度已用尽 !token.UnlimitedQuota && token.RemainQuota = -20154 (request id: 2026031719591082756446JCFqOITH)', 'type': 'thunlp_api_error'}}
2026-03-17 19:59:09,982 - ERROR - 处理样本 130 失败: Error code: 401 - {'error': {'code': '', 'message': '[sk-47c***98e] 该令牌额度已用尽 !token.UnlimitedQuota && token.RemainQuota = -20154 (request id: 2026031719591082756446JCFqOITH)', 'type': 'thunlp_api_error'}}
2026-03-17 19:59:09,982 - INFO - 处理样本 131/393: 131
2026-03-17 19:59:10,866 - INFO - HTTP Request: POST https://toollearning.cn/v1/chat/completions "HTTP/1.1 401 Unauthorized"
2026-03-17 19:59:10,867 - ERROR - API调用错误: Error code: 401 - {'error': {'code': '', 'message': '[sk-47c***98e] 该令牌额度已用尽 !token.UnlimitedQuota && token.RemainQuota = -20154 (request id: 20260317195910982479721FO8WR17Z)', 'type': 'thunlp_api_error'}}
2026-03-17 19:59:10,867 - INFO - 等待3秒后重试...
2026-03-17 19:59:13,968 - INFO - HTTP Request: POST https://toollearning.cn/v1/chat/completions "HTTP/1.1 401 Unauthorized"
2026-03-17 19:59:13,969 - ERROR - API调用错误: Error code: 401 - {'error': {'code': '', 'message': '[sk-47c***98e] 该令牌额度已用尽 !token.UnlimitedQuota && token.RemainQuota = -20154 (request id: 20260317195914677029618Ckzj6BG)', 'type': 'thunlp_api_error'}}
2026-03-17 19:59:13,969 - INFO - 等待3秒后重试...
2026-03-17 19:59:17,141 - INFO - HTTP Request: POST https://toollearning.cn/v1/chat/completions "HTTP/1.1 401 Unauthorized"
2026-03-17 19:59:17,142 - ERROR - API调用错误: Error code: 401 - {'error': {'code': '', 'message': '[sk-47c***98e] 该令牌额度已用尽 !token.UnlimitedQuota && token.RemainQuota = -20154 (request id: 20260317195917185788629PHw3f1Af)', 'type': 'thunlp_api_error'}}
2026-03-17 19:59:17,142 - ERROR - 处理样本 131 失败: Error code: 401 - {'error': {'code': '', 'message': '[sk-47c***98e] 该令牌额度已用尽 !token.UnlimitedQuota && token.RemainQuota = -20154 (request id: 20260317195917185788629PHw3f1Af)', 'type': 'thunlp_api_error'}}
2026-03-17 19:59:17,142 - INFO - 处理样本 132/393: 132
2026-03-17 19:59:18,240 - INFO - HTTP Request: POST https://toollearning.cn/v1/chat/completions "HTTP/1.1 401 Unauthorized"
2026-03-17 19:59:18,241 - ERROR - API调用错误: Error code: 401 - {'error': {'code': '', 'message': '[sk-47c***98e] 该令牌额度已用尽 !token.UnlimitedQuota && token.RemainQuota = -20154 (request id: 20260317195918329520400d28zoCwW)', 'type': 'thunlp_api_error'}}
2026-03-17 19:59:18,242 - INFO - 等待3秒后重试...
2026-03-17 19:59:21,414 - INFO - HTTP Request: POST https://toollearning.cn/v1/chat/completions "HTTP/1.1 401 Unauthorized"
2026-03-17 19:59:21,415 - ERROR - API调用错误: Error code: 401 - {'error': {'code': '', 'message': '[sk-47c***98e] 该令牌额度已用尽 !token.UnlimitedQuota && token.RemainQuota = -20154 (request id: 20260317195921444688603GtlR9KU6)', 'type': 'thunlp_api_error'}}
2026-03-17 19:59:21,415 - INFO - 等待3秒后重试...
2026-03-17 19:59:24,590 - INFO - HTTP Request: POST https://toollearning.cn/v1/chat/completions "HTTP/1.1 401 Unauthorized"
2026-03-17 19:59:24,590 - ERROR - API调用错误: Error code: 401 - {'error': {'code': '', 'message': '[sk-47c***98e] 该令牌额度已用尽 !token.UnlimitedQuota && token.RemainQuota = -20154 (request id: 20260317195924609642155Xf4LRdCH)', 'type': 'thunlp_api_error'}}
2026-03-17 19:59:24,591 - ERROR - 处理样本 132 失败: Error code: 401 - {'error': {'code': '', 'message': '[sk-47c***98e] 该令牌额度已用尽 !token.UnlimitedQuota && token.RemainQuota = -20154 (request id: 20260317195924609642155Xf4LRdCH)', 'type': 'thunlp_api_error'}}
2026-03-17 19:59:24,591 - INFO - 处理样本 133/393: 133
2026-03-17 19:59:25,698 - INFO - HTTP Request: POST https://toollearning.cn/v1/chat/completions "HTTP/1.1 401 Unauthorized"
2026-03-17 19:59:25,699 - ERROR - API调用错误: Error code: 401 - {'error': {'code': '', 'message': '[sk-47c***98e] 该令牌额度已用尽 !token.UnlimitedQuota && token.RemainQuota = -20154 (request id: 20260317195925742596448KGCaNtfu)', 'type': 'thunlp_api_error'}}
2026-03-17 19:59:25,700 - INFO - 等待3秒后重试...
2026-03-17 19:59:29,003 - INFO - HTTP Request: POST https://toollearning.cn/v1/chat/completions "HTTP/1.1 401 Unauthorized"
2026-03-17 19:59:29,003 - ERROR - API调用错误: Error code: 401 - {'error': {'code': '', 'message': '[sk-47c***98e] 该令牌额度已用尽 !token.UnlimitedQuota && token.RemainQuota = -20154 (request id: 20260317195928900954600vOAnMCbr)', 'type': 'thunlp_api_error'}}
2026-03-17 19:59:29,004 - INFO - 等待3秒后重试...
2026-03-17 19:59:32,167 - INFO - HTTP Request: POST https://toollearning.cn/v1/chat/completions "HTTP/1.1 401 Unauthorized"
2026-03-17 19:59:32,168 - ERROR - API调用错误: Error code: 401 - {'error': {'code': '', 'message': '[sk-47c***98e] 该令牌额度已用尽 !token.UnlimitedQuota && token.RemainQuota = -20154 (request id: 20260317195932203498853D7FN0DC0)', 'type': 'thunlp_api_error'}}
2026-03-17 19:59:32,168 - ERROR - 处理样本 133 失败: Error code: 401 - {'error': {'code': '', 'message': '[sk-47c***98e] 该令牌额度已用尽 !token.UnlimitedQuota && token.RemainQuota = -20154 (request id: 20260317195932203498853D7FN0DC0)', 'type': 'thunlp_api_error'}}
2026-03-17 19:59:32,169 - INFO - 处理样本 134/393: 134
2026-03-17 19:59:33,088 - INFO - HTTP Request: POST https://toollearning.cn/v1/chat/completions "HTTP/1.1 401 Unauthorized"
2026-03-17 19:59:33,089 - ERROR - API调用错误: Error code: 401 - {'error': {'code': '', 'message': '[sk-47c***98e] 该令牌额度已用尽 !token.UnlimitedQuota && token.RemainQuota = -20154 (request id: 20260317195933174323410lrLzQQZn)', 'type': 'thunlp_api_error'}}
2026-03-17 19:59:33,090 - INFO - 等待3秒后重试...
2026-03-17 19:59:36,208 - INFO - HTTP Request: POST https://toollearning.cn/v1/chat/completions "HTTP/1.1 401 Unauthorized"
2026-03-17 19:59:36,209 - ERROR - API调用错误: Error code: 401 - {'error': {'code': '', 'message': '[sk-47c***98e] 该令牌额度已用尽 !token.UnlimitedQuota && token.RemainQuota = -20154 (request id: 202603171959363173011642xsmNdo5)', 'type': 'thunlp_api_error'}}
2026-03-17 19:59:36,209 - INFO - 等待3秒后重试...
2026-03-17 19:59:39,334 - INFO - HTTP Request: POST https://toollearning.cn/v1/chat/completions "HTTP/1.1 401 Unauthorized"
2026-03-17 19:59:39,335 - ERROR - API调用错误: Error code: 401 - {'error': {'code': '', 'message': '[sk-47c***98e] 该令牌额度已用尽 !token.UnlimitedQuota && token.RemainQuota = -20154 (request id: 20260317195939407333258LvJfldJa)', 'type': 'thunlp_api_error'}}
2026-03-17 19:59:39,336 - ERROR - 处理样本 134 失败: Error code: 401 - {'error': {'code': '', 'message': '[sk-47c***98e] 该令牌额度已用尽 !token.UnlimitedQuota && token.RemainQuota = -20154 (request id: 20260317195939407333258LvJfldJa)', 'type': 'thunlp_api_error'}}
2026-03-17 19:59:39,336 - INFO - 处理样本 135/393: 135
2026-03-17 19:59:40,162 - INFO - HTTP Request: POST https://toollearning.cn/v1/chat/completions "HTTP/1.1 401 Unauthorized"
2026-03-17 19:59:40,164 - ERROR - API调用错误: Error code: 401 - {'error': {'code': '', 'message': '[sk-47c***98e] 该令牌额度已用尽 !token.UnlimitedQuota && token.RemainQuota = -20154 (request id: 20260317195940281596394prYUPLaL)', 'type': 'thunlp_api_error'}}
2026-03-17 19:59:40,165 - INFO - 等待3秒后重试...
2026-03-17 19:59:43,262 - INFO - HTTP Request: POST https://toollearning.cn/v1/chat/completions "HTTP/1.1 401 Unauthorized"
2026-03-17 19:59:43,262 - ERROR - API调用错误: Error code: 401 - {'error': {'code': '', 'message': '[sk-47c***98e] 该令牌额度已用尽 !token.UnlimitedQuota && token.RemainQuota = -20154 (request id: 202603171959433762283008W75WGd5)', 'type': 'thunlp_api_error'}}
2026-03-17 19:59:43,263 - INFO - 等待3秒后重试...
2026-03-17 19:59:46,382 - INFO - HTTP Request: POST https://toollearning.cn/v1/chat/completions "HTTP/1.1 401 Unauthorized"
2026-03-17 19:59:46,383 - ERROR - API调用错误: Error code: 401 - {'error': {'code': '', 'message': '[sk-47c***98e] 该令牌额度已用尽 !token.UnlimitedQuota && token.RemainQuota = -20154 (request id: 20260317195946476196486gQmOk7Xd)', 'type': 'thunlp_api_error'}}
2026-03-17 19:59:46,383 - ERROR - 处理样本 135 失败: Error code: 401 - {'error': {'code': '', 'message': '[sk-47c***98e] 该令牌额度已用尽 !token.UnlimitedQuota && token.RemainQuota = -20154 (request id: 20260317195946476196486gQmOk7Xd)', 'type': 'thunlp_api_error'}}
2026-03-17 19:59:46,383 - INFO - 处理样本 136/393: 136
2026-03-17 19:59:47,304 - INFO - HTTP Request: POST https://toollearning.cn/v1/chat/completions "HTTP/1.1 401 Unauthorized"
2026-03-17 19:59:47,305 - ERROR - API调用错误: Error code: 401 - {'error': {'code': '', 'message': '[sk-47c***98e] 该令牌额度已用尽 !token.UnlimitedQuota && token.RemainQuota = -20154 (request id: 20260317195947402560646wtTbkFCv)', 'type': 'thunlp_api_error'}}
2026-03-17 19:59:47,306 - INFO - 等待3秒后重试...
2026-03-17 19:59:50,496 - INFO - HTTP Request: POST https://toollearning.cn/v1/chat/completions "HTTP/1.1 401 Unauthorized"
2026-03-17 19:59:50,498 - ERROR - API调用错误: Error code: 401 - {'error': {'code': '', 'message': '[sk-47c***98e] 该令牌额度已用尽 !token.UnlimitedQuota && token.RemainQuota = -20154 (request id: 202603171959505225385221skldLn9)', 'type': 'thunlp_api_error'}}
2026-03-17 19:59:50,498 - INFO - 等待3秒后重试...
2026-03-17 19:59:53,655 - INFO - HTTP Request: POST https://toollearning.cn/v1/chat/completions "HTTP/1.1 401 Unauthorized"
2026-03-17 19:59:53,656 - ERROR - API调用错误: Error code: 401 - {'error': {'code': '', 'message': '[sk-47c***98e] 该令牌额度已用尽 !token.UnlimitedQuota && token.RemainQuota = -20154 (request id: 20260317195953712894084Vh6Eq3pw)', 'type': 'thunlp_api_error'}}
2026-03-17 19:59:53,657 - ERROR - 处理样本 136 失败: Error code: 401 - {'error': {'code': '', 'message': '[sk-47c***98e] 该令牌额度已用尽 !token.UnlimitedQuota && token.RemainQuota = -20154 (request id: 20260317195953712894084Vh6Eq3pw)', 'type': 'thunlp_api_error'}}
2026-03-17 19:59:53,657 - INFO - 处理样本 137/393: 137
2026-03-17 19:59:54,578 - INFO - HTTP Request: POST https://toollearning.cn/v1/chat/completions "HTTP/1.1 401 Unauthorized"
2026-03-17 19:59:54,578 - ERROR - API调用错误: Error code: 401 - {'error': {'code': '', 'message': '[sk-47c***98e] 该令牌额度已用尽 !token.UnlimitedQuota && token.RemainQuota = -20154 (request id: 20260317195954659875811iRG0vety)', 'type': 'thunlp_api_error'}}
2026-03-17 19:59:54,579 - INFO - 等待3秒后重试...
2026-03-17 19:59:57,673 - INFO - HTTP Request: POST https://toollearning.cn/v1/chat/completions "HTTP/1.1 401 Unauthorized"
2026-03-17 19:59:57,674 - ERROR - API调用错误: Error code: 401 - {'error': {'code': '', 'message': '[sk-47c***98e] 该令牌额度已用尽 !token.UnlimitedQuota && token.RemainQuota = -20154 (request id: 20260317195957790572733EL5JcECL)', 'type': 'thunlp_api_error'}}
2026-03-17 19:59:57,674 - INFO - 等待3秒后重试...
2026-03-17 20:00:00,847 - INFO - HTTP Request: POST https://toollearning.cn/v1/chat/completions "HTTP/1.1 401 Unauthorized"
2026-03-17 20:00:00,847 - ERROR - API调用错误: Error code: 401 - {'error': {'code': '', 'message': '[sk-47c***98e] 该令牌额度已用尽 !token.UnlimitedQuota && token.RemainQuota = -20154 (request id: 20260317200000861239070XLO2hLYK)', 'type': 'thunlp_api_error'}}
2026-03-17 20:00:00,848 - ERROR - 处理样本 137 失败: Error code: 401 - {'error': {'code': '', 'message': '[sk-47c***98e] 该令牌额度已用尽 !token.UnlimitedQuota && token.RemainQuota = -20154 (request id: 20260317200000861239070XLO2hLYK)', 'type': 'thunlp_api_error'}}
2026-03-17 20:00:00,848 - INFO - 处理样本 138/393: 138
2026-03-17 20:00:01,683 - INFO - HTTP Request: POST https://toollearning.cn/v1/chat/completions "HTTP/1.1 401 Unauthorized"
2026-03-17 20:00:01,684 - ERROR - API调用错误: Error code: 401 - {'error': {'code': '', 'message': '[sk-47c***98e] 该令牌额度已用尽 !token.UnlimitedQuota && token.RemainQuota = -20154 (request id: 20260317200001740655833HCi3PWPv)', 'type': 'thunlp_api_error'}}
2026-03-17 20:00:01,684 - INFO - 等待3秒后重试...
2026-03-17 20:00:04,858 - INFO - HTTP Request: POST https://toollearning.cn/v1/chat/completions "HTTP/1.1 401 Unauthorized"
2026-03-17 20:00:04,863 - ERROR - API调用错误: Error code: 401 - {'error': {'code': '', 'message': '[sk-47c***98e] 该令牌额度已用尽 !token.UnlimitedQuota && token.RemainQuota = -20154 (request id: 20260317200004880509175HMlOwRUn)', 'type': 'thunlp_api_error'}}
2026-03-17 20:00:04,864 - INFO - 等待3秒后重试...
2026-03-17 20:00:08,009 - INFO - HTTP Request: POST https://toollearning.cn/v1/chat/completions "HTTP/1.1 401 Unauthorized"
2026-03-17 20:00:08,010 - ERROR - API调用错误: Error code: 401 - {'error': {'code': '', 'message': '[sk-47c***98e] 该令牌额度已用尽 !token.UnlimitedQuota && token.RemainQuota = -20154 (request id: 2026031720000865781432m04YCW4A)', 'type': 'thunlp_api_error'}}
2026-03-17 20:00:08,011 - ERROR - 处理样本 138 失败: Error code: 401 - {'error': {'code': '', 'message': '[sk-47c***98e] 该令牌额度已用尽 !token.UnlimitedQuota && token.RemainQuota = -20154 (request id: 2026031720000865781432m04YCW4A)', 'type': 'thunlp_api_error'}}
2026-03-17 20:00:08,011 - INFO - 处理样本 139/393: 139
2026-03-17 20:00:08,703 - INFO - HTTP Request: POST https://toollearning.cn/v1/chat/completions "HTTP/1.1 401 Unauthorized"
2026-03-17 20:00:08,703 - ERROR - API调用错误: Error code: 401 - {'error': {'code': '', 'message': '[sk-47c***98e] 该令牌额度已用尽 !token.UnlimitedQuota && token.RemainQuota = -20154 (request id: 20260317200008814734627PTtdyIN2)', 'type': 'thunlp_api_error'}}
2026-03-17 20:00:08,704 - INFO - 等待3秒后重试...
2026-03-17 20:00:11,841 - INFO - HTTP Request: POST https://toollearning.cn/v1/chat/completions "HTTP/1.1 401 Unauthorized"
2026-03-17 20:00:11,842 - ERROR - API调用错误: Error code: 401 - {'error': {'code': '', 'message': '[sk-47c***98e] 该令牌额度已用尽 !token.UnlimitedQuota && token.RemainQuota = -20154 (request id: 20260317200011884252395Nr1Lo65t)', 'type': 'thunlp_api_error'}}
2026-03-17 20:00:11,843 - INFO - 等待3秒后重试...
2026-03-17 20:00:14,920 - INFO - HTTP Request: POST https://toollearning.cn/v1/chat/completions "HTTP/1.1 401 Unauthorized"
2026-03-17 20:00:14,920 - ERROR - API调用错误: Error code: 401 - {'error': {'code': '', 'message': '[sk-47c***98e] 该令牌额度已用尽 !token.UnlimitedQuota && token.RemainQuota = -20154 (request id: 2026031720001534086256FnYLgVA6)', 'type': 'thunlp_api_error'}}
2026-03-17 20:00:14,921 - ERROR - 处理样本 139 失败: Error code: 401 - {'error': {'code': '', 'message': '[sk-47c***98e] 该令牌额度已用尽 !token.UnlimitedQuota && token.RemainQuota = -20154 (request id: 2026031720001534086256FnYLgVA6)', 'type': 'thunlp_api_error'}}
2026-03-17 20:00:14,921 - INFO - 处理样本 140/393: 140
2026-03-17 20:00:15,913 - INFO - HTTP Request: POST https://toollearning.cn/v1/chat/completions "HTTP/1.1 401 Unauthorized"
2026-03-17 20:00:15,914 - ERROR - API调用错误: Error code: 401 - {'error': {'code': '', 'message': '[sk-47c***98e] 该令牌额度已用尽 !token.UnlimitedQuota && token.RemainQuota = -20154 (request id: 202603172000159859510593Kmb4s1T)', 'type': 'thunlp_api_error'}}
2026-03-17 20:00:15,915 - INFO - 等待3秒后重试...
2026-03-17 20:00:18,994 - INFO - HTTP Request: POST https://toollearning.cn/v1/chat/completions "HTTP/1.1 401 Unauthorized"
2026-03-17 20:00:18,994 - ERROR - API调用错误: Error code: 401 - {'error': {'code': '', 'message': '[sk-47c***98e] 该令牌额度已用尽 !token.UnlimitedQuota && token.RemainQuota = -20154 (request id: 20260317200019110433609Zw9BpL0O)', 'type': 'thunlp_api_error'}}
2026-03-17 20:00:18,995 - INFO - 等待3秒后重试...
2026-03-17 20:00:22,138 - INFO - HTTP Request: POST https://toollearning.cn/v1/chat/completions "HTTP/1.1 401 Unauthorized"
2026-03-17 20:00:22,139 - ERROR - API调用错误: Error code: 401 - {'error': {'code': '', 'message': '[sk-47c***98e] 该令牌额度已用尽 !token.UnlimitedQuota && token.RemainQuota = -20154 (request id: 20260317200022205441231onf9WTrj)', 'type': 'thunlp_api_error'}}
2026-03-17 20:00:22,139 - ERROR - 处理样本 140 失败: Error code: 401 - {'error': {'code': '', 'message': '[sk-47c***98e] 该令牌额度已用尽 !token.UnlimitedQuota && token.RemainQuota = -20154 (request id: 20260317200022205441231onf9WTrj)', 'type': 'thunlp_api_error'}}
2026-03-17 20:00:22,139 - INFO - 处理样本 141/393: 141
2026-03-17 20:00:23,091 - INFO - HTTP Request: POST https://toollearning.cn/v1/chat/completions "HTTP/1.1 401 Unauthorized"
2026-03-17 20:00:23,092 - ERROR - API调用错误: Error code: 401 - {'error': {'code': '', 'message': '[sk-47c***98e] 该令牌额度已用尽 !token.UnlimitedQuota && token.RemainQuota = -20154 (request id: 20260317200023213155706xl10ESUi)', 'type': 'thunlp_api_error'}}
2026-03-17 20:00:23,092 - INFO - 等待3秒后重试...
2026-03-17 20:00:26,171 - INFO - HTTP Request: POST https://toollearning.cn/v1/chat/completions "HTTP/1.1 401 Unauthorized"
2026-03-17 20:00:26,172 - ERROR - API调用错误: Error code: 401 - {'error': {'code': '', 'message': '[sk-47c***98e] 该令牌额度已用尽 !token.UnlimitedQuota && token.RemainQuota = -20154 (request id: 20260317200026283146918gsGXNCDl)', 'type': 'thunlp_api_error'}}
2026-03-17 20:00:26,173 - INFO - 等待3秒后重试...
2026-03-17 20:00:29,275 - INFO - HTTP Request: POST https://toollearning.cn/v1/chat/completions "HTTP/1.1 401 Unauthorized"
2026-03-17 20:00:29,276 - ERROR - API调用错误: Error code: 401 - {'error': {'code': '', 'message': '[sk-47c***98e] 该令牌额度已用尽 !token.UnlimitedQuota && token.RemainQuota = -20154 (request id: 20260317200029377984118oAsVqzTT)', 'type': 'thunlp_api_error'}}
2026-03-17 20:00:29,276 - ERROR - 处理样本 141 失败: Error code: 401 - {'error': {'code': '', 'message': '[sk-47c***98e] 该令牌额度已用尽 !token.UnlimitedQuota && token.RemainQuota = -20154 (request id: 20260317200029377984118oAsVqzTT)', 'type': 'thunlp_api_error'}}
2026-03-17 20:00:29,277 - INFO - 处理样本 142/393: 142
2026-03-17 20:00:30,278 - INFO - HTTP Request: POST https://toollearning.cn/v1/chat/completions "HTTP/1.1 401 Unauthorized"
2026-03-17 20:00:30,279 - ERROR - API调用错误: Error code: 401 - {'error': {'code': '', 'message': '[sk-47c***98e] 该令牌额度已用尽 !token.UnlimitedQuota && token.RemainQuota = -20154 (request id: 20260317200030334116482nWBp2TQ2)', 'type': 'thunlp_api_error'}}
2026-03-17 20:00:30,279 - INFO - 等待3秒后重试...
2026-03-17 20:00:33,426 - INFO - HTTP Request: POST https://toollearning.cn/v1/chat/completions "HTTP/1.1 401 Unauthorized"
2026-03-17 20:00:33,427 - ERROR - API调用错误: Error code: 401 - {'error': {'code': '', 'message': '[sk-47c***98e] 该令牌额度已用尽 !token.UnlimitedQuota && token.RemainQuota = -20154 (request id: 202603172000334848554834rCMk8GY)', 'type': 'thunlp_api_error'}}
2026-03-17 20:00:33,427 - INFO - 等待3秒后重试...
2026-03-17 20:00:36,560 - INFO - HTTP Request: POST https://toollearning.cn/v1/chat/completions "HTTP/1.1 401 Unauthorized"
2026-03-17 20:00:36,561 - ERROR - API调用错误: Error code: 401 - {'error': {'code': '', 'message': '[sk-47c***98e] 该令牌额度已用尽 !token.UnlimitedQuota && token.RemainQuota = -20154 (request id: 20260317200036624404675CYRuFy6i)', 'type': 'thunlp_api_error'}}
2026-03-17 20:00:36,561 - ERROR - 处理样本 142 失败: Error code: 401 - {'error': {'code': '', 'message': '[sk-47c***98e] 该令牌额度已用尽 !token.UnlimitedQuota && token.RemainQuota = -20154 (request id: 20260317200036624404675CYRuFy6i)', 'type': 'thunlp_api_error'}}
2026-03-17 20:00:36,562 - INFO - 处理样本 143/393: 143
2026-03-17 20:00:37,382 - INFO - HTTP Request: POST https://toollearning.cn/v1/chat/completions "HTTP/1.1 401 Unauthorized"
2026-03-17 20:00:37,382 - ERROR - API调用错误: Error code: 401 - {'error': {'code': '', 'message': '[sk-47c***98e] 该令牌额度已用尽 !token.UnlimitedQuota && token.RemainQuota = -20154 (request id: 20260317200037485699421wN1jDfpS)', 'type': 'thunlp_api_error'}}
2026-03-17 20:00:37,383 - INFO - 等待3秒后重试...
2026-03-17 20:00:40,467 - INFO - HTTP Request: POST https://toollearning.cn/v1/chat/completions "HTTP/1.1 401 Unauthorized"
2026-03-17 20:00:40,468 - ERROR - API调用错误: Error code: 401 - {'error': {'code': '', 'message': '[sk-47c***98e] 该令牌额度已用尽 !token.UnlimitedQuota && token.RemainQuota = -20154 (request id: 20260317200040578558158Af0wzDJA)', 'type': 'thunlp_api_error'}}
2026-03-17 20:00:40,468 - INFO - 等待3秒后重试...
2026-03-17 20:00:43,621 - INFO - HTTP Request: POST https://toollearning.cn/v1/chat/completions "HTTP/1.1 401 Unauthorized"
2026-03-17 20:00:43,622 - ERROR - API调用错误: Error code: 401 - {'error': {'code': '', 'message': '[sk-47c***98e] 该令牌额度已用尽 !token.UnlimitedQuota && token.RemainQuota = -20154 (request id: 20260317200043666230670hUQHsUWn)', 'type': 'thunlp_api_error'}}
2026-03-17 20:00:43,622 - ERROR - 处理样本 143 失败: Error code: 401 - {'error': {'code': '', 'message': '[sk-47c***98e] 该令牌额度已用尽 !token.UnlimitedQuota && token.RemainQuota = -20154 (request id: 20260317200043666230670hUQHsUWn)', 'type': 'thunlp_api_error'}}
2026-03-17 20:00:43,622 - INFO - 处理样本 144/393: 144
2026-03-17 20:00:44,415 - INFO - HTTP Request: POST https://toollearning.cn/v1/chat/completions "HTTP/1.1 401 Unauthorized"
2026-03-17 20:00:44,416 - ERROR - API调用错误: Error code: 401 - {'error': {'code': '', 'message': '[sk-47c***98e] 该令牌额度已用尽 !token.UnlimitedQuota && token.RemainQuota = -20154 (request id: 20260317200044521973223Wtu3083k)', 'type': 'thunlp_api_error'}}
2026-03-17 20:00:44,417 - INFO - 等待3秒后重试...
2026-03-17 20:00:47,502 - INFO - HTTP Request: POST https://toollearning.cn/v1/chat/completions "HTTP/1.1 401 Unauthorized"
2026-03-17 20:00:47,504 - ERROR - API调用错误: Error code: 401 - {'error': {'code': '', 'message': '[sk-47c***98e] 该令牌额度已用尽 !token.UnlimitedQuota && token.RemainQuota = -20154 (request id: 20260317200047620633236XvcCowWA)', 'type': 'thunlp_api_error'}}
2026-03-17 20:00:47,504 - INFO - 等待3秒后重试...
2026-03-17 20:00:50,586 - INFO - HTTP Request: POST https://toollearning.cn/v1/chat/completions "HTTP/1.1 401 Unauthorized"
2026-03-17 20:00:50,587 - ERROR - API调用错误: Error code: 401 - {'error': {'code': '', 'message': '[sk-47c***98e] 该令牌额度已用尽 !token.UnlimitedQuota && token.RemainQuota = -20154 (request id: 20260317200050707064112UhVgxIPO)', 'type': 'thunlp_api_error'}}
2026-03-17 20:00:50,587 - ERROR - 处理样本 144 失败: Error code: 401 - {'error': {'code': '', 'message': '[sk-47c***98e] 该令牌额度已用尽 !token.UnlimitedQuota && token.RemainQuota = -20154 (request id: 20260317200050707064112UhVgxIPO)', 'type': 'thunlp_api_error'}}
2026-03-17 20:00:50,587 - INFO - 处理样本 145/393: 145
2026-03-17 20:00:51,408 - INFO - HTTP Request: POST https://toollearning.cn/v1/chat/completions "HTTP/1.1 401 Unauthorized"
2026-03-17 20:00:51,409 - ERROR - API调用错误: Error code: 401 - {'error': {'code': '', 'message': '[sk-47c***98e] 该令牌额度已用尽 !token.UnlimitedQuota && token.RemainQuota = -20154 (request id: 20260317200051509895631yT6MJXus)', 'type': 'thunlp_api_error'}}
2026-03-17 20:00:51,409 - INFO - 等待3秒后重试...
2026-03-17 20:00:54,586 - INFO - HTTP Request: POST https://toollearning.cn/v1/chat/completions "HTTP/1.1 401 Unauthorized"
2026-03-17 20:00:54,587 - ERROR - API调用错误: Error code: 401 - {'error': {'code': '', 'message': '[sk-47c***98e] 该令牌额度已用尽 !token.UnlimitedQuota && token.RemainQuota = -20154 (request id: 2026031720005460992232414OtLy4S)', 'type': 'thunlp_api_error'}}
2026-03-17 20:00:54,587 - INFO - 等待3秒后重试...
2026-03-17 20:00:57,679 - INFO - HTTP Request: POST https://toollearning.cn/v1/chat/completions "HTTP/1.1 401 Unauthorized"
2026-03-17 20:00:57,680 - ERROR - API调用错误: Error code: 401 - {'error': {'code': '', 'message': '[sk-47c***98e] 该令牌额度已用尽 !token.UnlimitedQuota && token.RemainQuota = -20154 (request id: 20260317200057790005950JpdksLUp)', 'type': 'thunlp_api_error'}}
2026-03-17 20:00:57,680 - ERROR - 处理样本 145 失败: Error code: 401 - {'error': {'code': '', 'message': '[sk-47c***98e] 该令牌额度已用尽 !token.UnlimitedQuota && token.RemainQuota = -20154 (request id: 20260317200057790005950JpdksLUp)', 'type': 'thunlp_api_error'}}
2026-03-17 20:00:57,681 - INFO - 处理样本 146/393: 146
2026-03-17 20:00:58,676 - INFO - HTTP Request: POST https://toollearning.cn/v1/chat/completions "HTTP/1.1 401 Unauthorized"
2026-03-17 20:00:58,677 - ERROR - API调用错误: Error code: 401 - {'error': {'code': '', 'message': '[sk-47c***98e] 该令牌额度已用尽 !token.UnlimitedQuota && token.RemainQuota = -20154 (request id: 20260317200058793279146laVQwz8o)', 'type': 'thunlp_api_error'}}
2026-03-17 20:00:58,677 - INFO - 等待3秒后重试...
2026-03-17 20:01:01,793 - INFO - HTTP Request: POST https://toollearning.cn/v1/chat/completions "HTTP/1.1 401 Unauthorized"
2026-03-17 20:01:01,794 - ERROR - API调用错误: Error code: 401 - {'error': {'code': '', 'message': '[sk-47c***98e] 该令牌额度已用尽 !token.UnlimitedQuota && token.RemainQuota = -20154 (request id: 20260317200101890778507ZjQxb9EX)', 'type': 'thunlp_api_error'}}
2026-03-17 20:01:01,794 - INFO - 等待3秒后重试...
2026-03-17 20:01:04,943 - INFO - HTTP Request: POST https://toollearning.cn/v1/chat/completions "HTTP/1.1 401 Unauthorized"
2026-03-17 20:01:04,944 - ERROR - API调用错误: Error code: 401 - {'error': {'code': '', 'message': '[sk-47c***98e] 该令牌额度已用尽 !token.UnlimitedQuota && token.RemainQuota = -20154 (request id: 202603172001053258019QzQBdw9u)', 'type': 'thunlp_api_error'}}
2026-03-17 20:01:04,944 - ERROR - 处理样本 146 失败: Error code: 401 - {'error': {'code': '', 'message': '[sk-47c***98e] 该令牌额度已用尽 !token.UnlimitedQuota && token.RemainQuota = -20154 (request id: 202603172001053258019QzQBdw9u)', 'type': 'thunlp_api_error'}}
2026-03-17 20:01:04,945 - INFO - 处理样本 147/393: 147
2026-03-17 20:01:05,972 - INFO - HTTP Request: POST https://toollearning.cn/v1/chat/completions "HTTP/1.1 401 Unauthorized"
2026-03-17 20:01:05,973 - ERROR - API调用错误: Error code: 401 - {'error': {'code': '', 'message': '[sk-47c***98e] 该令牌额度已用尽 !token.UnlimitedQuota && token.RemainQuota = -20154 (request id: 2026031720010676291452tbZw0qc9)', 'type': 'thunlp_api_error'}}
2026-03-17 20:01:05,973 - INFO - 等待3秒后重试...
2026-03-17 20:01:09,057 - INFO - HTTP Request: POST https://toollearning.cn/v1/chat/completions "HTTP/1.1 401 Unauthorized"
2026-03-17 20:01:09,058 - ERROR - API调用错误: Error code: 401 - {'error': {'code': '', 'message': '[sk-47c***98e] 该令牌额度已用尽 !token.UnlimitedQuota && token.RemainQuota = -20154 (request id: 20260317200109169149277j3v1tund)', 'type': 'thunlp_api_error'}}
2026-03-17 20:01:09,059 - INFO - 等待3秒后重试...
2026-03-17 20:01:12,131 - INFO - HTTP Request: POST https://toollearning.cn/v1/chat/completions "HTTP/1.1 401 Unauthorized"
2026-03-17 20:01:12,131 - ERROR - API调用错误: Error code: 401 - {'error': {'code': '', 'message': '[sk-47c***98e] 该令牌额度已用尽 !token.UnlimitedQuota && token.RemainQuota = -20154 (request id: 20260317200112251922362lhw3XK8y)', 'type': 'thunlp_api_error'}}
2026-03-17 20:01:12,132 - ERROR - 处理样本 147 失败: Error code: 401 - {'error': {'code': '', 'message': '[sk-47c***98e] 该令牌额度已用尽 !token.UnlimitedQuota && token.RemainQuota = -20154 (request id: 20260317200112251922362lhw3XK8y)', 'type': 'thunlp_api_error'}}
2026-03-17 20:01:12,132 - INFO - 处理样本 148/393: 148
2026-03-17 20:01:13,039 - INFO - HTTP Request: POST https://toollearning.cn/v1/chat/completions "HTTP/1.1 401 Unauthorized"
2026-03-17 20:01:13,040 - ERROR - API调用错误: Error code: 401 - {'error': {'code': '', 'message': '[sk-47c***98e] 该令牌额度已用尽 !token.UnlimitedQuota && token.RemainQuota = -20154 (request id: 20260317200113159311532ZX155jVY)', 'type': 'thunlp_api_error'}}
2026-03-17 20:01:13,040 - INFO - 等待3秒后重试...
2026-03-17 20:01:16,131 - INFO - HTTP Request: POST https://toollearning.cn/v1/chat/completions "HTTP/1.1 401 Unauthorized"
2026-03-17 20:01:16,132 - ERROR - API调用错误: Error code: 401 - {'error': {'code': '', 'message': '[sk-47c***98e] 该令牌额度已用尽 !token.UnlimitedQuota && token.RemainQuota = -20154 (request id: 202603172001162430728368Odk0E0c)', 'type': 'thunlp_api_error'}}
2026-03-17 20:01:16,133 - INFO - 等待3秒后重试...
2026-03-17 20:01:19,346 - INFO - HTTP Request: POST https://toollearning.cn/v1/chat/completions "HTTP/1.1 401 Unauthorized"
2026-03-17 20:01:19,347 - ERROR - API调用错误: Error code: 401 - {'error': {'code': '', 'message': '[sk-47c***98e] 该令牌额度已用尽 !token.UnlimitedQuota && token.RemainQuota = -20154 (request id: 20260317200119339915646oC4i6X2y)', 'type': 'thunlp_api_error'}}
2026-03-17 20:01:19,347 - ERROR - 处理样本 148 失败: Error code: 401 - {'error': {'code': '', 'message': '[sk-47c***98e] 该令牌额度已用尽 !token.UnlimitedQuota && token.RemainQuota = -20154 (request id: 20260317200119339915646oC4i6X2y)', 'type': 'thunlp_api_error'}}
2026-03-17 20:01:19,348 - INFO - 处理样本 149/393: 149
2026-03-17 20:01:20,490 - INFO - HTTP Request: POST https://toollearning.cn/v1/chat/completions "HTTP/1.1 401 Unauthorized"
2026-03-17 20:01:20,491 - ERROR - API调用错误: Error code: 401 - {'error': {'code': '', 'message': '[sk-47c***98e] 该令牌额度已用尽 !token.UnlimitedQuota && token.RemainQuota = -20154 (request id: 20260317200120604219218GvabPrOE)', 'type': 'thunlp_api_error'}}
2026-03-17 20:01:20,491 - INFO - 等待3秒后重试...
2026-03-17 20:01:23,611 - INFO - HTTP Request: POST https://toollearning.cn/v1/chat/completions "HTTP/1.1 401 Unauthorized"
2026-03-17 20:01:23,611 - ERROR - API调用错误: Error code: 401 - {'error': {'code': '', 'message': '[sk-47c***98e] 该令牌额度已用尽 !token.UnlimitedQuota && token.RemainQuota = -20154 (request id: 202603172001236847384402bwKHCKn)', 'type': 'thunlp_api_error'}}
2026-03-17 20:01:23,612 - INFO - 等待3秒后重试...
2026-03-17 20:01:26,682 - INFO - HTTP Request: POST https://toollearning.cn/v1/chat/completions "HTTP/1.1 401 Unauthorized"
2026-03-17 20:01:26,683 - ERROR - API调用错误: Error code: 401 - {'error': {'code': '', 'message': '[sk-47c***98e] 该令牌额度已用尽 !token.UnlimitedQuota && token.RemainQuota = -20154 (request id: 20260317200126802203107UQHsu3uZ)', 'type': 'thunlp_api_error'}}
2026-03-17 20:01:26,683 - ERROR - 处理样本 149 失败: Error code: 401 - {'error': {'code': '', 'message': '[sk-47c***98e] 该令牌额度已用尽 !token.UnlimitedQuota && token.RemainQuota = -20154 (request id: 20260317200126802203107UQHsu3uZ)', 'type': 'thunlp_api_error'}}
2026-03-17 20:01:26,683 - INFO - 处理样本 150/393: 150
2026-03-17 20:01:27,581 - INFO - HTTP Request: POST https://toollearning.cn/v1/chat/completions "HTTP/1.1 401 Unauthorized"
2026-03-17 20:01:27,582 - ERROR - API调用错误: Error code: 401 - {'error': {'code': '', 'message': '[sk-47c***98e] 该令牌额度已用尽 !token.UnlimitedQuota && token.RemainQuota = -20154 (request id: 20260317200127702503908o4kS96Al)', 'type': 'thunlp_api_error'}}
2026-03-17 20:01:27,582 - INFO - 等待3秒后重试...
2026-03-17 20:01:30,775 - INFO - HTTP Request: POST https://toollearning.cn/v1/chat/completions "HTTP/1.1 401 Unauthorized"
2026-03-17 20:01:30,776 - ERROR - API调用错误: Error code: 401 - {'error': {'code': '', 'message': '[sk-47c***98e] 该令牌额度已用尽 !token.UnlimitedQuota && token.RemainQuota = -20154 (request id: 20260317200130777762842ShC1nStR)', 'type': 'thunlp_api_error'}}
2026-03-17 20:01:30,777 - INFO - 等待3秒后重试...
2026-03-17 20:01:34,022 - INFO - HTTP Request: POST https://toollearning.cn/v1/chat/completions "HTTP/1.1 401 Unauthorized"
2026-03-17 20:01:34,023 - ERROR - API调用错误: Error code: 401 - {'error': {'code': '', 'message': '[sk-47c***98e] 该令牌额度已用尽 !token.UnlimitedQuota && token.RemainQuota = -20154 (request id: 20260317200133993292599JUAWA8Ws)', 'type': 'thunlp_api_error'}}
2026-03-17 20:01:34,024 - ERROR - 处理样本 150 失败: Error code: 401 - {'error': {'code': '', 'message': '[sk-47c***98e] 该令牌额度已用尽 !token.UnlimitedQuota && token.RemainQuota = -20154 (request id: 20260317200133993292599JUAWA8Ws)', 'type': 'thunlp_api_error'}}
2026-03-17 20:01:34,025 - INFO - 处理样本 151/393: 151
2026-03-17 20:01:35,149 - INFO - HTTP Request: POST https://toollearning.cn/v1/chat/completions "HTTP/1.1 401 Unauthorized"
2026-03-17 20:01:35,150 - ERROR - API调用错误: Error code: 401 - {'error': {'code': '', 'message': '[sk-47c***98e] 该令牌额度已用尽 !token.UnlimitedQuota && token.RemainQuota = -20154 (request id: 20260317200135237350492OARABmwh)', 'type': 'thunlp_api_error'}}
2026-03-17 20:01:35,151 - INFO - 等待3秒后重试...
2026-03-17 20:01:38,249 - INFO - HTTP Request: POST https://toollearning.cn/v1/chat/completions "HTTP/1.1 401 Unauthorized"
2026-03-17 20:01:38,250 - ERROR - API调用错误: Error code: 401 - {'error': {'code': '', 'message': '[sk-47c***98e] 该令牌额度已用尽 !token.UnlimitedQuota && token.RemainQuota = -20154 (request id: 202603172001383528526811yFnu1Lx)', 'type': 'thunlp_api_error'}}
2026-03-17 20:01:38,250 - INFO - 等待3秒后重试...
2026-03-17 20:01:41,338 - INFO - HTTP Request: POST https://toollearning.cn/v1/chat/completions "HTTP/1.1 401 Unauthorized"
2026-03-17 20:01:41,338 - ERROR - API调用错误: Error code: 401 - {'error': {'code': '', 'message': '[sk-47c***98e] 该令牌额度已用尽 !token.UnlimitedQuota && token.RemainQuota = -20154 (request id: 2026031720014145772623165ljUZBo)', 'type': 'thunlp_api_error'}}
2026-03-17 20:01:41,339 - ERROR - 处理样本 151 失败: Error code: 401 - {'error': {'code': '', 'message': '[sk-47c***98e] 该令牌额度已用尽 !token.UnlimitedQuota && token.RemainQuota = -20154 (request id: 2026031720014145772623165ljUZBo)', 'type': 'thunlp_api_error'}}
2026-03-17 20:01:41,339 - INFO - 处理样本 152/393: 152
2026-03-17 20:01:42,166 - INFO - HTTP Request: POST https://toollearning.cn/v1/chat/completions "HTTP/1.1 401 Unauthorized"
2026-03-17 20:01:42,167 - ERROR - API调用错误: Error code: 401 - {'error': {'code': '', 'message': '[sk-47c***98e] 该令牌额度已用尽 !token.UnlimitedQuota && token.RemainQuota = -20154 (request id: 20260317200142289886411oOunFPfI)', 'type': 'thunlp_api_error'}}
2026-03-17 20:01:42,167 - INFO - 等待3秒后重试...
2026-03-17 20:01:45,288 - INFO - HTTP Request: POST https://toollearning.cn/v1/chat/completions "HTTP/1.1 401 Unauthorized"
2026-03-17 20:01:45,289 - ERROR - API调用错误: Error code: 401 - {'error': {'code': '', 'message': '[sk-47c***98e] 该令牌额度已用尽 !token.UnlimitedQuota && token.RemainQuota = -20154 (request id: 20260317200145359543718PyzsL177)', 'type': 'thunlp_api_error'}}
2026-03-17 20:01:45,289 - INFO - 等待3秒后重试...
2026-03-17 20:01:48,359 - INFO - HTTP Request: POST https://toollearning.cn/v1/chat/completions "HTTP/1.1 401 Unauthorized"
2026-03-17 20:01:48,360 - ERROR - API调用错误: Error code: 401 - {'error': {'code': '', 'message': '[sk-47c***98e] 该令牌额度已用尽 !token.UnlimitedQuota && token.RemainQuota = -20154 (request id: 20260317200148477459982mZ7CGR9L)', 'type': 'thunlp_api_error'}}
2026-03-17 20:01:48,360 - ERROR - 处理样本 152 失败: Error code: 401 - {'error': {'code': '', 'message': '[sk-47c***98e] 该令牌额度已用尽 !token.UnlimitedQuota && token.RemainQuota = -20154 (request id: 20260317200148477459982mZ7CGR9L)', 'type': 'thunlp_api_error'}}
2026-03-17 20:01:48,361 - INFO - 处理样本 153/393: 153
2026-03-17 20:01:49,230 - INFO - HTTP Request: POST https://toollearning.cn/v1/chat/completions "HTTP/1.1 401 Unauthorized"
2026-03-17 20:01:49,231 - ERROR - API调用错误: Error code: 401 - {'error': {'code': '', 'message': '[sk-47c***98e] 该令牌额度已用尽 !token.UnlimitedQuota && token.RemainQuota = -20154 (request id: 20260317200149262710702Ik8k8TXY)', 'type': 'thunlp_api_error'}}
2026-03-17 20:01:49,231 - INFO - 等待3秒后重试...
2026-03-17 20:01:52,304 - INFO - HTTP Request: POST https://toollearning.cn/v1/chat/completions "HTTP/1.1 401 Unauthorized"
2026-03-17 20:01:52,305 - ERROR - API调用错误: Error code: 401 - {'error': {'code': '', 'message': '[sk-47c***98e] 该令牌额度已用尽 !token.UnlimitedQuota && token.RemainQuota = -20154 (request id: 20260317200152418076455gVfmebUv)', 'type': 'thunlp_api_error'}}
2026-03-17 20:01:52,305 - INFO - 等待3秒后重试...
2026-03-17 20:01:55,407 - INFO - HTTP Request: POST https://toollearning.cn/v1/chat/completions "HTTP/1.1 401 Unauthorized"
2026-03-17 20:01:55,409 - ERROR - API调用错误: Error code: 401 - {'error': {'code': '', 'message': '[sk-47c***98e] 该令牌额度已用尽 !token.UnlimitedQuota && token.RemainQuota = -20154 (request id: 20260317200155507772877kVkZ4tXf)', 'type': 'thunlp_api_error'}}
2026-03-17 20:01:55,410 - ERROR - 处理样本 153 失败: Error code: 401 - {'error': {'code': '', 'message': '[sk-47c***98e] 该令牌额度已用尽 !token.UnlimitedQuota && token.RemainQuota = -20154 (request id: 20260317200155507772877kVkZ4tXf)', 'type': 'thunlp_api_error'}}
2026-03-17 20:01:55,410 - INFO - 处理样本 154/393: 154
2026-03-17 20:01:56,196 - INFO - HTTP Request: POST https://toollearning.cn/v1/chat/completions "HTTP/1.1 401 Unauthorized"
2026-03-17 20:01:56,197 - ERROR - API调用错误: Error code: 401 - {'error': {'code': '', 'message': '[sk-47c***98e] 该令牌额度已用尽 !token.UnlimitedQuota && token.RemainQuota = -20154 (request id: 20260317200156312813441KddKKDhK)', 'type': 'thunlp_api_error'}}
2026-03-17 20:01:56,197 - INFO - 等待3秒后重试...
2026-03-17 20:01:59,273 - INFO - HTTP Request: POST https://toollearning.cn/v1/chat/completions "HTTP/1.1 401 Unauthorized"
2026-03-17 20:01:59,274 - ERROR - API调用错误: Error code: 401 - {'error': {'code': '', 'message': '[sk-47c***98e] 该令牌额度已用尽 !token.UnlimitedQuota && token.RemainQuota = -20154 (request id: 20260317200159395146414MOIKw1oO)', 'type': 'thunlp_api_error'}}
2026-03-17 20:01:59,275 - INFO - 等待3秒后重试...
2026-03-17 20:02:02,369 - INFO - HTTP Request: POST https://toollearning.cn/v1/chat/completions "HTTP/1.1 401 Unauthorized"
2026-03-17 20:02:02,370 - ERROR - API调用错误: Error code: 401 - {'error': {'code': '', 'message': '[sk-47c***98e] 该令牌额度已用尽 !token.UnlimitedQuota && token.RemainQuota = -20154 (request id: 20260317200202470655924NseSSpes)', 'type': 'thunlp_api_error'}}
2026-03-17 20:02:02,370 - ERROR - 处理样本 154 失败: Error code: 401 - {'error': {'code': '', 'message': '[sk-47c***98e] 该令牌额度已用尽 !token.UnlimitedQuota && token.RemainQuota = -20154 (request id: 20260317200202470655924NseSSpes)', 'type': 'thunlp_api_error'}}
2026-03-17 20:02:02,370 - INFO - 处理样本 155/393: 155
2026-03-17 20:02:03,307 - INFO - HTTP Request: POST https://toollearning.cn/v1/chat/completions "HTTP/1.1 401 Unauthorized"
2026-03-17 20:02:03,308 - ERROR - API调用错误: Error code: 401 - {'error': {'code': '', 'message': '[sk-47c***98e] 该令牌额度已用尽 !token.UnlimitedQuota && token.RemainQuota = -20154 (request id: 20260317200203399866956HGhUgUrj)', 'type': 'thunlp_api_error'}}
2026-03-17 20:02:03,308 - INFO - 等待3秒后重试...
2026-03-17 20:02:06,435 - INFO - HTTP Request: POST https://toollearning.cn/v1/chat/completions "HTTP/1.1 401 Unauthorized"
2026-03-17 20:02:06,436 - ERROR - API调用错误: Error code: 401 - {'error': {'code': '', 'message': '[sk-47c***98e] 该令牌额度已用尽 !token.UnlimitedQuota && token.RemainQuota = -20154 (request id: 20260317200206500584868MZrVOa8S)', 'type': 'thunlp_api_error'}}
2026-03-17 20:02:06,436 - INFO - 等待3秒后重试...
2026-03-17 20:02:09,554 - INFO - HTTP Request: POST https://toollearning.cn/v1/chat/completions "HTTP/1.1 401 Unauthorized"
2026-03-17 20:02:09,554 - ERROR - API调用错误: Error code: 401 - {'error': {'code': '', 'message': '[sk-47c***98e] 该令牌额度已用尽 !token.UnlimitedQuota && token.RemainQuota = -20154 (request id: 202603172002096400349528hLQj3R7)', 'type': 'thunlp_api_error'}}
2026-03-17 20:02:09,556 - ERROR - 处理样本 155 失败: Error code: 401 - {'error': {'code': '', 'message': '[sk-47c***98e] 该令牌额度已用尽 !token.UnlimitedQuota && token.RemainQuota = -20154 (request id: 202603172002096400349528hLQj3R7)', 'type': 'thunlp_api_error'}}
2026-03-17 20:02:09,556 - INFO - 处理样本 156/393: 156
2026-03-17 20:02:10,429 - INFO - HTTP Request: POST https://toollearning.cn/v1/chat/completions "HTTP/1.1 401 Unauthorized"
2026-03-17 20:02:10,430 - ERROR - API调用错误: Error code: 401 - {'error': {'code': '', 'message': '[sk-47c***98e] 该令牌额度已用尽 !token.UnlimitedQuota && token.RemainQuota = -20154 (request id: 20260317200210542637552EzsiEv28)', 'type': 'thunlp_api_error'}}
2026-03-17 20:02:10,430 - INFO - 等待3秒后重试...
2026-03-17 20:02:13,553 - INFO - HTTP Request: POST https://toollearning.cn/v1/chat/completions "HTTP/1.1 401 Unauthorized"
2026-03-17 20:02:13,554 - ERROR - API调用错误: Error code: 401 - {'error': {'code': '', 'message': '[sk-47c***98e] 该令牌额度已用尽 !token.UnlimitedQuota && token.RemainQuota = -20154 (request id: 20260317200213632338151QoeMY1Nd)', 'type': 'thunlp_api_error'}}
2026-03-17 20:02:13,554 - INFO - 等待3秒后重试...
2026-03-17 20:02:16,667 - INFO - HTTP Request: POST https://toollearning.cn/v1/chat/completions "HTTP/1.1 401 Unauthorized"
2026-03-17 20:02:16,678 - ERROR - API调用错误: Error code: 401 - {'error': {'code': '', 'message': '[sk-47c***98e] 该令牌额度已用尽 !token.UnlimitedQuota && token.RemainQuota = -20154 (request id: 20260317200216752626448B7O3dGOK)', 'type': 'thunlp_api_error'}}
2026-03-17 20:02:16,680 - ERROR - 处理样本 156 失败: Error code: 401 - {'error': {'code': '', 'message': '[sk-47c***98e] 该令牌额度已用尽 !token.UnlimitedQuota && token.RemainQuota = -20154 (request id: 20260317200216752626448B7O3dGOK)', 'type': 'thunlp_api_error'}}
2026-03-17 20:02:16,680 - INFO - 处理样本 157/393: 157
2026-03-17 20:02:17,525 - INFO - HTTP Request: POST https://toollearning.cn/v1/chat/completions "HTTP/1.1 401 Unauthorized"
2026-03-17 20:02:17,527 - ERROR - API调用错误: Error code: 401 - {'error': {'code': '', 'message': '[sk-47c***98e] 该令牌额度已用尽 !token.UnlimitedQuota && token.RemainQuota = -20154 (request id: 20260317200217587324975LEKBPUBa)', 'type': 'thunlp_api_error'}}
2026-03-17 20:02:17,527 - INFO - 等待3秒后重试...
2026-03-17 20:02:20,598 - INFO - HTTP Request: POST https://toollearning.cn/v1/chat/completions "HTTP/1.1 401 Unauthorized"
2026-03-17 20:02:20,599 - ERROR - API调用错误: Error code: 401 - {'error': {'code': '', 'message': '[sk-47c***98e] 该令牌额度已用尽 !token.UnlimitedQuota && token.RemainQuota = -20154 (request id: 20260317200220714818884jQCcsrbS)', 'type': 'thunlp_api_error'}}
2026-03-17 20:02:20,599 - INFO - 等待3秒后重试...
2026-03-17 20:02:23,694 - INFO - HTTP Request: POST https://toollearning.cn/v1/chat/completions "HTTP/1.1 401 Unauthorized"
2026-03-17 20:02:23,695 - ERROR - API调用错误: Error code: 401 - {'error': {'code': '', 'message': '[sk-47c***98e] 该令牌额度已用尽 !token.UnlimitedQuota && token.RemainQuota = -20154 (request id: 20260317200223796702625IknTvIkN)', 'type': 'thunlp_api_error'}}
2026-03-17 20:02:23,695 - ERROR - 处理样本 157 失败: Error code: 401 - {'error': {'code': '', 'message': '[sk-47c***98e] 该令牌额度已用尽 !token.UnlimitedQuota && token.RemainQuota = -20154 (request id: 20260317200223796702625IknTvIkN)', 'type': 'thunlp_api_error'}}
2026-03-17 20:02:23,695 - INFO - 处理样本 158/393: 158
2026-03-17 20:02:24,459 - INFO - HTTP Request: POST https://toollearning.cn/v1/chat/completions "HTTP/1.1 401 Unauthorized"
2026-03-17 20:02:24,461 - ERROR - API调用错误: Error code: 401 - {'error': {'code': '', 'message': '[sk-47c***98e] 该令牌额度已用尽 !token.UnlimitedQuota && token.RemainQuota = -20154 (request id: 20260317200224578021820QyO1ZN39)', 'type': 'thunlp_api_error'}}
2026-03-17 20:02:24,461 - INFO - 等待3秒后重试...
2026-03-17 20:02:27,578 - INFO - HTTP Request: POST https://toollearning.cn/v1/chat/completions "HTTP/1.1 401 Unauthorized"
2026-03-17 20:02:27,579 - ERROR - API调用错误: Error code: 401 - {'error': {'code': '', 'message': '[sk-47c***98e] 该令牌额度已用尽 !token.UnlimitedQuota && token.RemainQuota = -20154 (request id: 202603172002276532592368HBCubxv)', 'type': 'thunlp_api_error'}}
2026-03-17 20:02:27,580 - INFO - 等待3秒后重试...
2026-03-17 20:02:30,652 - INFO - HTTP Request: POST https://toollearning.cn/v1/chat/completions "HTTP/1.1 401 Unauthorized"
2026-03-17 20:02:30,653 - ERROR - API调用错误: Error code: 401 - {'error': {'code': '', 'message': '[sk-47c***98e] 该令牌额度已用尽 !token.UnlimitedQuota && token.RemainQuota = -20154 (request id: 20260317200230767898085CRXMEjap)', 'type': 'thunlp_api_error'}}
2026-03-17 20:02:30,654 - ERROR - 处理样本 158 失败: Error code: 401 - {'error': {'code': '', 'message': '[sk-47c***98e] 该令牌额度已用尽 !token.UnlimitedQuota && token.RemainQuota = -20154 (request id: 20260317200230767898085CRXMEjap)', 'type': 'thunlp_api_error'}}
2026-03-17 20:02:30,654 - INFO - 处理样本 159/393: 159
2026-03-17 20:02:32,091 - INFO - HTTP Request: POST https://toollearning.cn/v1/chat/completions "HTTP/1.1 401 Unauthorized"
2026-03-17 20:02:32,092 - ERROR - API调用错误: Error code: 401 - {'error': {'code': '', 'message': '[sk-47c***98e] 该令牌额度已用尽 !token.UnlimitedQuota && token.RemainQuota = -20154 (request id: 20260317200232182095089PBI7HAIC)', 'type': 'thunlp_api_error'}}
2026-03-17 20:02:32,092 - INFO - 等待3秒后重试...
2026-03-17 20:02:35,264 - INFO - HTTP Request: POST https://toollearning.cn/v1/chat/completions "HTTP/1.1 401 Unauthorized"
2026-03-17 20:02:35,266 - ERROR - API调用错误: Error code: 401 - {'error': {'code': '', 'message': '[sk-47c***98e] 该令牌额度已用尽 !token.UnlimitedQuota && token.RemainQuota = -20154 (request id: 202603172002352874027413xkJ5aah)', 'type': 'thunlp_api_error'}}
2026-03-17 20:02:35,273 - INFO - 等待3秒后重试...
2026-03-17 20:02:38,373 - INFO - HTTP Request: POST https://toollearning.cn/v1/chat/completions "HTTP/1.1 401 Unauthorized"
2026-03-17 20:02:38,374 - ERROR - API调用错误: Error code: 401 - {'error': {'code': '', 'message': '[sk-47c***98e] 该令牌额度已用尽 !token.UnlimitedQuota && token.RemainQuota = -20154 (request id: 20260317200238477172970OTdqiqmS)', 'type': 'thunlp_api_error'}}
2026-03-17 20:02:38,374 - ERROR - 处理样本 159 失败: Error code: 401 - {'error': {'code': '', 'message': '[sk-47c***98e] 该令牌额度已用尽 !token.UnlimitedQuota && token.RemainQuota = -20154 (request id: 20260317200238477172970OTdqiqmS)', 'type': 'thunlp_api_error'}}
2026-03-17 20:02:38,375 - INFO - 处理样本 160/393: 160
2026-03-17 20:02:39,465 - INFO - HTTP Request: POST https://toollearning.cn/v1/chat/completions "HTTP/1.1 401 Unauthorized"
2026-03-17 20:02:39,467 - ERROR - API调用错误: Error code: 401 - {'error': {'code': '', 'message': '[sk-47c***98e] 该令牌额度已用尽 !token.UnlimitedQuota && token.RemainQuota = -20154 (request id: 20260317200239567968253arfANlSI)', 'type': 'thunlp_api_error'}}
2026-03-17 20:02:39,472 - INFO - 等待3秒后重试...
2026-03-17 20:02:42,634 - INFO - HTTP Request: POST https://toollearning.cn/v1/chat/completions "HTTP/1.1 401 Unauthorized"
2026-03-17 20:02:42,637 - ERROR - API调用错误: Error code: 401 - {'error': {'code': '', 'message': '[sk-47c***98e] 该令牌额度已用尽 !token.UnlimitedQuota && token.RemainQuota = -20154 (request id: 20260317200242672535158ukV15ZRK)', 'type': 'thunlp_api_error'}}
2026-03-17 20:02:42,640 - INFO - 等待3秒后重试...
2026-03-17 20:02:45,744 - INFO - HTTP Request: POST https://toollearning.cn/v1/chat/completions "HTTP/1.1 401 Unauthorized"
2026-03-17 20:02:45,745 - ERROR - API调用错误: Error code: 401 - {'error': {'code': '', 'message': '[sk-47c***98e] 该令牌额度已用尽 !token.UnlimitedQuota && token.RemainQuota = -20154 (request id: 202603172002458328382255eSb5OOC)', 'type': 'thunlp_api_error'}}
2026-03-17 20:02:45,745 - ERROR - 处理样本 160 失败: Error code: 401 - {'error': {'code': '', 'message': '[sk-47c***98e] 该令牌额度已用尽 !token.UnlimitedQuota && token.RemainQuota = -20154 (request id: 202603172002458328382255eSb5OOC)', 'type': 'thunlp_api_error'}}
2026-03-17 20:02:45,746 - INFO - 处理样本 161/393: 161
2026-03-17 20:02:46,667 - INFO - HTTP Request: POST https://toollearning.cn/v1/chat/completions "HTTP/1.1 401 Unauthorized"
2026-03-17 20:02:46,669 - ERROR - API调用错误: Error code: 401 - {'error': {'code': '', 'message': '[sk-47c***98e] 该令牌额度已用尽 !token.UnlimitedQuota && token.RemainQuota = -20154 (request id: 20260317200246748317187AyyCLXfO)', 'type': 'thunlp_api_error'}}
2026-03-17 20:02:46,669 - INFO - 等待3秒后重试...
2026-03-17 20:02:49,903 - INFO - HTTP Request: POST https://toollearning.cn/v1/chat/completions "HTTP/1.1 401 Unauthorized"
2026-03-17 20:02:49,904 - ERROR - API调用错误: Error code: 401 - {'error': {'code': '', 'message': '[sk-47c***98e] 该令牌额度已用尽 !token.UnlimitedQuota && token.RemainQuota = -20154 (request id: 20260317200249888886948sjzXfxKd)', 'type': 'thunlp_api_error'}}
2026-03-17 20:02:49,904 - INFO - 等待3秒后重试...
2026-03-17 20:02:53,174 - INFO - HTTP Request: POST https://toollearning.cn/v1/chat/completions "HTTP/1.1 401 Unauthorized"
2026-03-17 20:02:53,175 - ERROR - API调用错误: Error code: 401 - {'error': {'code': '', 'message': '[sk-47c***98e] 该令牌额度已用尽 !token.UnlimitedQuota && token.RemainQuota = -20154 (request id: 20260317200253133337291AsDTrC64)', 'type': 'thunlp_api_error'}}
2026-03-17 20:02:53,175 - ERROR - 处理样本 161 失败: Error code: 401 - {'error': {'code': '', 'message': '[sk-47c***98e] 该令牌额度已用尽 !token.UnlimitedQuota && token.RemainQuota = -20154 (request id: 20260317200253133337291AsDTrC64)', 'type': 'thunlp_api_error'}}
2026-03-17 20:02:53,175 - INFO - 处理样本 162/393: 162
2026-03-17 20:02:54,055 - INFO - HTTP Request: POST https://toollearning.cn/v1/chat/completions "HTTP/1.1 401 Unauthorized"
2026-03-17 20:02:54,055 - ERROR - API调用错误: Error code: 401 - {'error': {'code': '', 'message': '[sk-47c***98e] 该令牌额度已用尽 !token.UnlimitedQuota && token.RemainQuota = -20154 (request id: 20260317200254172689762V13rbZuS)', 'type': 'thunlp_api_error'}}
2026-03-17 20:02:54,056 - INFO - 等待3秒后重试...
2026-03-17 20:02:57,151 - INFO - HTTP Request: POST https://toollearning.cn/v1/chat/completions "HTTP/1.1 401 Unauthorized"
2026-03-17 20:02:57,152 - ERROR - API调用错误: Error code: 401 - {'error': {'code': '', 'message': '[sk-47c***98e] 该令牌额度已用尽 !token.UnlimitedQuota && token.RemainQuota = -20154 (request id: 20260317200257252948728hAXWoM9I)', 'type': 'thunlp_api_error'}}
2026-03-17 20:02:57,152 - INFO - 等待3秒后重试...
2026-03-17 20:03:00,247 - INFO - HTTP Request: POST https://toollearning.cn/v1/chat/completions "HTTP/1.1 401 Unauthorized"
2026-03-17 20:03:00,248 - ERROR - API调用错误: Error code: 401 - {'error': {'code': '', 'message': '[sk-47c***98e] 该令牌额度已用尽 !token.UnlimitedQuota && token.RemainQuota = -20154 (request id: 20260317200300360703174gPQ79v26)', 'type': 'thunlp_api_error'}}
2026-03-17 20:03:00,249 - ERROR - 处理样本 162 失败: Error code: 401 - {'error': {'code': '', 'message': '[sk-47c***98e] 该令牌额度已用尽 !token.UnlimitedQuota && token.RemainQuota = -20154 (request id: 20260317200300360703174gPQ79v26)', 'type': 'thunlp_api_error'}}
2026-03-17 20:03:00,249 - INFO - 处理样本 163/393: 163
2026-03-17 20:03:01,378 - INFO - HTTP Request: POST https://toollearning.cn/v1/chat/completions "HTTP/1.1 401 Unauthorized"
2026-03-17 20:03:01,379 - ERROR - API调用错误: Error code: 401 - {'error': {'code': '', 'message': '[sk-47c***98e] 该令牌额度已用尽 !token.UnlimitedQuota && token.RemainQuota = -20154 (request id: 20260317200301480291872iZNYbfSv)', 'type': 'thunlp_api_error'}}
2026-03-17 20:03:01,380 - INFO - 等待3秒后重试...
2026-03-17 20:03:04,473 - INFO - HTTP Request: POST https://toollearning.cn/v1/chat/completions "HTTP/1.1 401 Unauthorized"
2026-03-17 20:03:04,475 - ERROR - API调用错误: Error code: 401 - {'error': {'code': '', 'message': '[sk-47c***98e] 该令牌额度已用尽 !token.UnlimitedQuota && token.RemainQuota = -20154 (request id: 202603172003045796295962tE3GxOw)', 'type': 'thunlp_api_error'}}
2026-03-17 20:03:04,475 - INFO - 等待3秒后重试...
2026-03-17 20:03:07,555 - INFO - HTTP Request: POST https://toollearning.cn/v1/chat/completions "HTTP/1.1 401 Unauthorized"
2026-03-17 20:03:07,556 - ERROR - API调用错误: Error code: 401 - {'error': {'code': '', 'message': '[sk-47c***98e] 该令牌额度已用尽 !token.UnlimitedQuota && token.RemainQuota = -20154 (request id: 20260317200307664884551joDlnhtK)', 'type': 'thunlp_api_error'}}
2026-03-17 20:03:07,557 - ERROR - 处理样本 163 失败: Error code: 401 - {'error': {'code': '', 'message': '[sk-47c***98e] 该令牌额度已用尽 !token.UnlimitedQuota && token.RemainQuota = -20154 (request id: 20260317200307664884551joDlnhtK)', 'type': 'thunlp_api_error'}}
2026-03-17 20:03:07,557 - INFO - 处理样本 164/393: 164
2026-03-17 20:03:08,438 - INFO - HTTP Request: POST https://toollearning.cn/v1/chat/completions "HTTP/1.1 401 Unauthorized"
2026-03-17 20:03:08,439 - ERROR - API调用错误: Error code: 401 - {'error': {'code': '', 'message': '[sk-47c***98e] 该令牌额度已用尽 !token.UnlimitedQuota && token.RemainQuota = -20154 (request id: 20260317200308560522703Pb5nLHSK)', 'type': 'thunlp_api_error'}}
2026-03-17 20:03:08,439 - INFO - 等待3秒后重试...
2026-03-17 20:03:11,517 - INFO - HTTP Request: POST https://toollearning.cn/v1/chat/completions "HTTP/1.1 401 Unauthorized"
2026-03-17 20:03:11,518 - ERROR - API调用错误: Error code: 401 - {'error': {'code': '', 'message': '[sk-47c***98e] 该令牌额度已用尽 !token.UnlimitedQuota && token.RemainQuota = -20154 (request id: 20260317200311640235386wTjkbh0g)', 'type': 'thunlp_api_error'}}
2026-03-17 20:03:11,518 - INFO - 等待3秒后重试...
2026-03-17 20:03:14,589 - INFO - HTTP Request: POST https://toollearning.cn/v1/chat/completions "HTTP/1.1 401 Unauthorized"
2026-03-17 20:03:14,590 - ERROR - API调用错误: Error code: 401 - {'error': {'code': '', 'message': '[sk-47c***98e] 该令牌额度已用尽 !token.UnlimitedQuota && token.RemainQuota = -20154 (request id: 20260317200314710492878EhfVnvKT)', 'type': 'thunlp_api_error'}}
2026-03-17 20:03:14,591 - ERROR - 处理样本 164 失败: Error code: 401 - {'error': {'code': '', 'message': '[sk-47c***98e] 该令牌额度已用尽 !token.UnlimitedQuota && token.RemainQuota = -20154 (request id: 20260317200314710492878EhfVnvKT)', 'type': 'thunlp_api_error'}}
2026-03-17 20:03:14,591 - INFO - 处理样本 165/393: 165
2026-03-17 20:03:15,548 - INFO - HTTP Request: POST https://toollearning.cn/v1/chat/completions "HTTP/1.1 401 Unauthorized"
2026-03-17 20:03:15,549 - ERROR - API调用错误: Error code: 401 - {'error': {'code': '', 'message': '[sk-47c***98e] 该令牌额度已用尽 !token.UnlimitedQuota && token.RemainQuota = -20154 (request id: 202603172003155854768642nFb4mzC)', 'type': 'thunlp_api_error'}}
2026-03-17 20:03:15,549 - INFO - 等待3秒后重试...
2026-03-17 20:03:18,617 - INFO - HTTP Request: POST https://toollearning.cn/v1/chat/completions "HTTP/1.1 401 Unauthorized"
2026-03-17 20:03:18,618 - ERROR - API调用错误: Error code: 401 - {'error': {'code': '', 'message': '[sk-47c***98e] 该令牌额度已用尽 !token.UnlimitedQuota && token.RemainQuota = -20154 (request id: 20260317200318738447023nTDjehqs)', 'type': 'thunlp_api_error'}}
2026-03-17 20:03:18,618 - INFO - 等待3秒后重试...
2026-03-17 20:03:21,725 - INFO - HTTP Request: POST https://toollearning.cn/v1/chat/completions "HTTP/1.1 401 Unauthorized"
2026-03-17 20:03:21,726 - ERROR - API调用错误: Error code: 401 - {'error': {'code': '', 'message': '[sk-47c***98e] 该令牌额度已用尽 !token.UnlimitedQuota && token.RemainQuota = -20154 (request id: 202603172003218180659764fOfMW6N)', 'type': 'thunlp_api_error'}}
2026-03-17 20:03:21,727 - ERROR - 处理样本 165 失败: Error code: 401 - {'error': {'code': '', 'message': '[sk-47c***98e] 该令牌额度已用尽 !token.UnlimitedQuota && token.RemainQuota = -20154 (request id: 202603172003218180659764fOfMW6N)', 'type': 'thunlp_api_error'}}
2026-03-17 20:03:21,727 - INFO - 处理样本 166/393: 166
2026-03-17 20:03:22,787 - INFO - HTTP Request: POST https://toollearning.cn/v1/chat/completions "HTTP/1.1 401 Unauthorized"
2026-03-17 20:03:22,788 - ERROR - API调用错误: Error code: 401 - {'error': {'code': '', 'message': '[sk-47c***98e] 该令牌额度已用尽 !token.UnlimitedQuota && token.RemainQuota = -20154 (request id: 20260317200322803434158dVPpUvC1)', 'type': 'thunlp_api_error'}}
2026-03-17 20:03:22,789 - INFO - 等待3秒后重试...
2026-03-17 20:03:25,885 - INFO - HTTP Request: POST https://toollearning.cn/v1/chat/completions "HTTP/1.1 401 Unauthorized"
2026-03-17 20:03:25,886 - ERROR - API调用错误: Error code: 401 - {'error': {'code': '', 'message': '[sk-47c***98e] 该令牌额度已用尽 !token.UnlimitedQuota && token.RemainQuota = -20154 (request id: 20260317200325980338736mPFq9cU5)', 'type': 'thunlp_api_error'}}
2026-03-17 20:03:25,886 - INFO - 等待3秒后重试...
2026-03-17 20:03:28,958 - INFO - HTTP Request: POST https://toollearning.cn/v1/chat/completions "HTTP/1.1 401 Unauthorized"
2026-03-17 20:03:28,959 - ERROR - API调用错误: Error code: 401 - {'error': {'code': '', 'message': '[sk-47c***98e] 该令牌额度已用尽 !token.UnlimitedQuota && token.RemainQuota = -20154 (request id: 2026031720032978557470hn4enAO6)', 'type': 'thunlp_api_error'}}
2026-03-17 20:03:28,960 - ERROR - 处理样本 166 失败: Error code: 401 - {'error': {'code': '', 'message': '[sk-47c***98e] 该令牌额度已用尽 !token.UnlimitedQuota && token.RemainQuota = -20154 (request id: 2026031720032978557470hn4enAO6)', 'type': 'thunlp_api_error'}}
2026-03-17 20:03:28,960 - INFO - 处理样本 167/393: 167
2026-03-17 20:03:29,919 - INFO - HTTP Request: POST https://toollearning.cn/v1/chat/completions "HTTP/1.1 401 Unauthorized"
2026-03-17 20:03:29,920 - ERROR - API调用错误: Error code: 401 - {'error': {'code': '', 'message': '[sk-47c***98e] 该令牌额度已用尽 !token.UnlimitedQuota && token.RemainQuota = -20154 (request id: 20260317200329917637055llnHQKs0)', 'type': 'thunlp_api_error'}}
2026-03-17 20:03:29,922 - INFO - 等待3秒后重试...
2026-03-17 20:03:33,201 - INFO - HTTP Request: POST https://toollearning.cn/v1/chat/completions "HTTP/1.1 401 Unauthorized"
2026-03-17 20:03:33,202 - ERROR - API调用错误: Error code: 401 - {'error': {'code': '', 'message': '[sk-47c***98e] 该令牌额度已用尽 !token.UnlimitedQuota && token.RemainQuota = -20154 (request id: 20260317200333127512468MYjIOjxH)', 'type': 'thunlp_api_error'}}
2026-03-17 20:03:33,202 - INFO - 等待3秒后重试...
2026-03-17 20:03:36,298 - INFO - HTTP Request: POST https://toollearning.cn/v1/chat/completions "HTTP/1.1 401 Unauthorized"
2026-03-17 20:03:36,299 - ERROR - API调用错误: Error code: 401 - {'error': {'code': '', 'message': '[sk-47c***98e] 该令牌额度已用尽 !token.UnlimitedQuota && token.RemainQuota = -20154 (request id: 20260317200336417773501QgdRDbAP)', 'type': 'thunlp_api_error'}}
2026-03-17 20:03:36,300 - ERROR - 处理样本 167 失败: Error code: 401 - {'error': {'code': '', 'message': '[sk-47c***98e] 该令牌额度已用尽 !token.UnlimitedQuota && token.RemainQuota = -20154 (request id: 20260317200336417773501QgdRDbAP)', 'type': 'thunlp_api_error'}}
2026-03-17 20:03:36,300 - INFO - 处理样本 168/393: 168
2026-03-17 20:03:37,297 - INFO - HTTP Request: POST https://toollearning.cn/v1/chat/completions "HTTP/1.1 401 Unauthorized"
2026-03-17 20:03:37,298 - ERROR - API调用错误: Error code: 401 - {'error': {'code': '', 'message': '[sk-47c***98e] 该令牌额度已用尽 !token.UnlimitedQuota && token.RemainQuota = -20154 (request id: 20260317200337343286107tJWptnyG)', 'type': 'thunlp_api_error'}}
2026-03-17 20:03:37,299 - INFO - 等待3秒后重试...
2026-03-17 20:03:40,399 - INFO - HTTP Request: POST https://toollearning.cn/v1/chat/completions "HTTP/1.1 401 Unauthorized"
2026-03-17 20:03:40,401 - ERROR - API调用错误: Error code: 401 - {'error': {'code': '', 'message': '[sk-47c***98e] 该令牌额度已用尽 !token.UnlimitedQuota && token.RemainQuota = -20154 (request id: 20260317200340503550245RlM1xN4z)', 'type': 'thunlp_api_error'}}
2026-03-17 20:03:40,405 - INFO - 等待3秒后重试...
2026-03-17 20:03:43,496 - INFO - HTTP Request: POST https://toollearning.cn/v1/chat/completions "HTTP/1.1 401 Unauthorized"
2026-03-17 20:03:43,497 - ERROR - API调用错误: Error code: 401 - {'error': {'code': '', 'message': '[sk-47c***98e] 该令牌额度已用尽 !token.UnlimitedQuota && token.RemainQuota = -20154 (request id: 20260317200343603215308gTSfJZeg)', 'type': 'thunlp_api_error'}}
2026-03-17 20:03:43,498 - ERROR - 处理样本 168 失败: Error code: 401 - {'error': {'code': '', 'message': '[sk-47c***98e] 该令牌额度已用尽 !token.UnlimitedQuota && token.RemainQuota = -20154 (request id: 20260317200343603215308gTSfJZeg)', 'type': 'thunlp_api_error'}}
2026-03-17 20:03:43,498 - INFO - 处理样本 169/393: 169
2026-03-17 20:03:44,275 - INFO - HTTP Request: POST https://toollearning.cn/v1/chat/completions "HTTP/1.1 401 Unauthorized"
2026-03-17 20:03:44,276 - ERROR - API调用错误: Error code: 401 - {'error': {'code': '', 'message': '[sk-47c***98e] 该令牌额度已用尽 !token.UnlimitedQuota && token.RemainQuota = -20154 (request id: 20260317200344380759238Sy9DOcmU)', 'type': 'thunlp_api_error'}}
2026-03-17 20:03:44,277 - INFO - 等待3秒后重试...
2026-03-17 20:03:47,356 - INFO - HTTP Request: POST https://toollearning.cn/v1/chat/completions "HTTP/1.1 401 Unauthorized"
2026-03-17 20:03:47,357 - ERROR - API调用错误: Error code: 401 - {'error': {'code': '', 'message': '[sk-47c***98e] 该令牌额度已用尽 !token.UnlimitedQuota && token.RemainQuota = -20154 (request id: 202603172003474757784138CFhSezK)', 'type': 'thunlp_api_error'}}
2026-03-17 20:03:47,357 - INFO - 等待3秒后重试...
2026-03-17 20:03:50,431 - INFO - HTTP Request: POST https://toollearning.cn/v1/chat/completions "HTTP/1.1 401 Unauthorized"
2026-03-17 20:03:50,432 - ERROR - API调用错误: Error code: 401 - {'error': {'code': '', 'message': '[sk-47c***98e] 该令牌额度已用尽 !token.UnlimitedQuota && token.RemainQuota = -20154 (request id: 20260317200350550224302JZlLGaLg)', 'type': 'thunlp_api_error'}}
2026-03-17 20:03:50,433 - ERROR - 处理样本 169 失败: Error code: 401 - {'error': {'code': '', 'message': '[sk-47c***98e] 该令牌额度已用尽 !token.UnlimitedQuota && token.RemainQuota = -20154 (request id: 20260317200350550224302JZlLGaLg)', 'type': 'thunlp_api_error'}}
2026-03-17 20:03:50,433 - INFO - 处理样本 170/393: 170
2026-03-17 20:03:51,386 - INFO - HTTP Request: POST https://toollearning.cn/v1/chat/completions "HTTP/1.1 401 Unauthorized"
2026-03-17 20:03:51,387 - ERROR - API调用错误: Error code: 401 - {'error': {'code': '', 'message': '[sk-47c***98e] 该令牌额度已用尽 !token.UnlimitedQuota && token.RemainQuota = -20154 (request id: 20260317200351482410407Gxjkz0DS)', 'type': 'thunlp_api_error'}}
2026-03-17 20:03:51,387 - INFO - 等待3秒后重试...
2026-03-17 20:03:54,482 - INFO - HTTP Request: POST https://toollearning.cn/v1/chat/completions "HTTP/1.1 401 Unauthorized"
2026-03-17 20:03:54,483 - ERROR - API调用错误: Error code: 401 - {'error': {'code': '', 'message': '[sk-47c***98e] 该令牌额度已用尽 !token.UnlimitedQuota && token.RemainQuota = -20154 (request id: 20260317200354592397068R8i4YHPs)', 'type': 'thunlp_api_error'}}
2026-03-17 20:03:54,483 - INFO - 等待3秒后重试...
2026-03-17 20:03:57,587 - INFO - HTTP Request: POST https://toollearning.cn/v1/chat/completions "HTTP/1.1 401 Unauthorized"
2026-03-17 20:03:57,588 - ERROR - API调用错误: Error code: 401 - {'error': {'code': '', 'message': '[sk-47c***98e] 该令牌额度已用尽 !token.UnlimitedQuota && token.RemainQuota = -20154 (request id: 20260317200357682218086M4idk3PR)', 'type': 'thunlp_api_error'}}
2026-03-17 20:03:57,588 - ERROR - 处理样本 170 失败: Error code: 401 - {'error': {'code': '', 'message': '[sk-47c***98e] 该令牌额度已用尽 !token.UnlimitedQuota && token.RemainQuota = -20154 (request id: 20260317200357682218086M4idk3PR)', 'type': 'thunlp_api_error'}}
2026-03-17 20:03:57,588 - INFO - 处理样本 171/393: 171
2026-03-17 20:03:58,336 - INFO - HTTP Request: POST https://toollearning.cn/v1/chat/completions "HTTP/1.1 401 Unauthorized"
2026-03-17 20:03:58,337 - ERROR - API调用错误: Error code: 401 - {'error': {'code': '', 'message': '[sk-47c***98e] 该令牌额度已用尽 !token.UnlimitedQuota && token.RemainQuota = -20154 (request id: 20260317200358442375161ZYRV6kth)', 'type': 'thunlp_api_error'}}
2026-03-17 20:03:58,337 - INFO - 等待3秒后重试...
2026-03-17 20:04:01,419 - INFO - HTTP Request: POST https://toollearning.cn/v1/chat/completions "HTTP/1.1 401 Unauthorized"
2026-03-17 20:04:01,420 - ERROR - API调用错误: Error code: 401 - {'error': {'code': '', 'message': '[sk-47c***98e] 该令牌额度已用尽 !token.UnlimitedQuota && token.RemainQuota = -20154 (request id: 20260317200401532450776a2yF7yQf)', 'type': 'thunlp_api_error'}}
2026-03-17 20:04:01,420 - INFO - 等待3秒后重试...
2026-03-17 20:04:04,639 - INFO - HTTP Request: POST https://toollearning.cn/v1/chat/completions "HTTP/1.1 401 Unauthorized"
2026-03-17 20:04:04,640 - ERROR - API调用错误: Error code: 401 - {'error': {'code': '', 'message': '[sk-47c***98e] 该令牌额度已用尽 !token.UnlimitedQuota && token.RemainQuota = -20154 (request id: 20260317200404673110598q4zzDIXV)', 'type': 'thunlp_api_error'}}
2026-03-17 20:04:04,641 - ERROR - 处理样本 171 失败: Error code: 401 - {'error': {'code': '', 'message': '[sk-47c***98e] 该令牌额度已用尽 !token.UnlimitedQuota && token.RemainQuota = -20154 (request id: 20260317200404673110598q4zzDIXV)', 'type': 'thunlp_api_error'}}
2026-03-17 20:04:04,641 - INFO - 处理样本 172/393: 172
2026-03-17 20:04:05,922 - INFO - HTTP Request: POST https://toollearning.cn/v1/chat/completions "HTTP/1.1 401 Unauthorized"
2026-03-17 20:04:05,923 - ERROR - API调用错误: Error code: 401 - {'error': {'code': '', 'message': '[sk-47c***98e] 该令牌额度已用尽 !token.UnlimitedQuota && token.RemainQuota = -20154 (request id: 20260317200405822529125oop7EQsA)', 'type': 'thunlp_api_error'}}
2026-03-17 20:04:05,923 - INFO - 等待3秒后重试...
2026-03-17 20:04:09,006 - INFO - HTTP Request: POST https://toollearning.cn/v1/chat/completions "HTTP/1.1 401 Unauthorized"
2026-03-17 20:04:09,007 - ERROR - API调用错误: Error code: 401 - {'error': {'code': '', 'message': '[sk-47c***98e] 该令牌额度已用尽 !token.UnlimitedQuota && token.RemainQuota = -20154 (request id: 20260317200409125291549iQ0DkwVk)', 'type': 'thunlp_api_error'}}
2026-03-17 20:04:09,007 - INFO - 等待3秒后重试...
2026-03-17 20:04:12,119 - INFO - HTTP Request: POST https://toollearning.cn/v1/chat/completions "HTTP/1.1 401 Unauthorized"
2026-03-17 20:04:12,120 - ERROR - API调用错误: Error code: 401 - {'error': {'code': '', 'message': '[sk-47c***98e] 该令牌额度已用尽 !token.UnlimitedQuota && token.RemainQuota = -20154 (request id: 20260317200412205062954OdkDnnrL)', 'type': 'thunlp_api_error'}}
2026-03-17 20:04:12,120 - ERROR - 处理样本 172 失败: Error code: 401 - {'error': {'code': '', 'message': '[sk-47c***98e] 该令牌额度已用尽 !token.UnlimitedQuota && token.RemainQuota = -20154 (request id: 20260317200412205062954OdkDnnrL)', 'type': 'thunlp_api_error'}}
2026-03-17 20:04:12,121 - INFO - 处理样本 173/393: 173
2026-03-17 20:04:13,651 - INFO - HTTP Request: POST https://toollearning.cn/v1/chat/completions "HTTP/1.1 401 Unauthorized"
2026-03-17 20:04:13,652 - ERROR - API调用错误: Error code: 401 - {'error': {'code': '', 'message': '[sk-47c***98e] 该令牌额度已用尽 !token.UnlimitedQuota && token.RemainQuota = -20154 (request id: 20260317200413749059847auPPzkDQ)', 'type': 'thunlp_api_error'}}
2026-03-17 20:04:13,652 - INFO - 等待3秒后重试...
2026-03-17 20:04:16,906 - INFO - HTTP Request: POST https://toollearning.cn/v1/chat/completions "HTTP/1.1 401 Unauthorized"
2026-03-17 20:04:16,907 - ERROR - API调用错误: Error code: 401 - {'error': {'code': '', 'message': '[sk-47c***98e] 该令牌额度已用尽 !token.UnlimitedQuota && token.RemainQuota = -20154 (request id: 202603172004178701023pE0YzU79)', 'type': 'thunlp_api_error'}}
2026-03-17 20:04:16,908 - INFO - 等待3秒后重试...
2026-03-17 20:04:20,034 - INFO - HTTP Request: POST https://toollearning.cn/v1/chat/completions "HTTP/1.1 401 Unauthorized"
2026-03-17 20:04:20,035 - ERROR - API调用错误: Error code: 401 - {'error': {'code': '', 'message': '[sk-47c***98e] 该令牌额度已用尽 !token.UnlimitedQuota && token.RemainQuota = -20154 (request id: 20260317200420138767921cJBPT4Ke)', 'type': 'thunlp_api_error'}}
2026-03-17 20:04:20,035 - ERROR - 处理样本 173 失败: Error code: 401 - {'error': {'code': '', 'message': '[sk-47c***98e] 该令牌额度已用尽 !token.UnlimitedQuota && token.RemainQuota = -20154 (request id: 20260317200420138767921cJBPT4Ke)', 'type': 'thunlp_api_error'}}
2026-03-17 20:04:20,035 - INFO - 处理样本 174/393: 174
2026-03-17 20:04:21,857 - INFO - HTTP Request: POST https://toollearning.cn/v1/chat/completions "HTTP/1.1 401 Unauthorized"
2026-03-17 20:04:21,860 - ERROR - API调用错误: Error code: 401 - {'error': {'code': '', 'message': '[sk-47c***98e] 该令牌额度已用尽 !token.UnlimitedQuota && token.RemainQuota = -20154 (request id: 20260317200421740332816g0o6Lgw9)', 'type': 'thunlp_api_error'}}
2026-03-17 20:04:21,864 - INFO - 等待3秒后重试...
2026-03-17 20:04:25,178 - INFO - HTTP Request: POST https://toollearning.cn/v1/chat/completions "HTTP/1.1 401 Unauthorized"
2026-03-17 20:04:25,179 - ERROR - API调用错误: Error code: 401 - {'error': {'code': '', 'message': '[sk-47c***98e] 该令牌额度已用尽 !token.UnlimitedQuota && token.RemainQuota = -20154 (request id: 20260317200425172490266l7kHic4h)', 'type': 'thunlp_api_error'}}
2026-03-17 20:04:25,179 - INFO - 等待3秒后重试...
2026-03-17 20:04:28,421 - INFO - HTTP Request: POST https://toollearning.cn/v1/chat/completions "HTTP/1.1 401 Unauthorized"
2026-03-17 20:04:28,423 - ERROR - API调用错误: Error code: 401 - {'error': {'code': '', 'message': '[sk-47c***98e] 该令牌额度已用尽 !token.UnlimitedQuota && token.RemainQuota = -20154 (request id: 20260317200428501948770Llu4f11S)', 'type': 'thunlp_api_error'}}
2026-03-17 20:04:28,423 - ERROR - 处理样本 174 失败: Error code: 401 - {'error': {'code': '', 'message': '[sk-47c***98e] 该令牌额度已用尽 !token.UnlimitedQuota && token.RemainQuota = -20154 (request id: 20260317200428501948770Llu4f11S)', 'type': 'thunlp_api_error'}}
2026-03-17 20:04:28,424 - INFO - 处理样本 175/393: 175
2026-03-17 20:04:29,852 - INFO - HTTP Request: POST https://toollearning.cn/v1/chat/completions "HTTP/1.1 401 Unauthorized"
2026-03-17 20:04:29,853 - ERROR - API调用错误: Error code: 401 - {'error': {'code': '', 'message': '[sk-47c***98e] 该令牌额度已用尽 !token.UnlimitedQuota && token.RemainQuota = -20154 (request id: 20260317200429849618753X2k2IANy)', 'type': 'thunlp_api_error'}}
2026-03-17 20:04:29,853 - INFO - 等待3秒后重试...
2026-03-17 20:04:33,090 - INFO - HTTP Request: POST https://toollearning.cn/v1/chat/completions "HTTP/1.1 401 Unauthorized"
2026-03-17 20:04:33,091 - ERROR - API调用错误: Error code: 401 - {'error': {'code': '', 'message': '[sk-47c***98e] 该令牌额度已用尽 !token.UnlimitedQuota && token.RemainQuota = -20154 (request id: 20260317200433172980049JwLYuIEv)', 'type': 'thunlp_api_error'}}
2026-03-17 20:04:33,091 - INFO - 等待3秒后重试...
2026-03-17 20:04:36,216 - INFO - HTTP Request: POST https://toollearning.cn/v1/chat/completions "HTTP/1.1 401 Unauthorized"
2026-03-17 20:04:36,218 - ERROR - API调用错误: Error code: 401 - {'error': {'code': '', 'message': '[sk-47c***98e] 该令牌额度已用尽 !token.UnlimitedQuota && token.RemainQuota = -20154 (request id: 202603172004363248787573GoetzXy)', 'type': 'thunlp_api_error'}}
2026-03-17 20:04:36,218 - ERROR - 处理样本 175 失败: Error code: 401 - {'error': {'code': '', 'message': '[sk-47c***98e] 该令牌额度已用尽 !token.UnlimitedQuota && token.RemainQuota = -20154 (request id: 202603172004363248787573GoetzXy)', 'type': 'thunlp_api_error'}}
2026-03-17 20:04:36,218 - INFO - 处理样本 176/393: 176
2026-03-17 20:04:37,088 - INFO - HTTP Request: POST https://toollearning.cn/v1/chat/completions "HTTP/1.1 401 Unauthorized"
2026-03-17 20:04:37,089 - ERROR - API调用错误: Error code: 401 - {'error': {'code': '', 'message': '[sk-47c***98e] 该令牌额度已用尽 !token.UnlimitedQuota && token.RemainQuota = -20154 (request id: 20260317200437194841094RX4aYjHQ)', 'type': 'thunlp_api_error'}}
2026-03-17 20:04:37,089 - INFO - 等待3秒后重试...
2026-03-17 20:04:40,183 - INFO - HTTP Request: POST https://toollearning.cn/v1/chat/completions "HTTP/1.1 401 Unauthorized"
2026-03-17 20:04:40,184 - ERROR - API调用错误: Error code: 401 - {'error': {'code': '', 'message': '[sk-47c***98e] 该令牌额度已用尽 !token.UnlimitedQuota && token.RemainQuota = -20154 (request id: 20260317200440287661568PH19RkNj)', 'type': 'thunlp_api_error'}}
2026-03-17 20:04:40,184 - INFO - 等待3秒后重试...
2026-03-17 20:04:43,347 - INFO - HTTP Request: POST https://toollearning.cn/v1/chat/completions "HTTP/1.1 401 Unauthorized"
2026-03-17 20:04:43,349 - ERROR - API调用错误: Error code: 401 - {'error': {'code': '', 'message': '[sk-47c***98e] 该令牌额度已用尽 !token.UnlimitedQuota && token.RemainQuota = -20154 (request id: 2026031720044340450768125amCxk1)', 'type': 'thunlp_api_error'}}
2026-03-17 20:04:43,349 - ERROR - 处理样本 176 失败: Error code: 401 - {'error': {'code': '', 'message': '[sk-47c***98e] 该令牌额度已用尽 !token.UnlimitedQuota && token.RemainQuota = -20154 (request id: 2026031720044340450768125amCxk1)', 'type': 'thunlp_api_error'}}
2026-03-17 20:04:43,349 - INFO - 处理样本 177/393: 177
2026-03-17 20:04:44,472 - INFO - HTTP Request: POST https://toollearning.cn/v1/chat/completions "HTTP/1.1 401 Unauthorized"
2026-03-17 20:04:44,473 - ERROR - API调用错误: Error code: 401 - {'error': {'code': '', 'message': '[sk-47c***98e] 该令牌额度已用尽 !token.UnlimitedQuota && token.RemainQuota = -20154 (request id: 20260317200444542364590vZBbTpDX)', 'type': 'thunlp_api_error'}}
2026-03-17 20:04:44,473 - INFO - 等待3秒后重试...
2026-03-17 20:04:47,645 - INFO - HTTP Request: POST https://toollearning.cn/v1/chat/completions "HTTP/1.1 401 Unauthorized"
2026-03-17 20:04:47,646 - ERROR - API调用错误: Error code: 401 - {'error': {'code': '', 'message': '[sk-47c***98e] 该令牌额度已用尽 !token.UnlimitedQuota && token.RemainQuota = -20154 (request id: 20260317200447712175004WmBGDTuK)', 'type': 'thunlp_api_error'}}
2026-03-17 20:04:47,647 - INFO - 等待3秒后重试...
2026-03-17 20:04:50,838 - INFO - HTTP Request: POST https://toollearning.cn/v1/chat/completions "HTTP/1.1 401 Unauthorized"
2026-03-17 20:04:50,839 - ERROR - API调用错误: Error code: 401 - {'error': {'code': '', 'message': '[sk-47c***98e] 该令牌额度已用尽 !token.UnlimitedQuota && token.RemainQuota = -20154 (request id: 202603172004508697144074lO9uKud)', 'type': 'thunlp_api_error'}}
2026-03-17 20:04:50,840 - ERROR - 处理样本 177 失败: Error code: 401 - {'error': {'code': '', 'message': '[sk-47c***98e] 该令牌额度已用尽 !token.UnlimitedQuota && token.RemainQuota = -20154 (request id: 202603172004508697144074lO9uKud)', 'type': 'thunlp_api_error'}}
2026-03-17 20:04:50,840 - INFO - 处理样本 178/393: 178
2026-03-17 20:04:51,844 - INFO - HTTP Request: POST https://toollearning.cn/v1/chat/completions "HTTP/1.1 401 Unauthorized"
2026-03-17 20:04:51,845 - ERROR - API调用错误: Error code: 401 - {'error': {'code': '', 'message': '[sk-47c***98e] 该令牌额度已用尽 !token.UnlimitedQuota && token.RemainQuota = -20154 (request id: 202603172004519581489506yM3Hqht)', 'type': 'thunlp_api_error'}}
2026-03-17 20:04:51,845 - INFO - 等待3秒后重试...
2026-03-17 20:04:55,010 - INFO - HTTP Request: POST https://toollearning.cn/v1/chat/completions "HTTP/1.1 401 Unauthorized"
2026-03-17 20:04:55,012 - ERROR - API调用错误: Error code: 401 - {'error': {'code': '', 'message': '[sk-47c***98e] 该令牌额度已用尽 !token.UnlimitedQuota && token.RemainQuota = -20154 (request id: 2026031720045577561893j7yPp2pm)', 'type': 'thunlp_api_error'}}
2026-03-17 20:04:55,012 - INFO - 等待3秒后重试...
2026-03-17 20:04:58,315 - INFO - HTTP Request: POST https://toollearning.cn/v1/chat/completions "HTTP/1.1 401 Unauthorized"
2026-03-17 20:04:58,316 - ERROR - API调用错误: Error code: 401 - {'error': {'code': '', 'message': '[sk-47c***98e] 该令牌额度已用尽 !token.UnlimitedQuota && token.RemainQuota = -20154 (request id: 20260317200458352682153E80TXyAj)', 'type': 'thunlp_api_error'}}
2026-03-17 20:04:58,317 - ERROR - 处理样本 178 失败: Error code: 401 - {'error': {'code': '', 'message': '[sk-47c***98e] 该令牌额度已用尽 !token.UnlimitedQuota && token.RemainQuota = -20154 (request id: 20260317200458352682153E80TXyAj)', 'type': 'thunlp_api_error'}}
2026-03-17 20:04:58,317 - INFO - 处理样本 179/393: 179
2026-03-17 20:04:59,437 - INFO - HTTP Request: POST https://toollearning.cn/v1/chat/completions "HTTP/1.1 401 Unauthorized"
2026-03-17 20:04:59,438 - ERROR - API调用错误: Error code: 401 - {'error': {'code': '', 'message': '[sk-47c***98e] 该令牌额度已用尽 !token.UnlimitedQuota && token.RemainQuota = -20154 (request id: 20260317200459514739631W6Nh9xYy)', 'type': 'thunlp_api_error'}}
2026-03-17 20:04:59,438 - INFO - 等待3秒后重试...
2026-03-17 20:05:02,532 - INFO - HTTP Request: POST https://toollearning.cn/v1/chat/completions "HTTP/1.1 401 Unauthorized"
2026-03-17 20:05:02,532 - ERROR - API调用错误: Error code: 401 - {'error': {'code': '', 'message': '[sk-47c***98e] 该令牌额度已用尽 !token.UnlimitedQuota && token.RemainQuota = -20154 (request id: 202603172005026374014249mgbFZSb)', 'type': 'thunlp_api_error'}}
2026-03-17 20:05:02,533 - INFO - 等待3秒后重试...
2026-03-17 20:05:05,876 - INFO - HTTP Request: POST https://toollearning.cn/v1/chat/completions "HTTP/1.1 401 Unauthorized"
2026-03-17 20:05:05,877 - ERROR - API调用错误: Error code: 401 - {'error': {'code': '', 'message': '[sk-47c***98e] 该令牌额度已用尽 !token.UnlimitedQuota && token.RemainQuota = -20154 (request id: 20260317200505735398619KQ5qjaOA)', 'type': 'thunlp_api_error'}}
2026-03-17 20:05:05,877 - ERROR - 处理样本 179 失败: Error code: 401 - {'error': {'code': '', 'message': '[sk-47c***98e] 该令牌额度已用尽 !token.UnlimitedQuota && token.RemainQuota = -20154 (request id: 20260317200505735398619KQ5qjaOA)', 'type': 'thunlp_api_error'}}
2026-03-17 20:05:05,877 - INFO - 处理样本 180/393: 180
2026-03-17 20:05:06,689 - INFO - HTTP Request: POST https://toollearning.cn/v1/chat/completions "HTTP/1.1 401 Unauthorized"
2026-03-17 20:05:06,689 - ERROR - API调用错误: Error code: 401 - {'error': {'code': '', 'message': '[sk-47c***98e] 该令牌额度已用尽 !token.UnlimitedQuota && token.RemainQuota = -20154 (request id: 20260317200506804314464BBFSJkBl)', 'type': 'thunlp_api_error'}}
2026-03-17 20:05:06,690 - INFO - 等待3秒后重试...
2026-03-17 20:05:09,886 - INFO - HTTP Request: POST https://toollearning.cn/v1/chat/completions "HTTP/1.1 401 Unauthorized"
2026-03-17 20:05:09,887 - ERROR - API调用错误: Error code: 401 - {'error': {'code': '', 'message': '[sk-47c***98e] 该令牌额度已用尽 !token.UnlimitedQuota && token.RemainQuota = -20154 (request id: 20260317200509892785086ydWo7RFz)', 'type': 'thunlp_api_error'}}
2026-03-17 20:05:09,888 - INFO - 等待3秒后重试...
2026-03-17 20:05:13,148 - INFO - HTTP Request: POST https://toollearning.cn/v1/chat/completions "HTTP/1.1 401 Unauthorized"
2026-03-17 20:05:13,149 - ERROR - API调用错误: Error code: 401 - {'error': {'code': '', 'message': '[sk-47c***98e] 该令牌额度已用尽 !token.UnlimitedQuota && token.RemainQuota = -20154 (request id: 20260317200513104943298JrP42hUx)', 'type': 'thunlp_api_error'}}
2026-03-17 20:05:13,150 - ERROR - 处理样本 180 失败: Error code: 401 - {'error': {'code': '', 'message': '[sk-47c***98e] 该令牌额度已用尽 !token.UnlimitedQuota && token.RemainQuota = -20154 (request id: 20260317200513104943298JrP42hUx)', 'type': 'thunlp_api_error'}}
2026-03-17 20:05:13,151 - INFO - 处理样本 181/393: 181
2026-03-17 20:05:14,095 - INFO - HTTP Request: POST https://toollearning.cn/v1/chat/completions "HTTP/1.1 401 Unauthorized"
2026-03-17 20:05:14,097 - ERROR - API调用错误: Error code: 401 - {'error': {'code': '', 'message': '[sk-47c***98e] 该令牌额度已用尽 !token.UnlimitedQuota && token.RemainQuota = -20154 (request id: 2026031720051457983230P24MOapB)', 'type': 'thunlp_api_error'}}
2026-03-17 20:05:14,097 - INFO - 等待3秒后重试...
2026-03-17 20:05:17,239 - INFO - HTTP Request: POST https://toollearning.cn/v1/chat/completions "HTTP/1.1 401 Unauthorized"
2026-03-17 20:05:17,240 - ERROR - API调用错误: Error code: 401 - {'error': {'code': '', 'message': '[sk-47c***98e] 该令牌额度已用尽 !token.UnlimitedQuota && token.RemainQuota = -20154 (request id: 20260317200517327894733m6umaD8b)', 'type': 'thunlp_api_error'}}
2026-03-17 20:05:17,241 - INFO - 等待3秒后重试...
2026-03-17 20:05:20,415 - INFO - HTTP Request: POST https://toollearning.cn/v1/chat/completions "HTTP/1.1 401 Unauthorized"
2026-03-17 20:05:20,416 - ERROR - API调用错误: Error code: 401 - {'error': {'code': '', 'message': '[sk-47c***98e] 该令牌额度已用尽 !token.UnlimitedQuota && token.RemainQuota = -20154 (request id: 20260317200520445720492bSKNPb6h)', 'type': 'thunlp_api_error'}}
2026-03-17 20:05:20,416 - ERROR - 处理样本 181 失败: Error code: 401 - {'error': {'code': '', 'message': '[sk-47c***98e] 该令牌额度已用尽 !token.UnlimitedQuota && token.RemainQuota = -20154 (request id: 20260317200520445720492bSKNPb6h)', 'type': 'thunlp_api_error'}}
2026-03-17 20:05:20,416 - INFO - 处理样本 182/393: 182
2026-03-17 20:05:21,556 - INFO - HTTP Request: POST https://toollearning.cn/v1/chat/completions "HTTP/1.1 401 Unauthorized"
2026-03-17 20:05:21,557 - ERROR - API调用错误: Error code: 401 - {'error': {'code': '', 'message': '[sk-47c***98e] 该令牌额度已用尽 !token.UnlimitedQuota && token.RemainQuota = -20154 (request id: 20260317200521650063574M5pTAd2P)', 'type': 'thunlp_api_error'}}
2026-03-17 20:05:21,557 - INFO - 等待3秒后重试...
2026-03-17 20:05:24,731 - INFO - HTTP Request: POST https://toollearning.cn/v1/chat/completions "HTTP/1.1 401 Unauthorized"
2026-03-17 20:05:24,732 - ERROR - API调用错误: Error code: 401 - {'error': {'code': '', 'message': '[sk-47c***98e] 该令牌额度已用尽 !token.UnlimitedQuota && token.RemainQuota = -20154 (request id: 20260317200524804763839aWum3MLA)', 'type': 'thunlp_api_error'}}
2026-03-17 20:05:24,732 - INFO - 等待3秒后重试...
2026-03-17 20:05:27,897 - INFO - HTTP Request: POST https://toollearning.cn/v1/chat/completions "HTTP/1.1 401 Unauthorized"
2026-03-17 20:05:27,899 - ERROR - API调用错误: Error code: 401 - {'error': {'code': '', 'message': '[sk-47c***98e] 该令牌额度已用尽 !token.UnlimitedQuota && token.RemainQuota = -20154 (request id: 202603172005279502933634RVM7Pwz)', 'type': 'thunlp_api_error'}}
2026-03-17 20:05:27,899 - ERROR - 处理样本 182 失败: Error code: 401 - {'error': {'code': '', 'message': '[sk-47c***98e] 该令牌额度已用尽 !token.UnlimitedQuota && token.RemainQuota = -20154 (request id: 202603172005279502933634RVM7Pwz)', 'type': 'thunlp_api_error'}}
2026-03-17 20:05:27,899 - INFO - 处理样本 183/393: 183
2026-03-17 20:05:28,938 - INFO - HTTP Request: POST https://toollearning.cn/v1/chat/completions "HTTP/1.1 401 Unauthorized"
2026-03-17 20:05:28,939 - ERROR - API调用错误: Error code: 401 - {'error': {'code': '', 'message': '[sk-47c***98e] 该令牌额度已用尽 !token.UnlimitedQuota && token.RemainQuota = -20154 (request id: 2026031720052959926918yZgZ2tbu)', 'type': 'thunlp_api_error'}}
2026-03-17 20:05:28,939 - INFO - 等待3秒后重试...
2026-03-17 20:05:32,108 - INFO - HTTP Request: POST https://toollearning.cn/v1/chat/completions "HTTP/1.1 401 Unauthorized"
2026-03-17 20:05:32,109 - ERROR - API调用错误: Error code: 401 - {'error': {'code': '', 'message': '[sk-47c***98e] 该令牌额度已用尽 !token.UnlimitedQuota && token.RemainQuota = -20154 (request id: 2026031720053215991366609Dw4oLI)', 'type': 'thunlp_api_error'}}
2026-03-17 20:05:32,109 - INFO - 等待3秒后重试...
2026-03-17 20:05:35,384 - INFO - HTTP Request: POST https://toollearning.cn/v1/chat/completions "HTTP/1.1 401 Unauthorized"
2026-03-17 20:05:35,385 - ERROR - API调用错误: Error code: 401 - {'error': {'code': '', 'message': '[sk-47c***98e] 该令牌额度已用尽 !token.UnlimitedQuota && token.RemainQuota = -20154 (request id: 202603172005353299428634r01PBbE)', 'type': 'thunlp_api_error'}}
2026-03-17 20:05:35,385 - ERROR - 处理样本 183 失败: Error code: 401 - {'error': {'code': '', 'message': '[sk-47c***98e] 该令牌额度已用尽 !token.UnlimitedQuota && token.RemainQuota = -20154 (request id: 202603172005353299428634r01PBbE)', 'type': 'thunlp_api_error'}}
2026-03-17 20:05:35,386 - INFO - 处理样本 184/393: 184
2026-03-17 20:05:36,746 - INFO - HTTP Request: POST https://toollearning.cn/v1/chat/completions "HTTP/1.1 401 Unauthorized"
2026-03-17 20:05:36,747 - ERROR - API调用错误: Error code: 401 - {'error': {'code': '', 'message': '[sk-47c***98e] 该令牌额度已用尽 !token.UnlimitedQuota && token.RemainQuota = -20154 (request id: 20260317200536841906178tlyUWXtL)', 'type': 'thunlp_api_error'}}
2026-03-17 20:05:36,748 - INFO - 等待3秒后重试...
2026-03-17 20:05:39,879 - INFO - HTTP Request: POST https://toollearning.cn/v1/chat/completions "HTTP/1.1 401 Unauthorized"
2026-03-17 20:05:39,879 - ERROR - API调用错误: Error code: 401 - {'error': {'code': '', 'message': '[sk-47c***98e] 该令牌额度已用尽 !token.UnlimitedQuota && token.RemainQuota = -20154 (request id: 20260317200539965158854cTIison8)', 'type': 'thunlp_api_error'}}
2026-03-17 20:05:39,880 - INFO - 等待3秒后重试...
2026-03-17 20:05:42,989 - INFO - HTTP Request: POST https://toollearning.cn/v1/chat/completions "HTTP/1.1 401 Unauthorized"
2026-03-17 20:05:42,990 - ERROR - API调用错误: Error code: 401 - {'error': {'code': '', 'message': '[sk-47c***98e] 该令牌额度已用尽 !token.UnlimitedQuota && token.RemainQuota = -20154 (request id: 2026031720054387687131DIxkE3wN)', 'type': 'thunlp_api_error'}}
2026-03-17 20:05:42,990 - ERROR - 处理样本 184 失败: Error code: 401 - {'error': {'code': '', 'message': '[sk-47c***98e] 该令牌额度已用尽 !token.UnlimitedQuota && token.RemainQuota = -20154 (request id: 2026031720054387687131DIxkE3wN)', 'type': 'thunlp_api_error'}}
2026-03-17 20:05:42,991 - INFO - 处理样本 185/393: 185
2026-03-17 20:05:44,009 - INFO - HTTP Request: POST https://toollearning.cn/v1/chat/completions "HTTP/1.1 401 Unauthorized"
2026-03-17 20:05:44,010 - ERROR - API调用错误: Error code: 401 - {'error': {'code': '', 'message': '[sk-47c***98e] 该令牌额度已用尽 !token.UnlimitedQuota && token.RemainQuota = -20154 (request id: 20260317200544118216751VCEOWBJ4)', 'type': 'thunlp_api_error'}}
2026-03-17 20:05:44,010 - INFO - 等待3秒后重试...
2026-03-17 20:05:47,137 - INFO - HTTP Request: POST https://toollearning.cn/v1/chat/completions "HTTP/1.1 401 Unauthorized"
2026-03-17 20:05:47,138 - ERROR - API调用错误: Error code: 401 - {'error': {'code': '', 'message': '[sk-47c***98e] 该令牌额度已用尽 !token.UnlimitedQuota && token.RemainQuota = -20154 (request id: 20260317200547222699856HnEPqWnn)', 'type': 'thunlp_api_error'}}
2026-03-17 20:05:47,139 - INFO - 等待3秒后重试...
2026-03-17 20:05:50,240 - INFO - HTTP Request: POST https://toollearning.cn/v1/chat/completions "HTTP/1.1 401 Unauthorized"
2026-03-17 20:05:50,241 - ERROR - API调用错误: Error code: 401 - {'error': {'code': '', 'message': '[sk-47c***98e] 该令牌额度已用尽 !token.UnlimitedQuota && token.RemainQuota = -20154 (request id: 20260317200550358001551Vtw6jXg0)', 'type': 'thunlp_api_error'}}
2026-03-17 20:05:50,241 - ERROR - 处理样本 185 失败: Error code: 401 - {'error': {'code': '', 'message': '[sk-47c***98e] 该令牌额度已用尽 !token.UnlimitedQuota && token.RemainQuota = -20154 (request id: 20260317200550358001551Vtw6jXg0)', 'type': 'thunlp_api_error'}}
2026-03-17 20:05:50,242 - INFO - 处理样本 186/393: 186
2026-03-17 20:05:51,235 - INFO - HTTP Request: POST https://toollearning.cn/v1/chat/completions "HTTP/1.1 401 Unauthorized"
2026-03-17 20:05:51,236 - ERROR - API调用错误: Error code: 401 - {'error': {'code': '', 'message': '[sk-47c***98e] 该令牌额度已用尽 !token.UnlimitedQuota && token.RemainQuota = -20154 (request id: 20260317200551335800067YOGu4QKF)', 'type': 'thunlp_api_error'}}
2026-03-17 20:05:51,237 - INFO - 等待3秒后重试...
2026-03-17 20:05:54,347 - INFO - HTTP Request: POST https://toollearning.cn/v1/chat/completions "HTTP/1.1 401 Unauthorized"
2026-03-17 20:05:54,349 - ERROR - API调用错误: Error code: 401 - {'error': {'code': '', 'message': '[sk-47c***98e] 该令牌额度已用尽 !token.UnlimitedQuota && token.RemainQuota = -20154 (request id: 20260317200554450489281p0ysgPsX)', 'type': 'thunlp_api_error'}}
2026-03-17 20:05:54,349 - INFO - 等待3秒后重试...
2026-03-17 20:05:57,474 - INFO - HTTP Request: POST https://toollearning.cn/v1/chat/completions "HTTP/1.1 401 Unauthorized"
2026-03-17 20:05:57,475 - ERROR - API调用错误: Error code: 401 - {'error': {'code': '', 'message': '[sk-47c***98e] 该令牌额度已用尽 !token.UnlimitedQuota && token.RemainQuota = -20154 (request id: 202603172005575552362598PejJChs)', 'type': 'thunlp_api_error'}}
2026-03-17 20:05:57,475 - ERROR - 处理样本 186 失败: Error code: 401 - {'error': {'code': '', 'message': '[sk-47c***98e] 该令牌额度已用尽 !token.UnlimitedQuota && token.RemainQuota = -20154 (request id: 202603172005575552362598PejJChs)', 'type': 'thunlp_api_error'}}
2026-03-17 20:05:57,476 - INFO - 处理样本 187/393: 187
2026-03-17 20:05:58,627 - INFO - HTTP Request: POST https://toollearning.cn/v1/chat/completions "HTTP/1.1 401 Unauthorized"
2026-03-17 20:05:58,628 - ERROR - API调用错误: Error code: 401 - {'error': {'code': '', 'message': '[sk-47c***98e] 该令牌额度已用尽 !token.UnlimitedQuota && token.RemainQuota = -20154 (request id: 202603172005586626181970y89wKd6)', 'type': 'thunlp_api_error'}}
2026-03-17 20:05:58,628 - INFO - 等待3秒后重试...
2026-03-17 20:06:01,731 - INFO - HTTP Request: POST https://toollearning.cn/v1/chat/completions "HTTP/1.1 401 Unauthorized"
2026-03-17 20:06:01,732 - ERROR - API调用错误: Error code: 401 - {'error': {'code': '', 'message': '[sk-47c***98e] 该令牌额度已用尽 !token.UnlimitedQuota && token.RemainQuota = -20154 (request id: 20260317200601847609998nzI0cbT6)', 'type': 'thunlp_api_error'}}
2026-03-17 20:06:01,732 - INFO - 等待3秒后重试...
2026-03-17 20:06:04,882 - INFO - HTTP Request: POST https://toollearning.cn/v1/chat/completions "HTTP/1.1 401 Unauthorized"
2026-03-17 20:06:04,884 - ERROR - API调用错误: Error code: 401 - {'error': {'code': '', 'message': '[sk-47c***98e] 该令牌额度已用尽 !token.UnlimitedQuota && token.RemainQuota = -20154 (request id: 202603172006049422627809VpR3Ozt)', 'type': 'thunlp_api_error'}}
2026-03-17 20:06:04,885 - ERROR - 处理样本 187 失败: Error code: 401 - {'error': {'code': '', 'message': '[sk-47c***98e] 该令牌额度已用尽 !token.UnlimitedQuota && token.RemainQuota = -20154 (request id: 202603172006049422627809VpR3Ozt)', 'type': 'thunlp_api_error'}}
2026-03-17 20:06:04,887 - INFO - 处理样本 188/393: 188
2026-03-17 20:06:05,877 - INFO - HTTP Request: POST https://toollearning.cn/v1/chat/completions "HTTP/1.1 401 Unauthorized"
2026-03-17 20:06:05,879 - ERROR - API调用错误: Error code: 401 - {'error': {'code': '', 'message': '[sk-47c***98e] 该令牌额度已用尽 !token.UnlimitedQuota && token.RemainQuota = -20154 (request id: 2026031720060653800909SUX6fx)', 'type': 'thunlp_api_error'}}
2026-03-17 20:06:05,879 - INFO - 等待3秒后重试...
2026-03-17 20:06:09,174 - INFO - HTTP Request: POST https://toollearning.cn/v1/chat/completions "HTTP/1.1 401 Unauthorized"
2026-03-17 20:06:09,175 - ERROR - API调用错误: Error code: 401 - {'error': {'code': '', 'message': '[sk-47c***98e] 该令牌额度已用尽 !token.UnlimitedQuota && token.RemainQuota = -20154 (request id: 2026031720060986147705OGJgOG8H)', 'type': 'thunlp_api_error'}}
2026-03-17 20:06:09,175 - INFO - 等待3秒后重试...
2026-03-17 20:06:12,328 - INFO - HTTP Request: POST https://toollearning.cn/v1/chat/completions "HTTP/1.1 401 Unauthorized"
2026-03-17 20:06:12,329 - ERROR - API调用错误: Error code: 401 - {'error': {'code': '', 'message': '[sk-47c***98e] 该令牌额度已用尽 !token.UnlimitedQuota && token.RemainQuota = -20154 (request id: 20260317200612388633717o7SfSYwq)', 'type': 'thunlp_api_error'}}
2026-03-17 20:06:12,329 - ERROR - 处理样本 188 失败: Error code: 401 - {'error': {'code': '', 'message': '[sk-47c***98e] 该令牌额度已用尽 !token.UnlimitedQuota && token.RemainQuota = -20154 (request id: 20260317200612388633717o7SfSYwq)', 'type': 'thunlp_api_error'}}
2026-03-17 20:06:12,330 - INFO - 处理样本 189/393: 189
2026-03-17 20:06:13,882 - INFO - HTTP Request: POST https://toollearning.cn/v1/chat/completions "HTTP/1.1 401 Unauthorized"
2026-03-17 20:06:13,883 - ERROR - API调用错误: Error code: 401 - {'error': {'code': '', 'message': '[sk-47c***98e] 该令牌额度已用尽 !token.UnlimitedQuota && token.RemainQuota = -20154 (request id: 20260317200613883475101p4XvGFgA)', 'type': 'thunlp_api_error'}}
2026-03-17 20:06:13,883 - INFO - 等待3秒后重试...
2026-03-17 20:06:17,056 - INFO - HTTP Request: POST https://toollearning.cn/v1/chat/completions "HTTP/1.1 401 Unauthorized"
2026-03-17 20:06:17,058 - ERROR - API调用错误: Error code: 401 - {'error': {'code': '', 'message': '[sk-47c***98e] 该令牌额度已用尽 !token.UnlimitedQuota && token.RemainQuota = -20154 (request id: 2026031720061788931921oVDWV3Mb)', 'type': 'thunlp_api_error'}}
2026-03-17 20:06:17,058 - INFO - 等待3秒后重试...
2026-03-17 20:06:20,140 - INFO - HTTP Request: POST https://toollearning.cn/v1/chat/completions "HTTP/1.1 401 Unauthorized"
2026-03-17 20:06:20,142 - ERROR - API调用错误: Error code: 401 - {'error': {'code': '', 'message': '[sk-47c***98e] 该令牌额度已用尽 !token.UnlimitedQuota && token.RemainQuota = -20154 (request id: 20260317200620258201034gtTYjDHa)', 'type': 'thunlp_api_error'}}
2026-03-17 20:06:20,142 - ERROR - 处理样本 189 失败: Error code: 401 - {'error': {'code': '', 'message': '[sk-47c***98e] 该令牌额度已用尽 !token.UnlimitedQuota && token.RemainQuota = -20154 (request id: 20260317200620258201034gtTYjDHa)', 'type': 'thunlp_api_error'}}
2026-03-17 20:06:20,142 - INFO - 处理样本 190/393: 190
2026-03-17 20:06:20,922 - INFO - HTTP Request: POST https://toollearning.cn/v1/chat/completions "HTTP/1.1 401 Unauthorized"
2026-03-17 20:06:20,938 - ERROR - API调用错误: Error code: 401 - {'error': {'code': '', 'message': '[sk-47c***98e] 该令牌额度已用尽 !token.UnlimitedQuota && token.RemainQuota = -20154 (request id: 2026031720062143408042x7KyfoQg)', 'type': 'thunlp_api_error'}}
2026-03-17 20:06:20,939 - INFO - 等待3秒后重试...
2026-03-17 20:06:24,128 - INFO - HTTP Request: POST https://toollearning.cn/v1/chat/completions "HTTP/1.1 401 Unauthorized"
2026-03-17 20:06:24,128 - ERROR - API调用错误: Error code: 401 - {'error': {'code': '', 'message': '[sk-47c***98e] 该令牌额度已用尽 !token.UnlimitedQuota && token.RemainQuota = -20154 (request id: 20260317200624145680720ExeOvd9y)', 'type': 'thunlp_api_error'}}
2026-03-17 20:06:24,129 - INFO - 等待3秒后重试...
2026-03-17 20:06:27,401 - INFO - HTTP Request: POST https://toollearning.cn/v1/chat/completions "HTTP/1.1 401 Unauthorized"
2026-03-17 20:06:27,402 - ERROR - API调用错误: Error code: 401 - {'error': {'code': '', 'message': '[sk-47c***98e] 该令牌额度已用尽 !token.UnlimitedQuota && token.RemainQuota = -20154 (request id: 20260317200627340832219OYOOjvEM)', 'type': 'thunlp_api_error'}}
2026-03-17 20:06:27,402 - ERROR - 处理样本 190 失败: Error code: 401 - {'error': {'code': '', 'message': '[sk-47c***98e] 该令牌额度已用尽 !token.UnlimitedQuota && token.RemainQuota = -20154 (request id: 20260317200627340832219OYOOjvEM)', 'type': 'thunlp_api_error'}}
2026-03-17 20:06:27,403 - INFO - 处理样本 191/393: 191
2026-03-17 20:06:28,629 - INFO - HTTP Request: POST https://toollearning.cn/v1/chat/completions "HTTP/1.1 401 Unauthorized"
2026-03-17 20:06:28,630 - ERROR - API调用错误: Error code: 401 - {'error': {'code': '', 'message': '[sk-47c***98e] 该令牌额度已用尽 !token.UnlimitedQuota && token.RemainQuota = -20154 (request id: 20260317200628754115657Xndaa4Ty)', 'type': 'thunlp_api_error'}}
2026-03-17 20:06:28,630 - INFO - 等待3秒后重试...
2026-03-17 20:06:31,731 - INFO - HTTP Request: POST https://toollearning.cn/v1/chat/completions "HTTP/1.1 401 Unauthorized"
2026-03-17 20:06:31,732 - ERROR - API调用错误: Error code: 401 - {'error': {'code': '', 'message': '[sk-47c***98e] 该令牌额度已用尽 !token.UnlimitedQuota && token.RemainQuota = -20154 (request id: 20260317200631842182403OzXWMf9q)', 'type': 'thunlp_api_error'}}
2026-03-17 20:06:31,732 - INFO - 等待3秒后重试...
2026-03-17 20:06:35,083 - INFO - HTTP Request: POST https://toollearning.cn/v1/chat/completions "HTTP/1.1 401 Unauthorized"
2026-03-17 20:06:35,083 - ERROR - API调用错误: Error code: 401 - {'error': {'code': '', 'message': '[sk-47c***98e] 该令牌额度已用尽 !token.UnlimitedQuota && token.RemainQuota = -20154 (request id: 20260317200634934283425VgO0STJV)', 'type': 'thunlp_api_error'}}
2026-03-17 20:06:35,084 - ERROR - 处理样本 191 失败: Error code: 401 - {'error': {'code': '', 'message': '[sk-47c***98e] 该令牌额度已用尽 !token.UnlimitedQuota && token.RemainQuota = -20154 (request id: 20260317200634934283425VgO0STJV)', 'type': 'thunlp_api_error'}}
2026-03-17 20:06:35,084 - INFO - 处理样本 192/393: 192
2026-03-17 20:06:36,106 - INFO - HTTP Request: POST https://toollearning.cn/v1/chat/completions "HTTP/1.1 401 Unauthorized"
2026-03-17 20:06:36,108 - ERROR - API调用错误: Error code: 401 - {'error': {'code': '', 'message': '[sk-47c***98e] 该令牌额度已用尽 !token.UnlimitedQuota && token.RemainQuota = -20154 (request id: 20260317200636210074304NNcUc2oN)', 'type': 'thunlp_api_error'}}
2026-03-17 20:06:36,108 - INFO - 等待3秒后重试...
2026-03-17 20:06:39,286 - INFO - HTTP Request: POST https://toollearning.cn/v1/chat/completions "HTTP/1.1 401 Unauthorized"
2026-03-17 20:06:39,286 - ERROR - API调用错误: Error code: 401 - {'error': {'code': '', 'message': '[sk-47c***98e] 该令牌额度已用尽 !token.UnlimitedQuota && token.RemainQuota = -20154 (request id: 20260317200639310513678gqNQmvkB)', 'type': 'thunlp_api_error'}}
2026-03-17 20:06:39,287 - INFO - 等待3秒后重试...
2026-03-17 20:06:42,438 - INFO - HTTP Request: POST https://toollearning.cn/v1/chat/completions "HTTP/1.1 401 Unauthorized"
2026-03-17 20:06:42,439 - ERROR - API调用错误: Error code: 401 - {'error': {'code': '', 'message': '[sk-47c***98e] 该令牌额度已用尽 !token.UnlimitedQuota && token.RemainQuota = -20154 (request id: 20260317200642493422035aLzVoMDh)', 'type': 'thunlp_api_error'}}
2026-03-17 20:06:42,441 - ERROR - 处理样本 192 失败: Error code: 401 - {'error': {'code': '', 'message': '[sk-47c***98e] 该令牌额度已用尽 !token.UnlimitedQuota && token.RemainQuota = -20154 (request id: 20260317200642493422035aLzVoMDh)', 'type': 'thunlp_api_error'}}
2026-03-17 20:06:42,441 - INFO - 处理样本 193/393: 193
2026-03-17 20:06:43,378 - INFO - HTTP Request: POST https://toollearning.cn/v1/chat/completions "HTTP/1.1 401 Unauthorized"
2026-03-17 20:06:43,379 - ERROR - API调用错误: Error code: 401 - {'error': {'code': '', 'message': '[sk-47c***98e] 该令牌额度已用尽 !token.UnlimitedQuota && token.RemainQuota = -20154 (request id: 20260317200643459483559PqEMo91N)', 'type': 'thunlp_api_error'}}
2026-03-17 20:06:43,380 - INFO - 等待3秒后重试...
2026-03-17 20:06:46,536 - INFO - HTTP Request: POST https://toollearning.cn/v1/chat/completions "HTTP/1.1 401 Unauthorized"
2026-03-17 20:06:46,537 - ERROR - API调用错误: Error code: 401 - {'error': {'code': '', 'message': '[sk-47c***98e] 该令牌额度已用尽 !token.UnlimitedQuota && token.RemainQuota = -20154 (request id: 20260317200646594329557CPbJPgOO)', 'type': 'thunlp_api_error'}}
2026-03-17 20:06:46,538 - INFO - 等待3秒后重试...
2026-03-17 20:06:49,722 - INFO - HTTP Request: POST https://toollearning.cn/v1/chat/completions "HTTP/1.1 401 Unauthorized"
2026-03-17 20:06:49,723 - ERROR - API调用错误: Error code: 401 - {'error': {'code': '', 'message': '[sk-47c***98e] 该令牌额度已用尽 !token.UnlimitedQuota && token.RemainQuota = -20154 (request id: 20260317200649742320478ukAbM6Ug)', 'type': 'thunlp_api_error'}}
2026-03-17 20:06:49,723 - ERROR - 处理样本 193 失败: Error code: 401 - {'error': {'code': '', 'message': '[sk-47c***98e] 该令牌额度已用尽 !token.UnlimitedQuota && token.RemainQuota = -20154 (request id: 20260317200649742320478ukAbM6Ug)', 'type': 'thunlp_api_error'}}
2026-03-17 20:06:49,723 - INFO - 处理样本 194/393: 194
2026-03-17 20:06:50,808 - INFO - HTTP Request: POST https://toollearning.cn/v1/chat/completions "HTTP/1.1 401 Unauthorized"
2026-03-17 20:06:50,809 - ERROR - API调用错误: Error code: 401 - {'error': {'code': '', 'message': '[sk-47c***98e] 该令牌额度已用尽 !token.UnlimitedQuota && token.RemainQuota = -20154 (request id: 20260317200650837155325LSSKQRV7)', 'type': 'thunlp_api_error'}}
2026-03-17 20:06:50,809 - INFO - 等待3秒后重试...
2026-03-17 20:06:54,129 - INFO - HTTP Request: POST https://toollearning.cn/v1/chat/completions "HTTP/1.1 401 Unauthorized"
2026-03-17 20:06:54,130 - ERROR - API调用错误: Error code: 401 - {'error': {'code': '', 'message': '[sk-47c***98e] 该令牌额度已用尽 !token.UnlimitedQuota && token.RemainQuota = -20154 (request id: 20260317200654101379098UADknjk4)', 'type': 'thunlp_api_error'}}
2026-03-17 20:06:54,131 - INFO - 等待3秒后重试...
2026-03-17 20:06:57,394 - INFO - HTTP Request: POST https://toollearning.cn/v1/chat/completions "HTTP/1.1 401 Unauthorized"
2026-03-17 20:06:57,395 - ERROR - API调用错误: Error code: 401 - {'error': {'code': '', 'message': '[sk-47c***98e] 该令牌额度已用尽 !token.UnlimitedQuota && token.RemainQuota = -20154 (request id: 20260317200657331854168fNY1sfLd)', 'type': 'thunlp_api_error'}}
2026-03-17 20:06:57,395 - ERROR - 处理样本 194 失败: Error code: 401 - {'error': {'code': '', 'message': '[sk-47c***98e] 该令牌额度已用尽 !token.UnlimitedQuota && token.RemainQuota = -20154 (request id: 20260317200657331854168fNY1sfLd)', 'type': 'thunlp_api_error'}}
2026-03-17 20:06:57,395 - INFO - 处理样本 195/393: 195
2026-03-17 20:06:58,742 - INFO - HTTP Request: POST https://toollearning.cn/v1/chat/completions "HTTP/1.1 401 Unauthorized"
2026-03-17 20:06:58,743 - ERROR - API调用错误: Error code: 401 - {'error': {'code': '', 'message': '[sk-47c***98e] 该令牌额度已用尽 !token.UnlimitedQuota && token.RemainQuota = -20154 (request id: 20260317200658843566712qJrkUvgC)', 'type': 'thunlp_api_error'}}
2026-03-17 20:06:58,744 - INFO - 等待3秒后重试...
2026-03-17 20:07:01,994 - INFO - HTTP Request: POST https://toollearning.cn/v1/chat/completions "HTTP/1.1 401 Unauthorized"
2026-03-17 20:07:01,996 - ERROR - API调用错误: Error code: 401 - {'error': {'code': '', 'message': '[sk-47c***98e] 该令牌额度已用尽 !token.UnlimitedQuota && token.RemainQuota = -20154 (request id: 20260317200701938168034K51zyx5e)', 'type': 'thunlp_api_error'}}
2026-03-17 20:07:01,996 - INFO - 等待3秒后重试...
2026-03-17 20:07:05,084 - INFO - HTTP Request: POST https://toollearning.cn/v1/chat/completions "HTTP/1.1 401 Unauthorized"
2026-03-17 20:07:05,085 - ERROR - API调用错误: Error code: 401 - {'error': {'code': '', 'message': '[sk-47c***98e] 该令牌额度已用尽 !token.UnlimitedQuota && token.RemainQuota = -20154 (request id: 20260317200705195749010NqBY1bKi)', 'type': 'thunlp_api_error'}}
2026-03-17 20:07:05,086 - ERROR - 处理样本 195 失败: Error code: 401 - {'error': {'code': '', 'message': '[sk-47c***98e] 该令牌额度已用尽 !token.UnlimitedQuota && token.RemainQuota = -20154 (request id: 20260317200705195749010NqBY1bKi)', 'type': 'thunlp_api_error'}}
2026-03-17 20:07:05,086 - INFO - 处理样本 196/393: 196
2026-03-17 20:07:06,196 - INFO - HTTP Request: POST https://toollearning.cn/v1/chat/completions "HTTP/1.1 401 Unauthorized"
2026-03-17 20:07:06,196 - ERROR - API调用错误: Error code: 401 - {'error': {'code': '', 'message': '[sk-47c***98e] 该令牌额度已用尽 !token.UnlimitedQuota && token.RemainQuota = -20154 (request id: 20260317200706308427227IfWkuKwr)', 'type': 'thunlp_api_error'}}
2026-03-17 20:07:06,197 - INFO - 等待3秒后重试...
2026-03-17 20:07:09,385 - INFO - HTTP Request: POST https://toollearning.cn/v1/chat/completions "HTTP/1.1 401 Unauthorized"
2026-03-17 20:07:09,386 - ERROR - API调用错误: Error code: 401 - {'error': {'code': '', 'message': '[sk-47c***98e] 该令牌额度已用尽 !token.UnlimitedQuota && token.RemainQuota = -20154 (request id: 20260317200709405209693ru3hvtuS)', 'type': 'thunlp_api_error'}}
2026-03-17 20:07:09,387 - INFO - 等待3秒后重试...
2026-03-17 20:07:12,492 - INFO - HTTP Request: POST https://toollearning.cn/v1/chat/completions "HTTP/1.1 401 Unauthorized"
2026-03-17 20:07:12,492 - ERROR - API调用错误: Error code: 401 - {'error': {'code': '', 'message': '[sk-47c***98e] 该令牌额度已用尽 !token.UnlimitedQuota && token.RemainQuota = -20154 (request id: 202603172007126001322215opXs2bn)', 'type': 'thunlp_api_error'}}
2026-03-17 20:07:12,493 - ERROR - 处理样本 196 失败: Error code: 401 - {'error': {'code': '', 'message': '[sk-47c***98e] 该令牌额度已用尽 !token.UnlimitedQuota && token.RemainQuota = -20154 (request id: 202603172007126001322215opXs2bn)', 'type': 'thunlp_api_error'}}
2026-03-17 20:07:12,494 - INFO - 处理样本 197/393: 197
2026-03-17 20:07:13,389 - INFO - HTTP Request: POST https://toollearning.cn/v1/chat/completions "HTTP/1.1 401 Unauthorized"
2026-03-17 20:07:13,390 - ERROR - API调用错误: Error code: 401 - {'error': {'code': '', 'message': '[sk-47c***98e] 该令牌额度已用尽 !token.UnlimitedQuota && token.RemainQuota = -20154 (request id: 20260317200713409801575orOGAfAi)', 'type': 'thunlp_api_error'}}
2026-03-17 20:07:13,391 - INFO - 等待3秒后重试...
2026-03-17 20:07:16,758 - INFO - HTTP Request: POST https://toollearning.cn/v1/chat/completions "HTTP/1.1 401 Unauthorized"
2026-03-17 20:07:16,759 - ERROR - API调用错误: Error code: 401 - {'error': {'code': '', 'message': '[sk-47c***98e] 该令牌额度已用尽 !token.UnlimitedQuota && token.RemainQuota = -20154 (request id: 20260317200716622193059NUNEURhk)', 'type': 'thunlp_api_error'}}
2026-03-17 20:07:16,759 - INFO - 等待3秒后重试...
2026-03-17 20:07:20,036 - INFO - HTTP Request: POST https://toollearning.cn/v1/chat/completions "HTTP/1.1 401 Unauthorized"
2026-03-17 20:07:20,037 - ERROR - API调用错误: Error code: 401 - {'error': {'code': '', 'message': '[sk-47c***98e] 该令牌额度已用尽 !token.UnlimitedQuota && token.RemainQuota = -20154 (request id: 20260317200719986848545V3sF3TWm)', 'type': 'thunlp_api_error'}}
2026-03-17 20:07:20,037 - ERROR - 处理样本 197 失败: Error code: 401 - {'error': {'code': '', 'message': '[sk-47c***98e] 该令牌额度已用尽 !token.UnlimitedQuota && token.RemainQuota = -20154 (request id: 20260317200719986848545V3sF3TWm)', 'type': 'thunlp_api_error'}}
2026-03-17 20:07:20,037 - INFO - 处理样本 198/393: 198
2026-03-17 20:07:20,751 - INFO - HTTP Request: POST https://toollearning.cn/v1/chat/completions "HTTP/1.1 401 Unauthorized"
2026-03-17 20:07:20,753 - ERROR - API调用错误: Error code: 401 - {'error': {'code': '', 'message': '[sk-47c***98e] 该令牌额度已用尽 !token.UnlimitedQuota && token.RemainQuota = -20154 (request id: 20260317200720855201877wUEehttJ)', 'type': 'thunlp_api_error'}}
2026-03-17 20:07:20,753 - INFO - 等待3秒后重试...
2026-03-17 20:07:23,855 - INFO - HTTP Request: POST https://toollearning.cn/v1/chat/completions "HTTP/1.1 401 Unauthorized"
2026-03-17 20:07:23,863 - ERROR - API调用错误: Error code: 401 - {'error': {'code': '', 'message': '[sk-47c***98e] 该令牌额度已用尽 !token.UnlimitedQuota && token.RemainQuota = -20154 (request id: 20260317200723965231209E8QxqGhd)', 'type': 'thunlp_api_error'}}
2026-03-17 20:07:23,865 - INFO - 等待3秒后重试...
2026-03-17 20:07:27,100 - INFO - HTTP Request: POST https://toollearning.cn/v1/chat/completions "HTTP/1.1 401 Unauthorized"
2026-03-17 20:07:27,100 - ERROR - API调用错误: Error code: 401 - {'error': {'code': '', 'message': '[sk-47c***98e] 该令牌额度已用尽 !token.UnlimitedQuota && token.RemainQuota = -20154 (request id: 2026031720072784786097j5NQZfJf)', 'type': 'thunlp_api_error'}}
2026-03-17 20:07:27,101 - ERROR - 处理样本 198 失败: Error code: 401 - {'error': {'code': '', 'message': '[sk-47c***98e] 该令牌额度已用尽 !token.UnlimitedQuota && token.RemainQuota = -20154 (request id: 2026031720072784786097j5NQZfJf)', 'type': 'thunlp_api_error'}}
2026-03-17 20:07:27,101 - INFO - 处理样本 199/393: 199
2026-03-17 20:07:28,439 - INFO - HTTP Request: POST https://toollearning.cn/v1/chat/completions "HTTP/1.1 401 Unauthorized"
2026-03-17 20:07:28,440 - ERROR - API调用错误: Error code: 401 - {'error': {'code': '', 'message': '[sk-47c***98e] 该令牌额度已用尽 !token.UnlimitedQuota && token.RemainQuota = -20154 (request id: 20260317200728445435792jwvOaXgB)', 'type': 'thunlp_api_error'}}
2026-03-17 20:07:28,440 - INFO - 等待3秒后重试...
2026-03-17 20:07:31,590 - INFO - HTTP Request: POST https://toollearning.cn/v1/chat/completions "HTTP/1.1 401 Unauthorized"
2026-03-17 20:07:31,591 - ERROR - API调用错误: Error code: 401 - {'error': {'code': '', 'message': '[sk-47c***98e] 该令牌额度已用尽 !token.UnlimitedQuota && token.RemainQuota = -20154 (request id: 20260317200731636047561U7AucGyR)', 'type': 'thunlp_api_error'}}
2026-03-17 20:07:31,592 - INFO - 等待3秒后重试...
2026-03-17 20:07:34,707 - INFO - HTTP Request: POST https://toollearning.cn/v1/chat/completions "HTTP/1.1 401 Unauthorized"
2026-03-17 20:07:34,709 - ERROR - API调用错误: Error code: 401 - {'error': {'code': '', 'message': '[sk-47c***98e] 该令牌额度已用尽 !token.UnlimitedQuota && token.RemainQuota = -20154 (request id: 20260317200734780772028NqnSb7XL)', 'type': 'thunlp_api_error'}}
2026-03-17 20:07:34,709 - ERROR - 处理样本 199 失败: Error code: 401 - {'error': {'code': '', 'message': '[sk-47c***98e] 该令牌额度已用尽 !token.UnlimitedQuota && token.RemainQuota = -20154 (request id: 20260317200734780772028NqnSb7XL)', 'type': 'thunlp_api_error'}}
2026-03-17 20:07:34,709 - INFO - 处理样本 200/393: 200
2026-03-17 20:07:35,512 - INFO - HTTP Request: POST https://toollearning.cn/v1/chat/completions "HTTP/1.1 401 Unauthorized"
2026-03-17 20:07:35,514 - ERROR - API调用错误: Error code: 401 - {'error': {'code': '', 'message': '[sk-47c***98e] 该令牌额度已用尽 !token.UnlimitedQuota && token.RemainQuota = -20154 (request id: 20260317200735570772799GS7dmK4a)', 'type': 'thunlp_api_error'}}
2026-03-17 20:07:35,514 - INFO - 等待3秒后重试...
2026-03-17 20:07:38,663 - INFO - HTTP Request: POST https://toollearning.cn/v1/chat/completions "HTTP/1.1 401 Unauthorized"
2026-03-17 20:07:38,664 - ERROR - API调用错误: Error code: 401 - {'error': {'code': '', 'message': '[sk-47c***98e] 该令牌额度已用尽 !token.UnlimitedQuota && token.RemainQuota = -20154 (request id: 20260317200738719950772T8UqD1VJ)', 'type': 'thunlp_api_error'}}
2026-03-17 20:07:38,665 - INFO - 等待3秒后重试...
2026-03-17 20:07:41,831 - INFO - HTTP Request: POST https://toollearning.cn/v1/chat/completions "HTTP/1.1 401 Unauthorized"
2026-03-17 20:07:41,832 - ERROR - API调用错误: Error code: 401 - {'error': {'code': '', 'message': '[sk-47c***98e] 该令牌额度已用尽 !token.UnlimitedQuota && token.RemainQuota = -20154 (request id: 20260317200741875525782qpfKTBHD)', 'type': 'thunlp_api_error'}}
2026-03-17 20:07:41,834 - ERROR - 处理样本 200 失败: Error code: 401 - {'error': {'code': '', 'message': '[sk-47c***98e] 该令牌额度已用尽 !token.UnlimitedQuota && token.RemainQuota = -20154 (request id: 20260317200741875525782qpfKTBHD)', 'type': 'thunlp_api_error'}}
2026-03-17 20:07:41,835 - INFO - 处理样本 201/393: 201
2026-03-17 20:07:42,655 - INFO - HTTP Request: POST https://toollearning.cn/v1/chat/completions "HTTP/1.1 401 Unauthorized"
2026-03-17 20:07:42,656 - ERROR - API调用错误: Error code: 401 - {'error': {'code': '', 'message': '[sk-47c***98e] 该令牌额度已用尽 !token.UnlimitedQuota && token.RemainQuota = -20154 (request id: 20260317200742767793089Ncef0Jcr)', 'type': 'thunlp_api_error'}}
2026-03-17 20:07:42,656 - INFO - 等待3秒后重试...
2026-03-17 20:07:45,839 - INFO - HTTP Request: POST https://toollearning.cn/v1/chat/completions "HTTP/1.1 401 Unauthorized"
2026-03-17 20:07:45,840 - ERROR - API调用错误: Error code: 401 - {'error': {'code': '', 'message': '[sk-47c***98e] 该令牌额度已用尽 !token.UnlimitedQuota && token.RemainQuota = -20154 (request id: 20260317200745857751432xU89WKcg)', 'type': 'thunlp_api_error'}}
2026-03-17 20:07:45,840 - INFO - 等待3秒后重试...
2026-03-17 20:07:48,953 - INFO - HTTP Request: POST https://toollearning.cn/v1/chat/completions "HTTP/1.1 401 Unauthorized"
2026-03-17 20:07:48,954 - ERROR - API调用错误: Error code: 401 - {'error': {'code': '', 'message': '[sk-47c***98e] 该令牌额度已用尽 !token.UnlimitedQuota && token.RemainQuota = -20154 (request id: 20260317200749478112926U843Xs5)', 'type': 'thunlp_api_error'}}
2026-03-17 20:07:48,954 - ERROR - 处理样本 201 失败: Error code: 401 - {'error': {'code': '', 'message': '[sk-47c***98e] 该令牌额度已用尽 !token.UnlimitedQuota && token.RemainQuota = -20154 (request id: 20260317200749478112926U843Xs5)', 'type': 'thunlp_api_error'}}
2026-03-17 20:07:48,954 - INFO - 处理样本 202/393: 202
2026-03-17 20:07:49,831 - INFO - HTTP Request: POST https://toollearning.cn/v1/chat/completions "HTTP/1.1 401 Unauthorized"
2026-03-17 20:07:49,832 - ERROR - API调用错误: Error code: 401 - {'error': {'code': '', 'message': '[sk-47c***98e] 该令牌额度已用尽 !token.UnlimitedQuota && token.RemainQuota = -20154 (request id: 20260317200749950393376DuRtKBlQ)', 'type': 'thunlp_api_error'}}
2026-03-17 20:07:49,832 - INFO - 等待3秒后重试...
2026-03-17 20:07:53,007 - INFO - HTTP Request: POST https://toollearning.cn/v1/chat/completions "HTTP/1.1 401 Unauthorized"
2026-03-17 20:07:53,008 - ERROR - API调用错误: Error code: 401 - {'error': {'code': '', 'message': '[sk-47c***98e] 该令牌额度已用尽 !token.UnlimitedQuota && token.RemainQuota = -20154 (request id: 2026031720075325465058UVrGQdbh)', 'type': 'thunlp_api_error'}}
2026-03-17 20:07:53,009 - INFO - 等待3秒后重试...
2026-03-17 20:07:56,088 - INFO - HTTP Request: POST https://toollearning.cn/v1/chat/completions "HTTP/1.1 401 Unauthorized"
2026-03-17 20:07:56,088 - ERROR - API调用错误: Error code: 401 - {'error': {'code': '', 'message': '[sk-47c***98e] 该令牌额度已用尽 !token.UnlimitedQuota && token.RemainQuota = -20154 (request id: 20260317200756208095153JIksbmpq)', 'type': 'thunlp_api_error'}}
2026-03-17 20:07:56,089 - ERROR - 处理样本 202 失败: Error code: 401 - {'error': {'code': '', 'message': '[sk-47c***98e] 该令牌额度已用尽 !token.UnlimitedQuota && token.RemainQuota = -20154 (request id: 20260317200756208095153JIksbmpq)', 'type': 'thunlp_api_error'}}
2026-03-17 20:07:56,089 - INFO - 处理样本 203/393: 203
2026-03-17 20:07:57,106 - INFO - HTTP Request: POST https://toollearning.cn/v1/chat/completions "HTTP/1.1 401 Unauthorized"
2026-03-17 20:07:57,107 - ERROR - API调用错误: Error code: 401 - {'error': {'code': '', 'message': '[sk-47c***98e] 该令牌额度已用尽 !token.UnlimitedQuota && token.RemainQuota = -20154 (request id: 20260317200757100211231rEi2H6Vd)', 'type': 'thunlp_api_error'}}
2026-03-17 20:07:57,107 - INFO - 等待3秒后重试...
2026-03-17 20:08:00,385 - INFO - HTTP Request: POST https://toollearning.cn/v1/chat/completions "HTTP/1.1 401 Unauthorized"
2026-03-17 20:08:00,386 - ERROR - API调用错误: Error code: 401 - {'error': {'code': '', 'message': '[sk-47c***98e] 该令牌额度已用尽 !token.UnlimitedQuota && token.RemainQuota = -20154 (request id: 20260317200800305189898WJZUoF7k)', 'type': 'thunlp_api_error'}}
2026-03-17 20:08:00,386 - INFO - 等待3秒后重试...
2026-03-17 20:08:03,553 - INFO - HTTP Request: POST https://toollearning.cn/v1/chat/completions "HTTP/1.1 401 Unauthorized"
2026-03-17 20:08:03,554 - ERROR - API调用错误: Error code: 401 - {'error': {'code': '', 'message': '[sk-47c***98e] 该令牌额度已用尽 !token.UnlimitedQuota && token.RemainQuota = -20154 (request id: 20260317200803584951560ZlcfTaJ5)', 'type': 'thunlp_api_error'}}
2026-03-17 20:08:03,555 - ERROR - 处理样本 203 失败: Error code: 401 - {'error': {'code': '', 'message': '[sk-47c***98e] 该令牌额度已用尽 !token.UnlimitedQuota && token.RemainQuota = -20154 (request id: 20260317200803584951560ZlcfTaJ5)', 'type': 'thunlp_api_error'}}
2026-03-17 20:08:03,555 - INFO - 处理样本 204/393: 204
2026-03-17 20:08:04,482 - INFO - HTTP Request: POST https://toollearning.cn/v1/chat/completions "HTTP/1.1 401 Unauthorized"
2026-03-17 20:08:04,483 - ERROR - API调用错误: Error code: 401 - {'error': {'code': '', 'message': '[sk-47c***98e] 该令牌额度已用尽 !token.UnlimitedQuota && token.RemainQuota = -20154 (request id: 202603172008044679836537Aqrek8f)', 'type': 'thunlp_api_error'}}
2026-03-17 20:08:04,484 - INFO - 等待3秒后重试...
2026-03-17 20:08:07,579 - INFO - HTTP Request: POST https://toollearning.cn/v1/chat/completions "HTTP/1.1 401 Unauthorized"
2026-03-17 20:08:07,581 - ERROR - API调用错误: Error code: 401 - {'error': {'code': '', 'message': '[sk-47c***98e] 该令牌额度已用尽 !token.UnlimitedQuota && token.RemainQuota = -20154 (request id: 20260317200807685094562yHWfnFMM)', 'type': 'thunlp_api_error'}}
2026-03-17 20:08:07,581 - INFO - 等待3秒后重试...
2026-03-17 20:08:10,761 - INFO - HTTP Request: POST https://toollearning.cn/v1/chat/completions "HTTP/1.1 401 Unauthorized"
2026-03-17 20:08:10,762 - ERROR - API调用错误: Error code: 401 - {'error': {'code': '', 'message': '[sk-47c***98e] 该令牌额度已用尽 !token.UnlimitedQuota && token.RemainQuota = -20154 (request id: 20260317200810785204954nTtJzneJ)', 'type': 'thunlp_api_error'}}
2026-03-17 20:08:10,762 - ERROR - 处理样本 204 失败: Error code: 401 - {'error': {'code': '', 'message': '[sk-47c***98e] 该令牌额度已用尽 !token.UnlimitedQuota && token.RemainQuota = -20154 (request id: 20260317200810785204954nTtJzneJ)', 'type': 'thunlp_api_error'}}
2026-03-17 20:08:10,763 - INFO - 处理样本 205/393: 205
2026-03-17 20:08:11,838 - INFO - HTTP Request: POST https://toollearning.cn/v1/chat/completions "HTTP/1.1 401 Unauthorized"
2026-03-17 20:08:11,839 - ERROR - API调用错误: Error code: 401 - {'error': {'code': '', 'message': '[sk-47c***98e] 该令牌额度已用尽 !token.UnlimitedQuota && token.RemainQuota = -20154 (request id: 20260317200811931939674FqqwuMct)', 'type': 'thunlp_api_error'}}
2026-03-17 20:08:11,839 - INFO - 等待3秒后重试...
2026-03-17 20:08:14,917 - INFO - HTTP Request: POST https://toollearning.cn/v1/chat/completions "HTTP/1.1 401 Unauthorized"
2026-03-17 20:08:14,918 - ERROR - API调用错误: Error code: 401 - {'error': {'code': '', 'message': '[sk-47c***98e] 该令牌额度已用尽 !token.UnlimitedQuota && token.RemainQuota = -20154 (request id: 2026031720081539809590cSdlaVWb)', 'type': 'thunlp_api_error'}}
2026-03-17 20:08:14,918 - INFO - 等待3秒后重试...
2026-03-17 20:08:18,125 - INFO - HTTP Request: POST https://toollearning.cn/v1/chat/completions "HTTP/1.1 401 Unauthorized"
2026-03-17 20:08:18,126 - ERROR - API调用错误: Error code: 401 - {'error': {'code': '', 'message': '[sk-47c***98e] 该令牌额度已用尽 !token.UnlimitedQuota && token.RemainQuota = -20154 (request id: 20260317200818121816557vJAy1fEo)', 'type': 'thunlp_api_error'}}
2026-03-17 20:08:18,126 - ERROR - 处理样本 205 失败: Error code: 401 - {'error': {'code': '', 'message': '[sk-47c***98e] 该令牌额度已用尽 !token.UnlimitedQuota && token.RemainQuota = -20154 (request id: 20260317200818121816557vJAy1fEo)', 'type': 'thunlp_api_error'}}
2026-03-17 20:08:18,126 - INFO - 处理样本 206/393: 206
2026-03-17 20:08:19,360 - INFO - HTTP Request: POST https://toollearning.cn/v1/chat/completions "HTTP/1.1 401 Unauthorized"
2026-03-17 20:08:19,362 - ERROR - API调用错误: Error code: 401 - {'error': {'code': '', 'message': '[sk-47c***98e] 该令牌额度已用尽 !token.UnlimitedQuota && token.RemainQuota = -20154 (request id: 20260317200819343246596RjzkE9sr)', 'type': 'thunlp_api_error'}}
2026-03-17 20:08:19,362 - INFO - 等待3秒后重试...
2026-03-17 20:08:22,453 - INFO - HTTP Request: POST https://toollearning.cn/v1/chat/completions "HTTP/1.1 401 Unauthorized"
2026-03-17 20:08:22,455 - ERROR - API调用错误: Error code: 401 - {'error': {'code': '', 'message': '[sk-47c***98e] 该令牌额度已用尽 !token.UnlimitedQuota && token.RemainQuota = -20154 (request id: 20260317200822570169943YWXPvFyJ)', 'type': 'thunlp_api_error'}}
2026-03-17 20:08:22,456 - INFO - 等待3秒后重试...
2026-03-17 20:08:25,551 - INFO - HTTP Request: POST https://toollearning.cn/v1/chat/completions "HTTP/1.1 401 Unauthorized"
2026-03-17 20:08:25,552 - ERROR - API调用错误: Error code: 401 - {'error': {'code': '', 'message': '[sk-47c***98e] 该令牌额度已用尽 !token.UnlimitedQuota && token.RemainQuota = -20154 (request id: 20260317200825668181651N1rFMHNB)', 'type': 'thunlp_api_error'}}
2026-03-17 20:08:25,553 - ERROR - 处理样本 206 失败: Error code: 401 - {'error': {'code': '', 'message': '[sk-47c***98e] 该令牌额度已用尽 !token.UnlimitedQuota && token.RemainQuota = -20154 (request id: 20260317200825668181651N1rFMHNB)', 'type': 'thunlp_api_error'}}
2026-03-17 20:08:25,553 - INFO - 处理样本 207/393: 207
2026-03-17 20:08:26,791 - INFO - HTTP Request: POST https://toollearning.cn/v1/chat/completions "HTTP/1.1 401 Unauthorized"
2026-03-17 20:08:26,791 - ERROR - API调用错误: Error code: 401 - {'error': {'code': '', 'message': '[sk-47c***98e] 该令牌额度已用尽 !token.UnlimitedQuota && token.RemainQuota = -20154 (request id: 20260317200826870626193hIDsYrXJ)', 'type': 'thunlp_api_error'}}
2026-03-17 20:08:26,792 - INFO - 等待3秒后重试...
2026-03-17 20:08:29,975 - INFO - HTTP Request: POST https://toollearning.cn/v1/chat/completions "HTTP/1.1 401 Unauthorized"
2026-03-17 20:08:29,976 - ERROR - API调用错误: Error code: 401 - {'error': {'code': '', 'message': '[sk-47c***98e] 该令牌额度已用尽 !token.UnlimitedQuota && token.RemainQuota = -20154 (request id: 20260317200829995587633OflUwgTz)', 'type': 'thunlp_api_error'}}
2026-03-17 20:08:29,976 - INFO - 等待3秒后重试...
2026-03-17 20:08:33,147 - INFO - HTTP Request: POST https://toollearning.cn/v1/chat/completions "HTTP/1.1 401 Unauthorized"
2026-03-17 20:08:33,148 - ERROR - API调用错误: Error code: 401 - {'error': {'code': '', 'message': '[sk-47c***98e] 该令牌额度已用尽 !token.UnlimitedQuota && token.RemainQuota = -20154 (request id: 20260317200833185780579106mmEPk)', 'type': 'thunlp_api_error'}}
2026-03-17 20:08:33,148 - ERROR - 处理样本 207 失败: Error code: 401 - {'error': {'code': '', 'message': '[sk-47c***98e] 该令牌额度已用尽 !token.UnlimitedQuota && token.RemainQuota = -20154 (request id: 20260317200833185780579106mmEPk)', 'type': 'thunlp_api_error'}}
2026-03-17 20:08:33,149 - INFO - 处理样本 208/393: 208
2026-03-17 20:08:34,588 - INFO - HTTP Request: POST https://toollearning.cn/v1/chat/completions "HTTP/1.1 401 Unauthorized"
2026-03-17 20:08:34,589 - ERROR - API调用错误: Error code: 401 - {'error': {'code': '', 'message': '[sk-47c***98e] 该令牌额度已用尽 !token.UnlimitedQuota && token.RemainQuota = -20154 (request id: 20260317200834670509284NvaLx7LI)', 'type': 'thunlp_api_error'}}
2026-03-17 20:08:34,590 - INFO - 等待3秒后重试...
2026-03-17 20:08:37,759 - INFO - HTTP Request: POST https://toollearning.cn/v1/chat/completions "HTTP/1.1 401 Unauthorized"
2026-03-17 20:08:37,760 - ERROR - API调用错误: Error code: 401 - {'error': {'code': '', 'message': '[sk-47c***98e] 该令牌额度已用尽 !token.UnlimitedQuota && token.RemainQuota = -20154 (request id: 20260317200837800567541lSL88QNV)', 'type': 'thunlp_api_error'}}
2026-03-17 20:08:37,761 - INFO - 等待3秒后重试...
2026-03-17 20:08:40,932 - INFO - HTTP Request: POST https://toollearning.cn/v1/chat/completions "HTTP/1.1 401 Unauthorized"
2026-03-17 20:08:40,933 - ERROR - API调用错误: Error code: 401 - {'error': {'code': '', 'message': '[sk-47c***98e] 该令牌额度已用尽 !token.UnlimitedQuota && token.RemainQuota = -20154 (request id: 20260317200840995827073gu2j5NOl)', 'type': 'thunlp_api_error'}}
2026-03-17 20:08:40,933 - ERROR - 处理样本 208 失败: Error code: 401 - {'error': {'code': '', 'message': '[sk-47c***98e] 该令牌额度已用尽 !token.UnlimitedQuota && token.RemainQuota = -20154 (request id: 20260317200840995827073gu2j5NOl)', 'type': 'thunlp_api_error'}}
2026-03-17 20:08:40,933 - INFO - 处理样本 209/393: 209
2026-03-17 20:08:41,960 - INFO - HTTP Request: POST https://toollearning.cn/v1/chat/completions "HTTP/1.1 401 Unauthorized"
2026-03-17 20:08:41,961 - ERROR - API调用错误: Error code: 401 - {'error': {'code': '', 'message': '[sk-47c***98e] 该令牌额度已用尽 !token.UnlimitedQuota && token.RemainQuota = -20154 (request id: 202603172008418730879208wtkje3z)', 'type': 'thunlp_api_error'}}
2026-03-17 20:08:41,962 - INFO - 等待3秒后重试...
2026-03-17 20:08:45,123 - INFO - HTTP Request: POST https://toollearning.cn/v1/chat/completions "HTTP/1.1 401 Unauthorized"
2026-03-17 20:08:45,124 - ERROR - API调用错误: Error code: 401 - {'error': {'code': '', 'message': '[sk-47c***98e] 该令牌额度已用尽 !token.UnlimitedQuota && token.RemainQuota = -20154 (request id: 20260317200845183286201zWLjJXPa)', 'type': 'thunlp_api_error'}}
2026-03-17 20:08:45,124 - INFO - 等待3秒后重试...
2026-03-17 20:08:48,408 - INFO - HTTP Request: POST https://toollearning.cn/v1/chat/completions "HTTP/1.1 401 Unauthorized"
2026-03-17 20:08:48,409 - ERROR - API调用错误: Error code: 401 - {'error': {'code': '', 'message': '[sk-47c***98e] 该令牌额度已用尽 !token.UnlimitedQuota && token.RemainQuota = -20154 (request id: 20260317200848338533697t5B3RGFH)', 'type': 'thunlp_api_error'}}
2026-03-17 20:08:48,409 - ERROR - 处理样本 209 失败: Error code: 401 - {'error': {'code': '', 'message': '[sk-47c***98e] 该令牌额度已用尽 !token.UnlimitedQuota && token.RemainQuota = -20154 (request id: 20260317200848338533697t5B3RGFH)', 'type': 'thunlp_api_error'}}
2026-03-17 20:08:48,410 - INFO - 处理样本 210/393: 210
2026-03-17 20:08:49,316 - INFO - HTTP Request: POST https://toollearning.cn/v1/chat/completions "HTTP/1.1 401 Unauthorized"
2026-03-17 20:08:49,316 - ERROR - API调用错误: Error code: 401 - {'error': {'code': '', 'message': '[sk-47c***98e] 该令牌额度已用尽 !token.UnlimitedQuota && token.RemainQuota = -20154 (request id: 20260317200849422668203wqHBLBqW)', 'type': 'thunlp_api_error'}}
2026-03-17 20:08:49,317 - INFO - 等待3秒后重试...
2026-03-17 20:08:52,500 - INFO - HTTP Request: POST https://toollearning.cn/v1/chat/completions "HTTP/1.1 401 Unauthorized"
2026-03-17 20:08:52,500 - ERROR - API调用错误: Error code: 401 - {'error': {'code': '', 'message': '[sk-47c***98e] 该令牌额度已用尽 !token.UnlimitedQuota && token.RemainQuota = -20154 (request id: 20260317200852590197876oyWkXHRn)', 'type': 'thunlp_api_error'}}
2026-03-17 20:08:52,501 - INFO - 等待3秒后重试...
2026-03-17 20:08:55,777 - INFO - HTTP Request: POST https://toollearning.cn/v1/chat/completions "HTTP/1.1 401 Unauthorized"
2026-03-17 20:08:55,778 - ERROR - API调用错误: Error code: 401 - {'error': {'code': '', 'message': '[sk-47c***98e] 该令牌额度已用尽 !token.UnlimitedQuota && token.RemainQuota = -20154 (request id: 20260317200855724852071kR9w2aAb)', 'type': 'thunlp_api_error'}}
2026-03-17 20:08:55,779 - ERROR - 处理样本 210 失败: Error code: 401 - {'error': {'code': '', 'message': '[sk-47c***98e] 该令牌额度已用尽 !token.UnlimitedQuota && token.RemainQuota = -20154 (request id: 20260317200855724852071kR9w2aAb)', 'type': 'thunlp_api_error'}}
2026-03-17 20:08:55,779 - INFO - 处理样本 211/393: 211
2026-03-17 20:08:56,898 - INFO - HTTP Request: POST https://toollearning.cn/v1/chat/completions "HTTP/1.1 401 Unauthorized"
2026-03-17 20:08:56,899 - ERROR - API调用错误: Error code: 401 - {'error': {'code': '', 'message': '[sk-47c***98e] 该令牌额度已用尽 !token.UnlimitedQuota && token.RemainQuota = -20154 (request id: 2026031720085710195797NPOJGNnf)', 'type': 'thunlp_api_error'}}
2026-03-17 20:08:56,899 - INFO - 等待3秒后重试...
2026-03-17 20:09:00,079 - INFO - HTTP Request: POST https://toollearning.cn/v1/chat/completions "HTTP/1.1 401 Unauthorized"
2026-03-17 20:09:00,080 - ERROR - API调用错误: Error code: 401 - {'error': {'code': '', 'message': '[sk-47c***98e] 该令牌额度已用尽 !token.UnlimitedQuota && token.RemainQuota = -20154 (request id: 202603172009001006195610UGUpwsc)', 'type': 'thunlp_api_error'}}
2026-03-17 20:09:00,081 - INFO - 等待3秒后重试...
2026-03-17 20:09:03,175 - INFO - HTTP Request: POST https://toollearning.cn/v1/chat/completions "HTTP/1.1 401 Unauthorized"
2026-03-17 20:09:03,176 - ERROR - API调用错误: Error code: 401 - {'error': {'code': '', 'message': '[sk-47c***98e] 该令牌额度已用尽 !token.UnlimitedQuota && token.RemainQuota = -20154 (request id: 20260317200903288223668FihKrgCc)', 'type': 'thunlp_api_error'}}
2026-03-17 20:09:03,176 - ERROR - 处理样本 211 失败: Error code: 401 - {'error': {'code': '', 'message': '[sk-47c***98e] 该令牌额度已用尽 !token.UnlimitedQuota && token.RemainQuota = -20154 (request id: 20260317200903288223668FihKrgCc)', 'type': 'thunlp_api_error'}}
2026-03-17 20:09:03,176 - INFO - 处理样本 212/393: 212
2026-03-17 20:09:04,274 - INFO - HTTP Request: POST https://toollearning.cn/v1/chat/completions "HTTP/1.1 401 Unauthorized"
2026-03-17 20:09:04,275 - ERROR - API调用错误: Error code: 401 - {'error': {'code': '', 'message': '[sk-47c***98e] 该令牌额度已用尽 !token.UnlimitedQuota && token.RemainQuota = -20154 (request id: 20260317200904235324009DUV6v7r8)', 'type': 'thunlp_api_error'}}
2026-03-17 20:09:04,276 - INFO - 等待3秒后重试...
2026-03-17 20:09:07,453 - INFO - HTTP Request: POST https://toollearning.cn/v1/chat/completions "HTTP/1.1 401 Unauthorized"
2026-03-17 20:09:07,453 - ERROR - API调用错误: Error code: 401 - {'error': {'code': '', 'message': '[sk-47c***98e] 该令牌额度已用尽 !token.UnlimitedQuota && token.RemainQuota = -20154 (request id: 20260317200907487770216IS9bU3PP)', 'type': 'thunlp_api_error'}}
2026-03-17 20:09:07,454 - INFO - 等待3秒后重试...
2026-03-17 20:09:10,616 - INFO - HTTP Request: POST https://toollearning.cn/v1/chat/completions "HTTP/1.1 401 Unauthorized"
2026-03-17 20:09:10,617 - ERROR - API调用错误: Error code: 401 - {'error': {'code': '', 'message': '[sk-47c***98e] 该令牌额度已用尽 !token.UnlimitedQuota && token.RemainQuota = -20154 (request id: 20260317200910660121391byOyvHZt)', 'type': 'thunlp_api_error'}}
2026-03-17 20:09:10,618 - ERROR - 处理样本 212 失败: Error code: 401 - {'error': {'code': '', 'message': '[sk-47c***98e] 该令牌额度已用尽 !token.UnlimitedQuota && token.RemainQuota = -20154 (request id: 20260317200910660121391byOyvHZt)', 'type': 'thunlp_api_error'}}
2026-03-17 20:09:10,619 - INFO - 处理样本 213/393: 213
2026-03-17 20:09:11,752 - INFO - HTTP Request: POST https://toollearning.cn/v1/chat/completions "HTTP/1.1 401 Unauthorized"
2026-03-17 20:09:11,753 - ERROR - API调用错误: Error code: 401 - {'error': {'code': '', 'message': '[sk-47c***98e] 该令牌额度已用尽 !token.UnlimitedQuota && token.RemainQuota = -20154 (request id: 202603172009116516463956oXtzSZL)', 'type': 'thunlp_api_error'}}
2026-03-17 20:09:11,753 - INFO - 等待3秒后重试...
2026-03-17 20:09:14,865 - INFO - HTTP Request: POST https://toollearning.cn/v1/chat/completions "HTTP/1.1 401 Unauthorized"
2026-03-17 20:09:14,866 - ERROR - API调用错误: Error code: 401 - {'error': {'code': '', 'message': '[sk-47c***98e] 该令牌额度已用尽 !token.UnlimitedQuota && token.RemainQuota = -20154 (request id: 20260317200914958866001rKnsTKOJ)', 'type': 'thunlp_api_error'}}
2026-03-17 20:09:14,866 - INFO - 等待3秒后重试...
2026-03-17 20:09:18,106 - INFO - HTTP Request: POST https://toollearning.cn/v1/chat/completions "HTTP/1.1 401 Unauthorized"
2026-03-17 20:09:18,107 - ERROR - API调用错误: Error code: 401 - {'error': {'code': '', 'message': '[sk-47c***98e] 该令牌额度已用尽 !token.UnlimitedQuota && token.RemainQuota = -20154 (request id: 2026031720091885778953LfCT1Ubw)', 'type': 'thunlp_api_error'}}
2026-03-17 20:09:18,108 - ERROR - 处理样本 213 失败: Error code: 401 - {'error': {'code': '', 'message': '[sk-47c***98e] 该令牌额度已用尽 !token.UnlimitedQuota && token.RemainQuota = -20154 (request id: 2026031720091885778953LfCT1Ubw)', 'type': 'thunlp_api_error'}}
2026-03-17 20:09:18,108 - INFO - 处理样本 214/393: 214
2026-03-17 20:09:19,116 - INFO - HTTP Request: POST https://toollearning.cn/v1/chat/completions "HTTP/1.1 401 Unauthorized"
2026-03-17 20:09:19,117 - ERROR - API调用错误: Error code: 401 - {'error': {'code': '', 'message': '[sk-47c***98e] 该令牌额度已用尽 !token.UnlimitedQuota && token.RemainQuota = -20154 (request id: 20260317200919195028051SchtF7Qj)', 'type': 'thunlp_api_error'}}
2026-03-17 20:09:19,118 - INFO - 等待3秒后重试...
2026-03-17 20:09:22,244 - INFO - HTTP Request: POST https://toollearning.cn/v1/chat/completions "HTTP/1.1 401 Unauthorized"
2026-03-17 20:09:22,244 - ERROR - API调用错误: Error code: 401 - {'error': {'code': '', 'message': '[sk-47c***98e] 该令牌额度已用尽 !token.UnlimitedQuota && token.RemainQuota = -20154 (request id: 20260317200922328147514dReVcOYC)', 'type': 'thunlp_api_error'}}
2026-03-17 20:09:22,245 - INFO - 等待3秒后重试...
2026-03-17 20:09:25,404 - INFO - HTTP Request: POST https://toollearning.cn/v1/chat/completions "HTTP/1.1 401 Unauthorized"
2026-03-17 20:09:25,405 - ERROR - API调用错误: Error code: 401 - {'error': {'code': '', 'message': '[sk-47c***98e] 该令牌额度已用尽 !token.UnlimitedQuota && token.RemainQuota = -20154 (request id: 20260317200925443182542azsyDNmu)', 'type': 'thunlp_api_error'}}
2026-03-17 20:09:25,405 - ERROR - 处理样本 214 失败: Error code: 401 - {'error': {'code': '', 'message': '[sk-47c***98e] 该令牌额度已用尽 !token.UnlimitedQuota && token.RemainQuota = -20154 (request id: 20260317200925443182542azsyDNmu)', 'type': 'thunlp_api_error'}}
2026-03-17 20:09:25,406 - INFO - 处理样本 215/393: 215
2026-03-17 20:09:26,292 - INFO - HTTP Request: POST https://toollearning.cn/v1/chat/completions "HTTP/1.1 401 Unauthorized"
2026-03-17 20:09:26,293 - ERROR - API调用错误: Error code: 401 - {'error': {'code': '', 'message': '[sk-47c***98e] 该令牌额度已用尽 !token.UnlimitedQuota && token.RemainQuota = -20154 (request id: 202603172009263052536229aDaDqVF)', 'type': 'thunlp_api_error'}}
2026-03-17 20:09:26,294 - INFO - 等待3秒后重试...
2026-03-17 20:09:29,392 - INFO - HTTP Request: POST https://toollearning.cn/v1/chat/completions "HTTP/1.1 401 Unauthorized"
2026-03-17 20:09:29,393 - ERROR - API调用错误: Error code: 401 - {'error': {'code': '', 'message': '[sk-47c***98e] 该令牌额度已用尽 !token.UnlimitedQuota && token.RemainQuota = -20154 (request id: 20260317200929505553391F2DEjCrQ)', 'type': 'thunlp_api_error'}}
2026-03-17 20:09:29,394 - INFO - 等待3秒后重试...
2026-03-17 20:09:32,538 - INFO - HTTP Request: POST https://toollearning.cn/v1/chat/completions "HTTP/1.1 401 Unauthorized"
2026-03-17 20:09:32,538 - ERROR - API调用错误: Error code: 401 - {'error': {'code': '', 'message': '[sk-47c***98e] 该令牌额度已用尽 !token.UnlimitedQuota && token.RemainQuota = -20154 (request id: 20260317200932623038278FMzExxBH)', 'type': 'thunlp_api_error'}}
2026-03-17 20:09:32,539 - ERROR - 处理样本 215 失败: Error code: 401 - {'error': {'code': '', 'message': '[sk-47c***98e] 该令牌额度已用尽 !token.UnlimitedQuota && token.RemainQuota = -20154 (request id: 20260317200932623038278FMzExxBH)', 'type': 'thunlp_api_error'}}
2026-03-17 20:09:32,539 - INFO - 处理样本 216/393: 216
2026-03-17 20:09:33,255 - INFO - HTTP Request: POST https://toollearning.cn/v1/chat/completions "HTTP/1.1 401 Unauthorized"
2026-03-17 20:09:33,256 - ERROR - API调用错误: Error code: 401 - {'error': {'code': '', 'message': '[sk-47c***98e] 该令牌额度已用尽 !token.UnlimitedQuota && token.RemainQuota = -20154 (request id: 20260317200933380013329QWqszGKT)', 'type': 'thunlp_api_error'}}
2026-03-17 20:09:33,257 - INFO - 等待3秒后重试...
2026-03-17 20:09:36,438 - INFO - HTTP Request: POST https://toollearning.cn/v1/chat/completions "HTTP/1.1 401 Unauthorized"
2026-03-17 20:09:36,439 - ERROR - API调用错误: Error code: 401 - {'error': {'code': '', 'message': '[sk-47c***98e] 该令牌额度已用尽 !token.UnlimitedQuota && token.RemainQuota = -20154 (request id: 20260317200936455645334n1Dllae0)', 'type': 'thunlp_api_error'}}
2026-03-17 20:09:36,439 - INFO - 等待3秒后重试...
2026-03-17 20:09:39,710 - INFO - HTTP Request: POST https://toollearning.cn/v1/chat/completions "HTTP/1.1 401 Unauthorized"
2026-03-17 20:09:39,712 - ERROR - API调用错误: Error code: 401 - {'error': {'code': '', 'message': '[sk-47c***98e] 该令牌额度已用尽 !token.UnlimitedQuota && token.RemainQuota = -20154 (request id: 20260317200939640380701rWsx4FxY)', 'type': 'thunlp_api_error'}}
2026-03-17 20:09:39,712 - ERROR - 处理样本 216 失败: Error code: 401 - {'error': {'code': '', 'message': '[sk-47c***98e] 该令牌额度已用尽 !token.UnlimitedQuota && token.RemainQuota = -20154 (request id: 20260317200939640380701rWsx4FxY)', 'type': 'thunlp_api_error'}}
2026-03-17 20:09:39,713 - INFO - 处理样本 217/393: 217
2026-03-17 20:09:40,529 - INFO - HTTP Request: POST https://toollearning.cn/v1/chat/completions "HTTP/1.1 401 Unauthorized"
2026-03-17 20:09:40,530 - ERROR - API调用错误: Error code: 401 - {'error': {'code': '', 'message': '[sk-47c***98e] 该令牌额度已用尽 !token.UnlimitedQuota && token.RemainQuota = -20154 (request id: 20260317200940642417698zhGjasov)', 'type': 'thunlp_api_error'}}
2026-03-17 20:09:40,530 - INFO - 等待3秒后重试...
2026-03-17 20:09:43,632 - INFO - HTTP Request: POST https://toollearning.cn/v1/chat/completions "HTTP/1.1 401 Unauthorized"
2026-03-17 20:09:43,633 - ERROR - API调用错误: Error code: 401 - {'error': {'code': '', 'message': '[sk-47c***98e] 该令牌额度已用尽 !token.UnlimitedQuota && token.RemainQuota = -20154 (request id: 20260317200943745040720GylcBP9Q)', 'type': 'thunlp_api_error'}}
2026-03-17 20:09:43,633 - INFO - 等待3秒后重试...
2026-03-17 20:09:46,878 - INFO - HTTP Request: POST https://toollearning.cn/v1/chat/completions "HTTP/1.1 401 Unauthorized"
2026-03-17 20:09:46,878 - ERROR - API调用错误: Error code: 401 - {'error': {'code': '', 'message': '[sk-47c***98e] 该令牌额度已用尽 !token.UnlimitedQuota && token.RemainQuota = -20154 (request id: 20260317200946864798819b2GnliZp)', 'type': 'thunlp_api_error'}}
2026-03-17 20:09:46,879 - ERROR - 处理样本 217 失败: Error code: 401 - {'error': {'code': '', 'message': '[sk-47c***98e] 该令牌额度已用尽 !token.UnlimitedQuota && token.RemainQuota = -20154 (request id: 20260317200946864798819b2GnliZp)', 'type': 'thunlp_api_error'}}
2026-03-17 20:09:46,879 - INFO - 处理样本 218/393: 218
2026-03-17 20:09:48,107 - INFO - HTTP Request: POST https://toollearning.cn/v1/chat/completions "HTTP/1.1 401 Unauthorized"
2026-03-17 20:09:48,108 - ERROR - API调用错误: Error code: 401 - {'error': {'code': '', 'message': '[sk-47c***98e] 该令牌额度已用尽 !token.UnlimitedQuota && token.RemainQuota = -20154 (request id: 2026031720094872802958FeIfyaGg)', 'type': 'thunlp_api_error'}}
2026-03-17 20:09:48,108 - INFO - 等待3秒后重试...
2026-03-17 20:09:51,281 - INFO - HTTP Request: POST https://toollearning.cn/v1/chat/completions "HTTP/1.1 401 Unauthorized"
2026-03-17 20:09:51,282 - ERROR - API调用错误: Error code: 401 - {'error': {'code': '', 'message': '[sk-47c***98e] 该令牌额度已用尽 !token.UnlimitedQuota && token.RemainQuota = -20154 (request id: 20260317200951323050267Se15oyHZ)', 'type': 'thunlp_api_error'}}
2026-03-17 20:09:51,282 - INFO - 等待3秒后重试...
2026-03-17 20:09:54,460 - INFO - HTTP Request: POST https://toollearning.cn/v1/chat/completions "HTTP/1.1 401 Unauthorized"
2026-03-17 20:09:54,461 - ERROR - API调用错误: Error code: 401 - {'error': {'code': '', 'message': '[sk-47c***98e] 该令牌额度已用尽 !token.UnlimitedQuota && token.RemainQuota = -20154 (request id: 20260317200954480207561P5pZPXSY)', 'type': 'thunlp_api_error'}}
2026-03-17 20:09:54,462 - ERROR - 处理样本 218 失败: Error code: 401 - {'error': {'code': '', 'message': '[sk-47c***98e] 该令牌额度已用尽 !token.UnlimitedQuota && token.RemainQuota = -20154 (request id: 20260317200954480207561P5pZPXSY)', 'type': 'thunlp_api_error'}}
2026-03-17 20:09:54,462 - INFO - 处理样本 219/393: 219
2026-03-17 20:09:55,581 - INFO - HTTP Request: POST https://toollearning.cn/v1/chat/completions "HTTP/1.1 401 Unauthorized"
2026-03-17 20:09:55,582 - ERROR - API调用错误: Error code: 401 - {'error': {'code': '', 'message': '[sk-47c***98e] 该令牌额度已用尽 !token.UnlimitedQuota && token.RemainQuota = -20154 (request id: 20260317200955576691331XlUtevMk)', 'type': 'thunlp_api_error'}}
2026-03-17 20:09:55,582 - INFO - 等待3秒后重试...
2026-03-17 20:09:58,686 - INFO - HTTP Request: POST https://toollearning.cn/v1/chat/completions "HTTP/1.1 401 Unauthorized"
2026-03-17 20:09:58,688 - ERROR - API调用错误: Error code: 401 - {'error': {'code': '', 'message': '[sk-47c***98e] 该令牌额度已用尽 !token.UnlimitedQuota && token.RemainQuota = -20154 (request id: 20260317200958786860250QA4orCXT)', 'type': 'thunlp_api_error'}}
2026-03-17 20:09:58,689 - INFO - 等待3秒后重试...
2026-03-17 20:10:01,826 - INFO - HTTP Request: POST https://toollearning.cn/v1/chat/completions "HTTP/1.1 401 Unauthorized"
2026-03-17 20:10:01,828 - ERROR - API调用错误: Error code: 401 - {'error': {'code': '', 'message': '[sk-47c***98e] 该令牌额度已用尽 !token.UnlimitedQuota && token.RemainQuota = -20154 (request id: 20260317201001889989149mwYKnl0R)', 'type': 'thunlp_api_error'}}
2026-03-17 20:10:01,828 - ERROR - 处理样本 219 失败: Error code: 401 - {'error': {'code': '', 'message': '[sk-47c***98e] 该令牌额度已用尽 !token.UnlimitedQuota && token.RemainQuota = -20154 (request id: 20260317201001889989149mwYKnl0R)', 'type': 'thunlp_api_error'}}
2026-03-17 20:10:01,829 - INFO - 处理样本 220/393: 220
2026-03-17 20:10:02,527 - INFO - HTTP Request: POST https://toollearning.cn/v1/chat/completions "HTTP/1.1 401 Unauthorized"
2026-03-17 20:10:02,527 - ERROR - API调用错误: Error code: 401 - {'error': {'code': '', 'message': '[sk-47c***98e] 该令牌额度已用尽 !token.UnlimitedQuota && token.RemainQuota = -20154 (request id: 20260317201002619494347AeNvgzLF)', 'type': 'thunlp_api_error'}}
2026-03-17 20:10:02,528 - INFO - 等待3秒后重试...
2026-03-17 20:10:05,616 - INFO - HTTP Request: POST https://toollearning.cn/v1/chat/completions "HTTP/1.1 401 Unauthorized"
2026-03-17 20:10:05,617 - ERROR - API调用错误: Error code: 401 - {'error': {'code': '', 'message': '[sk-47c***98e] 该令牌额度已用尽 !token.UnlimitedQuota && token.RemainQuota = -20154 (request id: 20260317201005719658040uk2QeAAZ)', 'type': 'thunlp_api_error'}}
2026-03-17 20:10:05,617 - INFO - 等待3秒后重试...
2026-03-17 20:10:08,894 - INFO - HTTP Request: POST https://toollearning.cn/v1/chat/completions "HTTP/1.1 401 Unauthorized"
2026-03-17 20:10:08,895 - ERROR - API调用错误: Error code: 401 - {'error': {'code': '', 'message': '[sk-47c***98e] 该令牌额度已用尽 !token.UnlimitedQuota && token.RemainQuota = -20154 (request id: 20260317201008818819447NKTmmcei)', 'type': 'thunlp_api_error'}}
2026-03-17 20:10:08,895 - ERROR - 处理样本 220 失败: Error code: 401 - {'error': {'code': '', 'message': '[sk-47c***98e] 该令牌额度已用尽 !token.UnlimitedQuota && token.RemainQuota = -20154 (request id: 20260317201008818819447NKTmmcei)', 'type': 'thunlp_api_error'}}
2026-03-17 20:10:08,896 - INFO - 处理样本 221/393: 221
2026-03-17 20:10:09,917 - INFO - HTTP Request: POST https://toollearning.cn/v1/chat/completions "HTTP/1.1 401 Unauthorized"
2026-03-17 20:10:09,918 - ERROR - API调用错误: Error code: 401 - {'error': {'code': '', 'message': '[sk-47c***98e] 该令牌额度已用尽 !token.UnlimitedQuota && token.RemainQuota = -20154 (request id: 202603172010107182832y0xMF9wN)', 'type': 'thunlp_api_error'}}
2026-03-17 20:10:09,918 - INFO - 等待3秒后重试...
2026-03-17 20:10:13,193 - INFO - HTTP Request: POST https://toollearning.cn/v1/chat/completions "HTTP/1.1 401 Unauthorized"
2026-03-17 20:10:13,194 - ERROR - API调用错误: Error code: 401 - {'error': {'code': '', 'message': '[sk-47c***98e] 该令牌额度已用尽 !token.UnlimitedQuota && token.RemainQuota = -20154 (request id: 20260317201013192635213QT7BJ8rk)', 'type': 'thunlp_api_error'}}
2026-03-17 20:10:13,195 - INFO - 等待3秒后重试...
2026-03-17 20:10:16,296 - INFO - HTTP Request: POST https://toollearning.cn/v1/chat/completions "HTTP/1.1 401 Unauthorized"
2026-03-17 20:10:16,298 - ERROR - API调用错误: Error code: 401 - {'error': {'code': '', 'message': '[sk-47c***98e] 该令牌额度已用尽 !token.UnlimitedQuota && token.RemainQuota = -20154 (request id: 20260317201016417489939l1tVkKtn)', 'type': 'thunlp_api_error'}}
2026-03-17 20:10:16,298 - ERROR - 处理样本 221 失败: Error code: 401 - {'error': {'code': '', 'message': '[sk-47c***98e] 该令牌额度已用尽 !token.UnlimitedQuota && token.RemainQuota = -20154 (request id: 20260317201016417489939l1tVkKtn)', 'type': 'thunlp_api_error'}}
2026-03-17 20:10:16,298 - INFO - 处理样本 222/393: 222
2026-03-17 20:10:17,733 - INFO - HTTP Request: POST https://toollearning.cn/v1/chat/completions "HTTP/1.1 401 Unauthorized"
2026-03-17 20:10:17,735 - ERROR - API调用错误: Error code: 401 - {'error': {'code': '', 'message': '[sk-47c***98e] 该令牌额度已用尽 !token.UnlimitedQuota && token.RemainQuota = -20154 (request id: 20260317201017700898835JtfKb12B)', 'type': 'thunlp_api_error'}}
2026-03-17 20:10:17,736 - INFO - 等待3秒后重试...
2026-03-17 20:10:20,973 - INFO - HTTP Request: POST https://toollearning.cn/v1/chat/completions "HTTP/1.1 401 Unauthorized"
2026-03-17 20:10:20,974 - ERROR - API调用错误: Error code: 401 - {'error': {'code': '', 'message': '[sk-47c***98e] 该令牌额度已用尽 !token.UnlimitedQuota && token.RemainQuota = -20154 (request id: 2026031720102185946978R6JPGef0)', 'type': 'thunlp_api_error'}}
2026-03-17 20:10:20,974 - INFO - 等待3秒后重试...
2026-03-17 20:10:24,151 - INFO - HTTP Request: POST https://toollearning.cn/v1/chat/completions "HTTP/1.1 401 Unauthorized"
2026-03-17 20:10:24,152 - ERROR - API调用错误: Error code: 401 - {'error': {'code': '', 'message': '[sk-47c***98e] 该令牌额度已用尽 !token.UnlimitedQuota && token.RemainQuota = -20154 (request id: 202603172010241857015862vtTjK9j)', 'type': 'thunlp_api_error'}}
2026-03-17 20:10:24,153 - ERROR - 处理样本 222 失败: Error code: 401 - {'error': {'code': '', 'message': '[sk-47c***98e] 该令牌额度已用尽 !token.UnlimitedQuota && token.RemainQuota = -20154 (request id: 202603172010241857015862vtTjK9j)', 'type': 'thunlp_api_error'}}
2026-03-17 20:10:24,153 - INFO - 处理样本 223/393: 223
2026-03-17 20:10:25,480 - INFO - HTTP Request: POST https://toollearning.cn/v1/chat/completions "HTTP/1.1 401 Unauthorized"
2026-03-17 20:10:25,481 - ERROR - API调用错误: Error code: 401 - {'error': {'code': '', 'message': '[sk-47c***98e] 该令牌额度已用尽 !token.UnlimitedQuota && token.RemainQuota = -20154 (request id: 20260317201025569886817asw5Iicx)', 'type': 'thunlp_api_error'}}
2026-03-17 20:10:25,482 - INFO - 等待3秒后重试...
2026-03-17 20:10:28,861 - INFO - HTTP Request: POST https://toollearning.cn/v1/chat/completions "HTTP/1.1 401 Unauthorized"
2026-03-17 20:10:28,862 - ERROR - API调用错误: Error code: 401 - {'error': {'code': '', 'message': '[sk-47c***98e] 该令牌额度已用尽 !token.UnlimitedQuota && token.RemainQuota = -20154 (request id: 202603172010288058020964ppKsP9O)', 'type': 'thunlp_api_error'}}
2026-03-17 20:10:28,862 - INFO - 等待3秒后重试...
2026-03-17 20:10:32,039 - INFO - HTTP Request: POST https://toollearning.cn/v1/chat/completions "HTTP/1.1 401 Unauthorized"
2026-03-17 20:10:32,040 - ERROR - API调用错误: Error code: 401 - {'error': {'code': '', 'message': '[sk-47c***98e] 该令牌额度已用尽 !token.UnlimitedQuota && token.RemainQuota = -20154 (request id: 2026031720103280502083LZfvOqZx)', 'type': 'thunlp_api_error'}}
2026-03-17 20:10:32,040 - ERROR - 处理样本 223 失败: Error code: 401 - {'error': {'code': '', 'message': '[sk-47c***98e] 该令牌额度已用尽 !token.UnlimitedQuota && token.RemainQuota = -20154 (request id: 2026031720103280502083LZfvOqZx)', 'type': 'thunlp_api_error'}}
2026-03-17 20:10:32,041 - INFO - 处理样本 224/393: 224
2026-03-17 20:10:33,572 - INFO - HTTP Request: POST https://toollearning.cn/v1/chat/completions "HTTP/1.1 401 Unauthorized"
2026-03-17 20:10:33,574 - ERROR - API调用错误: Error code: 401 - {'error': {'code': '', 'message': '[sk-47c***98e] 该令牌额度已用尽 !token.UnlimitedQuota && token.RemainQuota = -20154 (request id: 20260317201033639638457PeHhFhvb)', 'type': 'thunlp_api_error'}}
2026-03-17 20:10:33,574 - INFO - 等待3秒后重试...
2026-03-17 20:10:36,849 - INFO - HTTP Request: POST https://toollearning.cn/v1/chat/completions "HTTP/1.1 401 Unauthorized"
2026-03-17 20:10:36,850 - ERROR - API调用错误: Error code: 401 - {'error': {'code': '', 'message': '[sk-47c***98e] 该令牌额度已用尽 !token.UnlimitedQuota && token.RemainQuota = -20154 (request id: 20260317201036924577601vq7F3M1y)', 'type': 'thunlp_api_error'}}
2026-03-17 20:10:36,850 - INFO - 等待3秒后重试...
2026-03-17 20:10:40,124 - INFO - HTTP Request: POST https://toollearning.cn/v1/chat/completions "HTTP/1.1 401 Unauthorized"
2026-03-17 20:10:40,125 - ERROR - API调用错误: Error code: 401 - {'error': {'code': '', 'message': '[sk-47c***98e] 该令牌额度已用尽 !token.UnlimitedQuota && token.RemainQuota = -20154 (request id: 202603172010402176013356tbnEE4Y)', 'type': 'thunlp_api_error'}}
2026-03-17 20:10:40,125 - ERROR - 处理样本 224 失败: Error code: 401 - {'error': {'code': '', 'message': '[sk-47c***98e] 该令牌额度已用尽 !token.UnlimitedQuota && token.RemainQuota = -20154 (request id: 202603172010402176013356tbnEE4Y)', 'type': 'thunlp_api_error'}}
2026-03-17 20:10:40,126 - INFO - 处理样本 225/393: 225
2026-03-17 20:10:41,455 - INFO - HTTP Request: POST https://toollearning.cn/v1/chat/completions "HTTP/1.1 401 Unauthorized"
2026-03-17 20:10:41,456 - ERROR - API调用错误: Error code: 401 - {'error': {'code': '', 'message': '[sk-47c***98e] 该令牌额度已用尽 !token.UnlimitedQuota && token.RemainQuota = -20154 (request id: 20260317201041548863869HcmqRPrc)', 'type': 'thunlp_api_error'}}
2026-03-17 20:10:41,457 - INFO - 等待3秒后重试...
2026-03-17 20:10:44,839 - INFO - HTTP Request: POST https://toollearning.cn/v1/chat/completions "HTTP/1.1 401 Unauthorized"
2026-03-17 20:10:44,840 - ERROR - API调用错误: Error code: 401 - {'error': {'code': '', 'message': '[sk-47c***98e] 该令牌额度已用尽 !token.UnlimitedQuota && token.RemainQuota = -20154 (request id: 20260317201044846059537ZOGXTjpN)', 'type': 'thunlp_api_error'}}
2026-03-17 20:10:44,840 - INFO - 等待3秒后重试...
2026-03-17 20:10:48,009 - INFO - HTTP Request: POST https://toollearning.cn/v1/chat/completions "HTTP/1.1 401 Unauthorized"
2026-03-17 20:10:48,009 - ERROR - API调用错误: Error code: 401 - {'error': {'code': '', 'message': '[sk-47c***98e] 该令牌额度已用尽 !token.UnlimitedQuota && token.RemainQuota = -20154 (request id: 20260317201048126212044kVTT5wfc)', 'type': 'thunlp_api_error'}}
2026-03-17 20:10:48,010 - ERROR - 处理样本 225 失败: Error code: 401 - {'error': {'code': '', 'message': '[sk-47c***98e] 该令牌额度已用尽 !token.UnlimitedQuota && token.RemainQuota = -20154 (request id: 20260317201048126212044kVTT5wfc)', 'type': 'thunlp_api_error'}}
2026-03-17 20:10:48,010 - INFO - 处理样本 226/393: 226
2026-03-17 20:10:49,105 - INFO - HTTP Request: POST https://toollearning.cn/v1/chat/completions "HTTP/1.1 401 Unauthorized"
2026-03-17 20:10:49,106 - ERROR - API调用错误: Error code: 401 - {'error': {'code': '', 'message': '[sk-47c***98e] 该令牌额度已用尽 !token.UnlimitedQuota && token.RemainQuota = -20154 (request id: 20260317201049217386418b1hXb1aq)', 'type': 'thunlp_api_error'}}
2026-03-17 20:10:49,106 - INFO - 等待3秒后重试...
2026-03-17 20:10:52,309 - INFO - HTTP Request: POST https://toollearning.cn/v1/chat/completions "HTTP/1.1 401 Unauthorized"
2026-03-17 20:10:52,309 - ERROR - API调用错误: Error code: 401 - {'error': {'code': '', 'message': '[sk-47c***98e] 该令牌额度已用尽 !token.UnlimitedQuota && token.RemainQuota = -20154 (request id: 20260317201052429586174HamIyWyG)', 'type': 'thunlp_api_error'}}
2026-03-17 20:10:52,310 - INFO - 等待3秒后重试...
2026-03-17 20:10:55,413 - INFO - HTTP Request: POST https://toollearning.cn/v1/chat/completions "HTTP/1.1 401 Unauthorized"
2026-03-17 20:10:55,415 - ERROR - API调用错误: Error code: 401 - {'error': {'code': '', 'message': '[sk-47c***98e] 该令牌额度已用尽 !token.UnlimitedQuota && token.RemainQuota = -20154 (request id: 20260317201055524825886Y9qvi38k)', 'type': 'thunlp_api_error'}}
2026-03-17 20:10:55,415 - ERROR - 处理样本 226 失败: Error code: 401 - {'error': {'code': '', 'message': '[sk-47c***98e] 该令牌额度已用尽 !token.UnlimitedQuota && token.RemainQuota = -20154 (request id: 20260317201055524825886Y9qvi38k)', 'type': 'thunlp_api_error'}}
2026-03-17 20:10:55,415 - INFO - 处理样本 227/393: 227
2026-03-17 20:10:56,514 - INFO - HTTP Request: POST https://toollearning.cn/v1/chat/completions "HTTP/1.1 401 Unauthorized"
2026-03-17 20:10:56,515 - ERROR - API调用错误: Error code: 401 - {'error': {'code': '', 'message': '[sk-47c***98e] 该令牌额度已用尽 !token.UnlimitedQuota && token.RemainQuota = -20154 (request id: 20260317201056642131217Z8Ype12Y)', 'type': 'thunlp_api_error'}}
2026-03-17 20:10:56,515 - INFO - 等待3秒后重试...
2026-03-17 20:10:59,849 - INFO - HTTP Request: POST https://toollearning.cn/v1/chat/completions "HTTP/1.1 401 Unauthorized"
2026-03-17 20:10:59,850 - ERROR - API调用错误: Error code: 401 - {'error': {'code': '', 'message': '[sk-47c***98e] 该令牌额度已用尽 !token.UnlimitedQuota && token.RemainQuota = -20154 (request id: 20260317201059890371328ThLM8aWY)', 'type': 'thunlp_api_error'}}
2026-03-17 20:10:59,851 - INFO - 等待3秒后重试...
2026-03-17 20:11:03,231 - INFO - HTTP Request: POST https://toollearning.cn/v1/chat/completions "HTTP/1.1 401 Unauthorized"
2026-03-17 20:11:03,232 - ERROR - API调用错误: Error code: 401 - {'error': {'code': '', 'message': '[sk-47c***98e] 该令牌额度已用尽 !token.UnlimitedQuota && token.RemainQuota = -20154 (request id: 20260317201103255486733PU3xKOci)', 'type': 'thunlp_api_error'}}
2026-03-17 20:11:03,232 - ERROR - 处理样本 227 失败: Error code: 401 - {'error': {'code': '', 'message': '[sk-47c***98e] 该令牌额度已用尽 !token.UnlimitedQuota && token.RemainQuota = -20154 (request id: 20260317201103255486733PU3xKOci)', 'type': 'thunlp_api_error'}}
2026-03-17 20:11:03,232 - INFO - 处理样本 228/393: 228
2026-03-17 20:11:04,014 - INFO - HTTP Request: POST https://toollearning.cn/v1/chat/completions "HTTP/1.1 401 Unauthorized"
2026-03-17 20:11:04,015 - ERROR - API调用错误: Error code: 401 - {'error': {'code': '', 'message': '[sk-47c***98e] 该令牌额度已用尽 !token.UnlimitedQuota && token.RemainQuota = -20154 (request id: 20260317201104122241841QZ7KZQzp)', 'type': 'thunlp_api_error'}}
2026-03-17 20:11:04,015 - INFO - 等待3秒后重试...
2026-03-17 20:11:07,151 - INFO - HTTP Request: POST https://toollearning.cn/v1/chat/completions "HTTP/1.1 401 Unauthorized"
2026-03-17 20:11:07,153 - ERROR - API调用错误: Error code: 401 - {'error': {'code': '', 'message': '[sk-47c***98e] 该令牌额度已用尽 !token.UnlimitedQuota && token.RemainQuota = -20154 (request id: 20260317201107216818529PMamEVxd)', 'type': 'thunlp_api_error'}}
2026-03-17 20:11:07,153 - INFO - 等待3秒后重试...
2026-03-17 20:11:10,256 - INFO - HTTP Request: POST https://toollearning.cn/v1/chat/completions "HTTP/1.1 401 Unauthorized"
2026-03-17 20:11:10,257 - ERROR - API调用错误: Error code: 401 - {'error': {'code': '', 'message': '[sk-47c***98e] 该令牌额度已用尽 !token.UnlimitedQuota && token.RemainQuota = -20154 (request id: 202603172011103574650640xXpdYvm)', 'type': 'thunlp_api_error'}}
2026-03-17 20:11:10,257 - ERROR - 处理样本 228 失败: Error code: 401 - {'error': {'code': '', 'message': '[sk-47c***98e] 该令牌额度已用尽 !token.UnlimitedQuota && token.RemainQuota = -20154 (request id: 202603172011103574650640xXpdYvm)', 'type': 'thunlp_api_error'}}
2026-03-17 20:11:10,257 - INFO - 处理样本 229/393: 229
2026-03-17 20:11:11,107 - INFO - HTTP Request: POST https://toollearning.cn/v1/chat/completions "HTTP/1.1 401 Unauthorized"
2026-03-17 20:11:11,108 - ERROR - API调用错误: Error code: 401 - {'error': {'code': '', 'message': '[sk-47c***98e] 该令牌额度已用尽 !token.UnlimitedQuota && token.RemainQuota = -20154 (request id: 20260317201111182424757p5KfduxM)', 'type': 'thunlp_api_error'}}
2026-03-17 20:11:11,108 - INFO - 等待3秒后重试...
2026-03-17 20:11:14,198 - INFO - HTTP Request: POST https://toollearning.cn/v1/chat/completions "HTTP/1.1 401 Unauthorized"
2026-03-17 20:11:14,199 - ERROR - API调用错误: Error code: 401 - {'error': {'code': '', 'message': '[sk-47c***98e] 该令牌额度已用尽 !token.UnlimitedQuota && token.RemainQuota = -20154 (request id: 20260317201114314857502aZSqw6Sn)', 'type': 'thunlp_api_error'}}
2026-03-17 20:11:14,200 - INFO - 等待3秒后重试...
2026-03-17 20:11:17,592 - INFO - HTTP Request: POST https://toollearning.cn/v1/chat/completions "HTTP/1.1 401 Unauthorized"
2026-03-17 20:11:17,593 - ERROR - API调用错误: Error code: 401 - {'error': {'code': '', 'message': '[sk-47c***98e] 该令牌额度已用尽 !token.UnlimitedQuota && token.RemainQuota = -20154 (request id: 20260317201117422788525hF7oLUr7)', 'type': 'thunlp_api_error'}}
2026-03-17 20:11:17,593 - ERROR - 处理样本 229 失败: Error code: 401 - {'error': {'code': '', 'message': '[sk-47c***98e] 该令牌额度已用尽 !token.UnlimitedQuota && token.RemainQuota = -20154 (request id: 20260317201117422788525hF7oLUr7)', 'type': 'thunlp_api_error'}}
2026-03-17 20:11:17,593 - INFO - 处理样本 230/393: 230
2026-03-17 20:11:18,627 - INFO - HTTP Request: POST https://toollearning.cn/v1/chat/completions "HTTP/1.1 401 Unauthorized"
2026-03-17 20:11:18,628 - ERROR - API调用错误: Error code: 401 - {'error': {'code': '', 'message': '[sk-47c***98e] 该令牌额度已用尽 !token.UnlimitedQuota && token.RemainQuota = -20154 (request id: 20260317201118661074137BT2Px5tn)', 'type': 'thunlp_api_error'}}
2026-03-17 20:11:18,628 - INFO - 等待3秒后重试...
2026-03-17 20:11:21,811 - INFO - HTTP Request: POST https://toollearning.cn/v1/chat/completions "HTTP/1.1 401 Unauthorized"
2026-03-17 20:11:21,812 - ERROR - API调用错误: Error code: 401 - {'error': {'code': '', 'message': '[sk-47c***98e] 该令牌额度已用尽 !token.UnlimitedQuota && token.RemainQuota = -20154 (request id: 20260317201121833820563Wb4mROEp)', 'type': 'thunlp_api_error'}}
2026-03-17 20:11:21,813 - INFO - 等待3秒后重试...
2026-03-17 20:11:25,286 - INFO - HTTP Request: POST https://toollearning.cn/v1/chat/completions "HTTP/1.1 401 Unauthorized"
2026-03-17 20:11:25,287 - ERROR - API调用错误: Error code: 401 - {'error': {'code': '', 'message': '[sk-47c***98e] 该令牌额度已用尽 !token.UnlimitedQuota && token.RemainQuota = -20154 (request id: 2026031720112516208533YljbmpyM)', 'type': 'thunlp_api_error'}}
2026-03-17 20:11:25,287 - ERROR - 处理样本 230 失败: Error code: 401 - {'error': {'code': '', 'message': '[sk-47c***98e] 该令牌额度已用尽 !token.UnlimitedQuota && token.RemainQuota = -20154 (request id: 2026031720112516208533YljbmpyM)', 'type': 'thunlp_api_error'}}
2026-03-17 20:11:25,288 - INFO - 处理样本 231/393: 231
2026-03-17 20:11:26,407 - INFO - HTTP Request: POST https://toollearning.cn/v1/chat/completions "HTTP/1.1 401 Unauthorized"
2026-03-17 20:11:26,408 - ERROR - API调用错误: Error code: 401 - {'error': {'code': '', 'message': '[sk-47c***98e] 该令牌额度已用尽 !token.UnlimitedQuota && token.RemainQuota = -20154 (request id: 20260317201126480452961SXKH84KA)', 'type': 'thunlp_api_error'}}
2026-03-17 20:11:26,409 - INFO - 等待3秒后重试...
2026-03-17 20:11:29,620 - INFO - HTTP Request: POST https://toollearning.cn/v1/chat/completions "HTTP/1.1 401 Unauthorized"
2026-03-17 20:11:29,621 - ERROR - API调用错误: Error code: 401 - {'error': {'code': '', 'message': '[sk-47c***98e] 该令牌额度已用尽 !token.UnlimitedQuota && token.RemainQuota = -20154 (request id: 20260317201129613257593dVwGTBXz)', 'type': 'thunlp_api_error'}}
2026-03-17 20:11:29,621 - INFO - 等待3秒后重试...
2026-03-17 20:11:32,757 - INFO - HTTP Request: POST https://toollearning.cn/v1/chat/completions "HTTP/1.1 401 Unauthorized"
2026-03-17 20:11:32,758 - ERROR - API调用错误: Error code: 401 - {'error': {'code': '', 'message': '[sk-47c***98e] 该令牌额度已用尽 !token.UnlimitedQuota && token.RemainQuota = -20154 (request id: 2026031720113282281929740M8bJMY)', 'type': 'thunlp_api_error'}}
2026-03-17 20:11:32,759 - ERROR - 处理样本 231 失败: Error code: 401 - {'error': {'code': '', 'message': '[sk-47c***98e] 该令牌额度已用尽 !token.UnlimitedQuota && token.RemainQuota = -20154 (request id: 2026031720113282281929740M8bJMY)', 'type': 'thunlp_api_error'}}
2026-03-17 20:11:32,759 - INFO - 处理样本 232/393: 232
2026-03-17 20:11:33,783 - INFO - HTTP Request: POST https://toollearning.cn/v1/chat/completions "HTTP/1.1 401 Unauthorized"
2026-03-17 20:11:33,784 - ERROR - API调用错误: Error code: 401 - {'error': {'code': '', 'message': '[sk-47c***98e] 该令牌额度已用尽 !token.UnlimitedQuota && token.RemainQuota = -20154 (request id: 20260317201133658852481XMGfsdau)', 'type': 'thunlp_api_error'}}
2026-03-17 20:11:33,785 - INFO - 等待3秒后重试...
2026-03-17 20:11:36,927 - INFO - HTTP Request: POST https://toollearning.cn/v1/chat/completions "HTTP/1.1 401 Unauthorized"
2026-03-17 20:11:36,928 - ERROR - API调用错误: Error code: 401 - {'error': {'code': '', 'message': '[sk-47c***98e] 该令牌额度已用尽 !token.UnlimitedQuota && token.RemainQuota = -20154 (request id: 20260317201136996090996Ns8ltT3D)', 'type': 'thunlp_api_error'}}
2026-03-17 20:11:36,928 - INFO - 等待3秒后重试...
2026-03-17 20:11:40,070 - INFO - HTTP Request: POST https://toollearning.cn/v1/chat/completions "HTTP/1.1 401 Unauthorized"
2026-03-17 20:11:40,071 - ERROR - API调用错误: Error code: 401 - {'error': {'code': '', 'message': '[sk-47c***98e] 该令牌额度已用尽 !token.UnlimitedQuota && token.RemainQuota = -20154 (request id: 20260317201140123713499fYC6nms1)', 'type': 'thunlp_api_error'}}
2026-03-17 20:11:40,072 - ERROR - 处理样本 232 失败: Error code: 401 - {'error': {'code': '', 'message': '[sk-47c***98e] 该令牌额度已用尽 !token.UnlimitedQuota && token.RemainQuota = -20154 (request id: 20260317201140123713499fYC6nms1)', 'type': 'thunlp_api_error'}}
2026-03-17 20:11:40,072 - INFO - 处理样本 233/393: 233
2026-03-17 20:11:40,771 - INFO - HTTP Request: POST https://toollearning.cn/v1/chat/completions "HTTP/1.1 401 Unauthorized"
2026-03-17 20:11:40,772 - ERROR - API调用错误: Error code: 401 - {'error': {'code': '', 'message': '[sk-47c***98e] 该令牌额度已用尽 !token.UnlimitedQuota && token.RemainQuota = -20154 (request id: 202603172011408593805061pmvUbOH)', 'type': 'thunlp_api_error'}}
2026-03-17 20:11:40,772 - INFO - 等待3秒后重试...
2026-03-17 20:11:43,976 - INFO - HTTP Request: POST https://toollearning.cn/v1/chat/completions "HTTP/1.1 401 Unauthorized"
2026-03-17 20:11:43,977 - ERROR - API调用错误: Error code: 401 - {'error': {'code': '', 'message': '[sk-47c***98e] 该令牌额度已用尽 !token.UnlimitedQuota && token.RemainQuota = -20154 (request id: 20260317201143974982591o7sCx08A)', 'type': 'thunlp_api_error'}}
2026-03-17 20:11:43,978 - INFO - 等待3秒后重试...
2026-03-17 20:11:47,248 - INFO - HTTP Request: POST https://toollearning.cn/v1/chat/completions "HTTP/1.1 401 Unauthorized"
2026-03-17 20:11:47,249 - ERROR - API调用错误: Error code: 401 - {'error': {'code': '', 'message': '[sk-47c***98e] 该令牌额度已用尽 !token.UnlimitedQuota && token.RemainQuota = -20154 (request id: 20260317201147174490775kLRLqIB9)', 'type': 'thunlp_api_error'}}
2026-03-17 20:11:47,250 - ERROR - 处理样本 233 失败: Error code: 401 - {'error': {'code': '', 'message': '[sk-47c***98e] 该令牌额度已用尽 !token.UnlimitedQuota && token.RemainQuota = -20154 (request id: 20260317201147174490775kLRLqIB9)', 'type': 'thunlp_api_error'}}
2026-03-17 20:11:47,250 - INFO - 处理样本 234/393: 234
2026-03-17 20:11:48,120 - INFO - HTTP Request: POST https://toollearning.cn/v1/chat/completions "HTTP/1.1 401 Unauthorized"
2026-03-17 20:11:48,121 - ERROR - API调用错误: Error code: 401 - {'error': {'code': '', 'message': '[sk-47c***98e] 该令牌额度已用尽 !token.UnlimitedQuota && token.RemainQuota = -20154 (request id: 20260317201148147137573kLUyypDd)', 'type': 'thunlp_api_error'}}
2026-03-17 20:11:48,122 - INFO - 等待3秒后重试...
2026-03-17 20:11:51,218 - INFO - HTTP Request: POST https://toollearning.cn/v1/chat/completions "HTTP/1.1 401 Unauthorized"
2026-03-17 20:11:51,219 - ERROR - API调用错误: Error code: 401 - {'error': {'code': '', 'message': '[sk-47c***98e] 该令牌额度已用尽 !token.UnlimitedQuota && token.RemainQuota = -20154 (request id: 202603172011513239540797l7FZV4H)', 'type': 'thunlp_api_error'}}
2026-03-17 20:11:51,219 - INFO - 等待3秒后重试...
2026-03-17 20:11:54,330 - INFO - HTTP Request: POST https://toollearning.cn/v1/chat/completions "HTTP/1.1 401 Unauthorized"
2026-03-17 20:11:54,331 - ERROR - API调用错误: Error code: 401 - {'error': {'code': '', 'message': '[sk-47c***98e] 该令牌额度已用尽 !token.UnlimitedQuota && token.RemainQuota = -20154 (request id: 20260317201154428776849xYsLr8LE)', 'type': 'thunlp_api_error'}}
2026-03-17 20:11:54,331 - ERROR - 处理样本 234 失败: Error code: 401 - {'error': {'code': '', 'message': '[sk-47c***98e] 该令牌额度已用尽 !token.UnlimitedQuota && token.RemainQuota = -20154 (request id: 20260317201154428776849xYsLr8LE)', 'type': 'thunlp_api_error'}}
2026-03-17 20:11:54,332 - INFO - 处理样本 235/393: 235
2026-03-17 20:11:55,072 - INFO - HTTP Request: POST https://toollearning.cn/v1/chat/completions "HTTP/1.1 401 Unauthorized"
2026-03-17 20:11:55,073 - ERROR - API调用错误: Error code: 401 - {'error': {'code': '', 'message': '[sk-47c***98e] 该令牌额度已用尽 !token.UnlimitedQuota && token.RemainQuota = -20154 (request id: 20260317201155159140049FBLYFskr)', 'type': 'thunlp_api_error'}}
2026-03-17 20:11:55,073 - INFO - 等待3秒后重试...
2026-03-17 20:11:58,258 - INFO - HTTP Request: POST https://toollearning.cn/v1/chat/completions "HTTP/1.1 401 Unauthorized"
2026-03-17 20:11:58,260 - ERROR - API调用错误: Error code: 401 - {'error': {'code': '', 'message': '[sk-47c***98e] 该令牌额度已用尽 !token.UnlimitedQuota && token.RemainQuota = -20154 (request id: 20260317201158277389881zSxCVZw7)', 'type': 'thunlp_api_error'}}
2026-03-17 20:11:58,260 - INFO - 等待3秒后重试...
2026-03-17 20:12:01,415 - INFO - HTTP Request: POST https://toollearning.cn/v1/chat/completions "HTTP/1.1 401 Unauthorized"
2026-03-17 20:12:01,416 - ERROR - API调用错误: Error code: 401 - {'error': {'code': '', 'message': '[sk-47c***98e] 该令牌额度已用尽 !token.UnlimitedQuota && token.RemainQuota = -20154 (request id: 202603172012014746278372QpcACDZ)', 'type': 'thunlp_api_error'}}
2026-03-17 20:12:01,416 - ERROR - 处理样本 235 失败: Error code: 401 - {'error': {'code': '', 'message': '[sk-47c***98e] 该令牌额度已用尽 !token.UnlimitedQuota && token.RemainQuota = -20154 (request id: 202603172012014746278372QpcACDZ)', 'type': 'thunlp_api_error'}}
2026-03-17 20:12:01,416 - INFO - 处理样本 236/393: 236
2026-03-17 20:12:02,597 - INFO - HTTP Request: POST https://toollearning.cn/v1/chat/completions "HTTP/1.1 401 Unauthorized"
2026-03-17 20:12:02,599 - ERROR - API调用错误: Error code: 401 - {'error': {'code': '', 'message': '[sk-47c***98e] 该令牌额度已用尽 !token.UnlimitedQuota && token.RemainQuota = -20154 (request id: 20260317201202646585290O5KVtgu2)', 'type': 'thunlp_api_error'}}
2026-03-17 20:12:02,599 - INFO - 等待3秒后重试...
2026-03-17 20:12:05,687 - INFO - HTTP Request: POST https://toollearning.cn/v1/chat/completions "HTTP/1.1 401 Unauthorized"
2026-03-17 20:12:05,688 - ERROR - API调用错误: Error code: 401 - {'error': {'code': '', 'message': '[sk-47c***98e] 该令牌额度已用尽 !token.UnlimitedQuota && token.RemainQuota = -20154 (request id: 202603172012058034978751aukeVwm)', 'type': 'thunlp_api_error'}}
2026-03-17 20:12:05,688 - INFO - 等待3秒后重试...
2026-03-17 20:12:08,805 - INFO - HTTP Request: POST https://toollearning.cn/v1/chat/completions "HTTP/1.1 401 Unauthorized"
2026-03-17 20:12:08,806 - ERROR - API调用错误: Error code: 401 - {'error': {'code': '', 'message': '[sk-47c***98e] 该令牌额度已用尽 !token.UnlimitedQuota && token.RemainQuota = -20154 (request id: 20260317201208914439539An7n5jNj)', 'type': 'thunlp_api_error'}}
2026-03-17 20:12:08,806 - ERROR - 处理样本 236 失败: Error code: 401 - {'error': {'code': '', 'message': '[sk-47c***98e] 该令牌额度已用尽 !token.UnlimitedQuota && token.RemainQuota = -20154 (request id: 20260317201208914439539An7n5jNj)', 'type': 'thunlp_api_error'}}
2026-03-17 20:12:08,807 - INFO - 处理样本 237/393: 237
2026-03-17 20:12:09,961 - INFO - HTTP Request: POST https://toollearning.cn/v1/chat/completions "HTTP/1.1 401 Unauthorized"
2026-03-17 20:12:09,966 - ERROR - API调用错误: Error code: 401 - {'error': {'code': '', 'message': '[sk-47c***98e] 该令牌额度已用尽 !token.UnlimitedQuota && token.RemainQuota = -20154 (request id: 20260317201209815042370XLTOfStZ)', 'type': 'thunlp_api_error'}}
2026-03-17 20:12:09,969 - INFO - 等待3秒后重试...
2026-03-17 20:12:13,151 - INFO - HTTP Request: POST https://toollearning.cn/v1/chat/completions "HTTP/1.1 401 Unauthorized"
2026-03-17 20:12:13,152 - ERROR - API调用错误: Error code: 401 - {'error': {'code': '', 'message': '[sk-47c***98e] 该令牌额度已用尽 !token.UnlimitedQuota && token.RemainQuota = -20154 (request id: 20260317201213177429531FwcTKZ7D)', 'type': 'thunlp_api_error'}}
2026-03-17 20:12:13,152 - INFO - 等待3秒后重试...
2026-03-17 20:12:16,368 - INFO - HTTP Request: POST https://toollearning.cn/v1/chat/completions "HTTP/1.1 401 Unauthorized"
2026-03-17 20:12:16,369 - ERROR - API调用错误: Error code: 401 - {'error': {'code': '', 'message': '[sk-47c***98e] 该令牌额度已用尽 !token.UnlimitedQuota && token.RemainQuota = -20154 (request id: 20260317201216369392564COmohna5)', 'type': 'thunlp_api_error'}}
2026-03-17 20:12:16,369 - ERROR - 处理样本 237 失败: Error code: 401 - {'error': {'code': '', 'message': '[sk-47c***98e] 该令牌额度已用尽 !token.UnlimitedQuota && token.RemainQuota = -20154 (request id: 20260317201216369392564COmohna5)', 'type': 'thunlp_api_error'}}
2026-03-17 20:12:16,369 - INFO - 处理样本 238/393: 238
2026-03-17 20:12:17,283 - INFO - HTTP Request: POST https://toollearning.cn/v1/chat/completions "HTTP/1.1 401 Unauthorized"
2026-03-17 20:12:17,285 - ERROR - API调用错误: Error code: 401 - {'error': {'code': '', 'message': '[sk-47c***98e] 该令牌额度已用尽 !token.UnlimitedQuota && token.RemainQuota = -20154 (request id: 20260317201217404888282zmMYjxVN)', 'type': 'thunlp_api_error'}}
2026-03-17 20:12:17,285 - INFO - 等待3秒后重试...
2026-03-17 20:12:20,377 - INFO - HTTP Request: POST https://toollearning.cn/v1/chat/completions "HTTP/1.1 401 Unauthorized"
2026-03-17 20:12:20,378 - ERROR - API调用错误: Error code: 401 - {'error': {'code': '', 'message': '[sk-47c***98e] 该令牌额度已用尽 !token.UnlimitedQuota && token.RemainQuota = -20154 (request id: 202603172012204904088857hZb7tel)', 'type': 'thunlp_api_error'}}
2026-03-17 20:12:20,378 - INFO - 等待3秒后重试...
2026-03-17 20:12:23,553 - INFO - HTTP Request: POST https://toollearning.cn/v1/chat/completions "HTTP/1.1 401 Unauthorized"
2026-03-17 20:12:23,554 - ERROR - API调用错误: Error code: 401 - {'error': {'code': '', 'message': '[sk-47c***98e] 该令牌额度已用尽 !token.UnlimitedQuota && token.RemainQuota = -20154 (request id: 20260317201223585003811CoYM1CpT)', 'type': 'thunlp_api_error'}}
2026-03-17 20:12:23,554 - ERROR - 处理样本 238 失败: Error code: 401 - {'error': {'code': '', 'message': '[sk-47c***98e] 该令牌额度已用尽 !token.UnlimitedQuota && token.RemainQuota = -20154 (request id: 20260317201223585003811CoYM1CpT)', 'type': 'thunlp_api_error'}}
2026-03-17 20:12:23,554 - INFO - 处理样本 239/393: 239
2026-03-17 20:12:24,471 - INFO - HTTP Request: POST https://toollearning.cn/v1/chat/completions "HTTP/1.1 401 Unauthorized"
2026-03-17 20:12:24,472 - ERROR - API调用错误: Error code: 401 - {'error': {'code': '', 'message': '[sk-47c***98e] 该令牌额度已用尽 !token.UnlimitedQuota && token.RemainQuota = -20154 (request id: 20260317201224416050516icAeDeKl)', 'type': 'thunlp_api_error'}}
2026-03-17 20:12:24,472 - INFO - 等待3秒后重试...
2026-03-17 20:12:27,732 - INFO - HTTP Request: POST https://toollearning.cn/v1/chat/completions "HTTP/1.1 401 Unauthorized"
2026-03-17 20:12:27,733 - ERROR - API调用错误: Error code: 401 - {'error': {'code': '', 'message': '[sk-47c***98e] 该令牌额度已用尽 !token.UnlimitedQuota && token.RemainQuota = -20154 (request id: 20260317201227689048785Rsphp51M)', 'type': 'thunlp_api_error'}}
2026-03-17 20:12:27,734 - INFO - 等待3秒后重试...
2026-03-17 20:12:30,907 - INFO - HTTP Request: POST https://toollearning.cn/v1/chat/completions "HTTP/1.1 401 Unauthorized"
2026-03-17 20:12:30,908 - ERROR - API调用错误: Error code: 401 - {'error': {'code': '', 'message': '[sk-47c***98e] 该令牌额度已用尽 !token.UnlimitedQuota && token.RemainQuota = -20154 (request id: 20260317201230936213027t0MbebZV)', 'type': 'thunlp_api_error'}}
2026-03-17 20:12:30,908 - ERROR - 处理样本 239 失败: Error code: 401 - {'error': {'code': '', 'message': '[sk-47c***98e] 该令牌额度已用尽 !token.UnlimitedQuota && token.RemainQuota = -20154 (request id: 20260317201230936213027t0MbebZV)', 'type': 'thunlp_api_error'}}
2026-03-17 20:12:30,908 - INFO - 处理样本 240/393: 240
2026-03-17 20:12:31,728 - INFO - HTTP Request: POST https://toollearning.cn/v1/chat/completions "HTTP/1.1 401 Unauthorized"
2026-03-17 20:12:31,729 - ERROR - API调用错误: Error code: 401 - {'error': {'code': '', 'message': '[sk-47c***98e] 该令牌额度已用尽 !token.UnlimitedQuota && token.RemainQuota = -20154 (request id: 20260317201231845130944cJxLkmdB)', 'type': 'thunlp_api_error'}}
2026-03-17 20:12:31,729 - INFO - 等待3秒后重试...
2026-03-17 20:12:34,923 - INFO - HTTP Request: POST https://toollearning.cn/v1/chat/completions "HTTP/1.1 401 Unauthorized"
2026-03-17 20:12:34,924 - ERROR - API调用错误: Error code: 401 - {'error': {'code': '', 'message': '[sk-47c***98e] 该令牌额度已用尽 !token.UnlimitedQuota && token.RemainQuota = -20154 (request id: 20260317201234944962834V8mYs5nU)', 'type': 'thunlp_api_error'}}
2026-03-17 20:12:34,924 - INFO - 等待3秒后重试...
2026-03-17 20:12:38,090 - INFO - HTTP Request: POST https://toollearning.cn/v1/chat/completions "HTTP/1.1 401 Unauthorized"
2026-03-17 20:12:38,091 - ERROR - API调用错误: Error code: 401 - {'error': {'code': '', 'message': '[sk-47c***98e] 该令牌额度已用尽 !token.UnlimitedQuota && token.RemainQuota = -20154 (request id: 202603172012381357423490Yz0PZBp)', 'type': 'thunlp_api_error'}}
2026-03-17 20:12:38,091 - ERROR - 处理样本 240 失败: Error code: 401 - {'error': {'code': '', 'message': '[sk-47c***98e] 该令牌额度已用尽 !token.UnlimitedQuota && token.RemainQuota = -20154 (request id: 202603172012381357423490Yz0PZBp)', 'type': 'thunlp_api_error'}}
2026-03-17 20:12:38,091 - INFO - 处理样本 241/393: 241
2026-03-17 20:12:39,213 - INFO - HTTP Request: POST https://toollearning.cn/v1/chat/completions "HTTP/1.1 401 Unauthorized"
2026-03-17 20:12:39,214 - ERROR - API调用错误: Error code: 401 - {'error': {'code': '', 'message': '[sk-47c***98e] 该令牌额度已用尽 !token.UnlimitedQuota && token.RemainQuota = -20154 (request id: 202603172012392953569317pyLvOuu)', 'type': 'thunlp_api_error'}}
2026-03-17 20:12:39,215 - INFO - 等待3秒后重试...
2026-03-17 20:12:42,331 - INFO - HTTP Request: POST https://toollearning.cn/v1/chat/completions "HTTP/1.1 401 Unauthorized"
2026-03-17 20:12:42,332 - ERROR - API调用错误: Error code: 401 - {'error': {'code': '', 'message': '[sk-47c***98e] 该令牌额度已用尽 !token.UnlimitedQuota && token.RemainQuota = -20154 (request id: 20260317201242430364142PTFLdr0Q)', 'type': 'thunlp_api_error'}}
2026-03-17 20:12:42,332 - INFO - 等待3秒后重试...
2026-03-17 20:12:45,575 - INFO - HTTP Request: POST https://toollearning.cn/v1/chat/completions "HTTP/1.1 401 Unauthorized"
2026-03-17 20:12:45,576 - ERROR - API调用错误: Error code: 401 - {'error': {'code': '', 'message': '[sk-47c***98e] 该令牌额度已用尽 !token.UnlimitedQuota && token.RemainQuota = -20154 (request id: 20260317201245564811446pW19B931)', 'type': 'thunlp_api_error'}}
2026-03-17 20:12:45,576 - ERROR - 处理样本 241 失败: Error code: 401 - {'error': {'code': '', 'message': '[sk-47c***98e] 该令牌额度已用尽 !token.UnlimitedQuota && token.RemainQuota = -20154 (request id: 20260317201245564811446pW19B931)', 'type': 'thunlp_api_error'}}
2026-03-17 20:12:45,576 - INFO - 处理样本 242/393: 242
2026-03-17 20:12:46,384 - INFO - HTTP Request: POST https://toollearning.cn/v1/chat/completions "HTTP/1.1 401 Unauthorized"
2026-03-17 20:12:46,385 - ERROR - API调用错误: Error code: 401 - {'error': {'code': '', 'message': '[sk-47c***98e] 该令牌额度已用尽 !token.UnlimitedQuota && token.RemainQuota = -20154 (request id: 20260317201246472965736ulW6H0CW)', 'type': 'thunlp_api_error'}}
2026-03-17 20:12:46,386 - INFO - 等待3秒后重试...
2026-03-17 20:12:49,661 - INFO - HTTP Request: POST https://toollearning.cn/v1/chat/completions "HTTP/1.1 401 Unauthorized"
2026-03-17 20:12:49,662 - ERROR - API调用错误: Error code: 401 - {'error': {'code': '', 'message': '[sk-47c***98e] 该令牌额度已用尽 !token.UnlimitedQuota && token.RemainQuota = -20154 (request id: 20260317201249588333638t2q6tFvn)', 'type': 'thunlp_api_error'}}
2026-03-17 20:12:49,663 - INFO - 等待3秒后重试...
2026-03-17 20:12:52,761 - INFO - HTTP Request: POST https://toollearning.cn/v1/chat/completions "HTTP/1.1 401 Unauthorized"
2026-03-17 20:12:52,761 - ERROR - API调用错误: Error code: 401 - {'error': {'code': '', 'message': '[sk-47c***98e] 该令牌额度已用尽 !token.UnlimitedQuota && token.RemainQuota = -20154 (request id: 20260317201252875897286f9dCSKwu)', 'type': 'thunlp_api_error'}}
2026-03-17 20:12:52,762 - ERROR - 处理样本 242 失败: Error code: 401 - {'error': {'code': '', 'message': '[sk-47c***98e] 该令牌额度已用尽 !token.UnlimitedQuota && token.RemainQuota = -20154 (request id: 20260317201252875897286f9dCSKwu)', 'type': 'thunlp_api_error'}}
2026-03-17 20:12:52,762 - INFO - 处理样本 243/393: 243
2026-03-17 20:12:54,162 - INFO - HTTP Request: POST https://toollearning.cn/v1/chat/completions "HTTP/1.1 401 Unauthorized"
2026-03-17 20:12:54,163 - ERROR - API调用错误: Error code: 401 - {'error': {'code': '', 'message': '[sk-47c***98e] 该令牌额度已用尽 !token.UnlimitedQuota && token.RemainQuota = -20154 (request id: 20260317201253965271067zPz0U6vA)', 'type': 'thunlp_api_error'}}
2026-03-17 20:12:54,163 - INFO - 等待3秒后重试...
2026-03-17 20:12:57,443 - INFO - HTTP Request: POST https://toollearning.cn/v1/chat/completions "HTTP/1.1 401 Unauthorized"
2026-03-17 20:12:57,444 - ERROR - API调用错误: Error code: 401 - {'error': {'code': '', 'message': '[sk-47c***98e] 该令牌额度已用尽 !token.UnlimitedQuota && token.RemainQuota = -20154 (request id: 20260317201257377690878iZkjkHxw)', 'type': 'thunlp_api_error'}}
2026-03-17 20:12:57,444 - INFO - 等待3秒后重试...
2026-03-17 20:13:00,618 - INFO - HTTP Request: POST https://toollearning.cn/v1/chat/completions "HTTP/1.1 401 Unauthorized"
2026-03-17 20:13:00,619 - ERROR - API调用错误: Error code: 401 - {'error': {'code': '', 'message': '[sk-47c***98e] 该令牌额度已用尽 !token.UnlimitedQuota && token.RemainQuota = -20154 (request id: 20260317201300710286764d5AAQBdf)', 'type': 'thunlp_api_error'}}
2026-03-17 20:13:00,620 - ERROR - 处理样本 243 失败: Error code: 401 - {'error': {'code': '', 'message': '[sk-47c***98e] 该令牌额度已用尽 !token.UnlimitedQuota && token.RemainQuota = -20154 (request id: 20260317201300710286764d5AAQBdf)', 'type': 'thunlp_api_error'}}
2026-03-17 20:13:00,620 - INFO - 处理样本 244/393: 244
2026-03-17 20:13:01,439 - INFO - HTTP Request: POST https://toollearning.cn/v1/chat/completions "HTTP/1.1 401 Unauthorized"
2026-03-17 20:13:01,440 - ERROR - API调用错误: Error code: 401 - {'error': {'code': '', 'message': '[sk-47c***98e] 该令牌额度已用尽 !token.UnlimitedQuota && token.RemainQuota = -20154 (request id: 20260317201301535840667Xz30681Q)', 'type': 'thunlp_api_error'}}
2026-03-17 20:13:01,440 - INFO - 等待3秒后重试...
2026-03-17 20:13:04,612 - INFO - HTTP Request: POST https://toollearning.cn/v1/chat/completions "HTTP/1.1 401 Unauthorized"
2026-03-17 20:13:04,613 - ERROR - API调用错误: Error code: 401 - {'error': {'code': '', 'message': '[sk-47c***98e] 该令牌额度已用尽 !token.UnlimitedQuota && token.RemainQuota = -20154 (request id: 20260317201304650513573GUcXGmDT)', 'type': 'thunlp_api_error'}}
2026-03-17 20:13:04,613 - INFO - 等待3秒后重试...
2026-03-17 20:13:07,786 - INFO - HTTP Request: POST https://toollearning.cn/v1/chat/completions "HTTP/1.1 401 Unauthorized"
2026-03-17 20:13:07,786 - ERROR - API调用错误: Error code: 401 - {'error': {'code': '', 'message': '[sk-47c***98e] 该令牌额度已用尽 !token.UnlimitedQuota && token.RemainQuota = -20154 (request id: 20260317201307815481983HtuRGMo0)', 'type': 'thunlp_api_error'}}
2026-03-17 20:13:07,787 - ERROR - 处理样本 244 失败: Error code: 401 - {'error': {'code': '', 'message': '[sk-47c***98e] 该令牌额度已用尽 !token.UnlimitedQuota && token.RemainQuota = -20154 (request id: 20260317201307815481983HtuRGMo0)', 'type': 'thunlp_api_error'}}
2026-03-17 20:13:07,787 - INFO - 处理样本 245/393: 245
2026-03-17 20:13:08,814 - INFO - HTTP Request: POST https://toollearning.cn/v1/chat/completions "HTTP/1.1 401 Unauthorized"
2026-03-17 20:13:08,815 - ERROR - API调用错误: Error code: 401 - {'error': {'code': '', 'message': '[sk-47c***98e] 该令牌额度已用尽 !token.UnlimitedQuota && token.RemainQuota = -20154 (request id: 20260317201308897794492MNvxcnXq)', 'type': 'thunlp_api_error'}}
2026-03-17 20:13:08,815 - INFO - 等待3秒后重试...
2026-03-17 20:13:11,982 - INFO - HTTP Request: POST https://toollearning.cn/v1/chat/completions "HTTP/1.1 401 Unauthorized"
2026-03-17 20:13:11,983 - ERROR - API调用错误: Error code: 401 - {'error': {'code': '', 'message': '[sk-47c***98e] 该令牌额度已用尽 !token.UnlimitedQuota && token.RemainQuota = -20154 (request id: 2026031720131235699926qK86BYBE)', 'type': 'thunlp_api_error'}}
2026-03-17 20:13:11,984 - INFO - 等待3秒后重试...
2026-03-17 20:13:15,085 - INFO - HTTP Request: POST https://toollearning.cn/v1/chat/completions "HTTP/1.1 401 Unauthorized"
2026-03-17 20:13:15,086 - ERROR - API调用错误: Error code: 401 - {'error': {'code': '', 'message': '[sk-47c***98e] 该令牌额度已用尽 !token.UnlimitedQuota && token.RemainQuota = -20154 (request id: 20260317201315195350425A1Z5x27e)', 'type': 'thunlp_api_error'}}
2026-03-17 20:13:15,086 - ERROR - 处理样本 245 失败: Error code: 401 - {'error': {'code': '', 'message': '[sk-47c***98e] 该令牌额度已用尽 !token.UnlimitedQuota && token.RemainQuota = -20154 (request id: 20260317201315195350425A1Z5x27e)', 'type': 'thunlp_api_error'}}
2026-03-17 20:13:15,087 - INFO - 处理样本 246/393: 246
2026-03-17 20:13:16,041 - INFO - HTTP Request: POST https://toollearning.cn/v1/chat/completions "HTTP/1.1 401 Unauthorized"
2026-03-17 20:13:16,042 - ERROR - API调用错误: Error code: 401 - {'error': {'code': '', 'message': '[sk-47c***98e] 该令牌额度已用尽 !token.UnlimitedQuota && token.RemainQuota = -20154 (request id: 202603172013161702116320I4zSFoN)', 'type': 'thunlp_api_error'}}
2026-03-17 20:13:16,042 - INFO - 等待3秒后重试...
2026-03-17 20:13:19,232 - INFO - HTTP Request: POST https://toollearning.cn/v1/chat/completions "HTTP/1.1 401 Unauthorized"
2026-03-17 20:13:19,233 - ERROR - API调用错误: Error code: 401 - {'error': {'code': '', 'message': '[sk-47c***98e] 该令牌额度已用尽 !token.UnlimitedQuota && token.RemainQuota = -20154 (request id: 20260317201319254837960s7kQkQJY)', 'type': 'thunlp_api_error'}}
2026-03-17 20:13:19,233 - INFO - 等待3秒后重试...
2026-03-17 20:13:22,488 - INFO - HTTP Request: POST https://toollearning.cn/v1/chat/completions "HTTP/1.1 401 Unauthorized"
2026-03-17 20:13:22,489 - ERROR - API调用错误: Error code: 401 - {'error': {'code': '', 'message': '[sk-47c***98e] 该令牌额度已用尽 !token.UnlimitedQuota && token.RemainQuota = -20154 (request id: 20260317201322454795875OVSuS1Mq)', 'type': 'thunlp_api_error'}}
2026-03-17 20:13:22,490 - ERROR - 处理样本 246 失败: Error code: 401 - {'error': {'code': '', 'message': '[sk-47c***98e] 该令牌额度已用尽 !token.UnlimitedQuota && token.RemainQuota = -20154 (request id: 20260317201322454795875OVSuS1Mq)', 'type': 'thunlp_api_error'}}
2026-03-17 20:13:22,490 - INFO - 处理样本 247/393: 247
2026-03-17 20:13:23,351 - INFO - HTTP Request: POST https://toollearning.cn/v1/chat/completions "HTTP/1.1 401 Unauthorized"
2026-03-17 20:13:23,352 - ERROR - API调用错误: Error code: 401 - {'error': {'code': '', 'message': '[sk-47c***98e] 该令牌额度已用尽 !token.UnlimitedQuota && token.RemainQuota = -20154 (request id: 20260317201323430000654O33b89dV)', 'type': 'thunlp_api_error'}}
2026-03-17 20:13:23,352 - INFO - 等待3秒后重试...
2026-03-17 20:13:26,522 - INFO - HTTP Request: POST https://toollearning.cn/v1/chat/completions "HTTP/1.1 401 Unauthorized"
2026-03-17 20:13:26,523 - ERROR - API调用错误: Error code: 401 - {'error': {'code': '', 'message': '[sk-47c***98e] 该令牌额度已用尽 !token.UnlimitedQuota && token.RemainQuota = -20154 (request id: 20260317201326557922491DRxqAFcY)', 'type': 'thunlp_api_error'}}
2026-03-17 20:13:26,524 - INFO - 等待3秒后重试...
2026-03-17 20:13:29,810 - INFO - HTTP Request: POST https://toollearning.cn/v1/chat/completions "HTTP/1.1 401 Unauthorized"
2026-03-17 20:13:29,812 - ERROR - API调用错误: Error code: 401 - {'error': {'code': '', 'message': '[sk-47c***98e] 该令牌额度已用尽 !token.UnlimitedQuota && token.RemainQuota = -20154 (request id: 20260317201329780077489B50wTLPr)', 'type': 'thunlp_api_error'}}
2026-03-17 20:13:29,812 - ERROR - 处理样本 247 失败: Error code: 401 - {'error': {'code': '', 'message': '[sk-47c***98e] 该令牌额度已用尽 !token.UnlimitedQuota && token.RemainQuota = -20154 (request id: 20260317201329780077489B50wTLPr)', 'type': 'thunlp_api_error'}}
2026-03-17 20:13:29,812 - INFO - 处理样本 248/393: 248
2026-03-17 20:13:30,620 - INFO - HTTP Request: POST https://toollearning.cn/v1/chat/completions "HTTP/1.1 401 Unauthorized"
2026-03-17 20:13:30,621 - ERROR - API调用错误: Error code: 401 - {'error': {'code': '', 'message': '[sk-47c***98e] 该令牌额度已用尽 !token.UnlimitedQuota && token.RemainQuota = -20154 (request id: 20260317201330693521035JCgSMPt0)', 'type': 'thunlp_api_error'}}
2026-03-17 20:13:30,622 - INFO - 等待3秒后重试...
2026-03-17 20:13:33,780 - INFO - HTTP Request: POST https://toollearning.cn/v1/chat/completions "HTTP/1.1 401 Unauthorized"
2026-03-17 20:13:33,781 - ERROR - API调用错误: Error code: 401 - {'error': {'code': '', 'message': '[sk-47c***98e] 该令牌额度已用尽 !token.UnlimitedQuota && token.RemainQuota = -20154 (request id: 20260317201333832912619FBV8qNrA)', 'type': 'thunlp_api_error'}}
2026-03-17 20:13:33,781 - INFO - 等待3秒后重试...
2026-03-17 20:13:37,269 - INFO - HTTP Request: POST https://toollearning.cn/v1/chat/completions "HTTP/1.1 401 Unauthorized"
2026-03-17 20:13:37,270 - ERROR - API调用错误: Error code: 401 - {'error': {'code': '', 'message': '[sk-47c***98e] 该令牌额度已用尽 !token.UnlimitedQuota && token.RemainQuota = -20154 (request id: 2026031720133712977963l1eLZoPq)', 'type': 'thunlp_api_error'}}
2026-03-17 20:13:37,270 - ERROR - 处理样本 248 失败: Error code: 401 - {'error': {'code': '', 'message': '[sk-47c***98e] 该令牌额度已用尽 !token.UnlimitedQuota && token.RemainQuota = -20154 (request id: 2026031720133712977963l1eLZoPq)', 'type': 'thunlp_api_error'}}
2026-03-17 20:13:37,270 - INFO - 处理样本 249/393: 249
2026-03-17 20:13:38,103 - INFO - HTTP Request: POST https://toollearning.cn/v1/chat/completions "HTTP/1.1 401 Unauthorized"
2026-03-17 20:13:38,104 - ERROR - API调用错误: Error code: 401 - {'error': {'code': '', 'message': '[sk-47c***98e] 该令牌额度已用尽 !token.UnlimitedQuota && token.RemainQuota = -20154 (request id: 202603172013382073893041292JsH2)', 'type': 'thunlp_api_error'}}
2026-03-17 20:13:38,104 - INFO - 等待3秒后重试...
2026-03-17 20:13:41,271 - INFO - HTTP Request: POST https://toollearning.cn/v1/chat/completions "HTTP/1.1 401 Unauthorized"
2026-03-17 20:13:41,272 - ERROR - API调用错误: Error code: 401 - {'error': {'code': '', 'message': '[sk-47c***98e] 该令牌额度已用尽 !token.UnlimitedQuota && token.RemainQuota = -20154 (request id: 202603172013413226488866MkLfVFy)', 'type': 'thunlp_api_error'}}
2026-03-17 20:13:41,272 - INFO - 等待3秒后重试...
2026-03-17 20:13:44,552 - INFO - HTTP Request: POST https://toollearning.cn/v1/chat/completions "HTTP/1.1 401 Unauthorized"
2026-03-17 20:13:44,553 - ERROR - API调用错误: Error code: 401 - {'error': {'code': '', 'message': '[sk-47c***98e] 该令牌额度已用尽 !token.UnlimitedQuota && token.RemainQuota = -20154 (request id: 20260317201344477191562874Oju0l)', 'type': 'thunlp_api_error'}}
2026-03-17 20:13:44,553 - ERROR - 处理样本 249 失败: Error code: 401 - {'error': {'code': '', 'message': '[sk-47c***98e] 该令牌额度已用尽 !token.UnlimitedQuota && token.RemainQuota = -20154 (request id: 20260317201344477191562874Oju0l)', 'type': 'thunlp_api_error'}}
2026-03-17 20:13:44,553 - INFO - 处理样本 250/393: 250
2026-03-17 20:13:45,909 - INFO - HTTP Request: POST https://toollearning.cn/v1/chat/completions "HTTP/1.1 401 Unauthorized"
2026-03-17 20:13:45,910 - ERROR - API调用错误: Error code: 401 - {'error': {'code': '', 'message': '[sk-47c***98e] 该令牌额度已用尽 !token.UnlimitedQuota && token.RemainQuota = -20154 (request id: 202603172013459810390017WoIGzuP)', 'type': 'thunlp_api_error'}}
2026-03-17 20:13:45,910 - INFO - 等待3秒后重试...
2026-03-17 20:13:49,154 - INFO - HTTP Request: POST https://toollearning.cn/v1/chat/completions "HTTP/1.1 401 Unauthorized"
2026-03-17 20:13:49,155 - ERROR - API调用错误: Error code: 401 - {'error': {'code': '', 'message': '[sk-47c***98e] 该令牌额度已用尽 !token.UnlimitedQuota && token.RemainQuota = -20154 (request id: 20260317201349127972312nwPk1oim)', 'type': 'thunlp_api_error'}}
2026-03-17 20:13:49,155 - INFO - 等待3秒后重试...
2026-03-17 20:13:52,338 - INFO - HTTP Request: POST https://toollearning.cn/v1/chat/completions "HTTP/1.1 401 Unauthorized"
2026-03-17 20:13:52,340 - ERROR - API调用错误: Error code: 401 - {'error': {'code': '', 'message': '[sk-47c***98e] 该令牌额度已用尽 !token.UnlimitedQuota && token.RemainQuota = -20154 (request id: 20260317201352385172276jci6hJEF)', 'type': 'thunlp_api_error'}}
2026-03-17 20:13:52,340 - ERROR - 处理样本 250 失败: Error code: 401 - {'error': {'code': '', 'message': '[sk-47c***98e] 该令牌额度已用尽 !token.UnlimitedQuota && token.RemainQuota = -20154 (request id: 20260317201352385172276jci6hJEF)', 'type': 'thunlp_api_error'}}
2026-03-17 20:13:52,340 - INFO - 处理样本 251/393: 251
2026-03-17 20:13:53,457 - INFO - HTTP Request: POST https://toollearning.cn/v1/chat/completions "HTTP/1.1 401 Unauthorized"
2026-03-17 20:13:53,458 - ERROR - API调用错误: Error code: 401 - {'error': {'code': '', 'message': '[sk-47c***98e] 该令牌额度已用尽 !token.UnlimitedQuota && token.RemainQuota = -20154 (request id: 20260317201353560542076t3WNfXBy)', 'type': 'thunlp_api_error'}}
2026-03-17 20:13:53,459 - INFO - 等待3秒后重试...
2026-03-17 20:13:56,630 - INFO - HTTP Request: POST https://toollearning.cn/v1/chat/completions "HTTP/1.1 401 Unauthorized"
2026-03-17 20:13:56,631 - ERROR - API调用错误: Error code: 401 - {'error': {'code': '', 'message': '[sk-47c***98e] 该令牌额度已用尽 !token.UnlimitedQuota && token.RemainQuota = -20154 (request id: 20260317201356672997064QPEggS1Q)', 'type': 'thunlp_api_error'}}
2026-03-17 20:13:56,631 - INFO - 等待3秒后重试...
2026-03-17 20:13:59,795 - INFO - HTTP Request: POST https://toollearning.cn/v1/chat/completions "HTTP/1.1 401 Unauthorized"
2026-03-17 20:13:59,796 - ERROR - API调用错误: Error code: 401 - {'error': {'code': '', 'message': '[sk-47c***98e] 该令牌额度已用尽 !token.UnlimitedQuota && token.RemainQuota = -20154 (request id: 20260317201359847931738U9k5SySb)', 'type': 'thunlp_api_error'}}
2026-03-17 20:13:59,796 - ERROR - 处理样本 251 失败: Error code: 401 - {'error': {'code': '', 'message': '[sk-47c***98e] 该令牌额度已用尽 !token.UnlimitedQuota && token.RemainQuota = -20154 (request id: 20260317201359847931738U9k5SySb)', 'type': 'thunlp_api_error'}}
2026-03-17 20:13:59,797 - INFO - 处理样本 252/393: 252
2026-03-17 20:14:00,698 - INFO - HTTP Request: POST https://toollearning.cn/v1/chat/completions "HTTP/1.1 401 Unauthorized"
2026-03-17 20:14:00,699 - ERROR - API调用错误: Error code: 401 - {'error': {'code': '', 'message': '[sk-47c***98e] 该令牌额度已用尽 !token.UnlimitedQuota && token.RemainQuota = -20154 (request id: 20260317201400805368716ap0EJ0O0)', 'type': 'thunlp_api_error'}}
2026-03-17 20:14:00,700 - INFO - 等待3秒后重试...
2026-03-17 20:14:03,897 - INFO - HTTP Request: POST https://toollearning.cn/v1/chat/completions "HTTP/1.1 401 Unauthorized"
2026-03-17 20:14:03,898 - ERROR - API调用错误: Error code: 401 - {'error': {'code': '', 'message': '[sk-47c***98e] 该令牌额度已用尽 !token.UnlimitedQuota && token.RemainQuota = -20154 (request id: 20260317201403900876429cOIllbYk)', 'type': 'thunlp_api_error'}}
2026-03-17 20:14:03,898 - INFO - 等待3秒后重试...
2026-03-17 20:14:07,039 - INFO - HTTP Request: POST https://toollearning.cn/v1/chat/completions "HTTP/1.1 401 Unauthorized"
2026-03-17 20:14:07,040 - ERROR - API调用错误: Error code: 401 - {'error': {'code': '', 'message': '[sk-47c***98e] 该令牌额度已用尽 !token.UnlimitedQuota && token.RemainQuota = -20154 (request id: 202603172014071056007373GClErye)', 'type': 'thunlp_api_error'}}
2026-03-17 20:14:07,040 - ERROR - 处理样本 252 失败: Error code: 401 - {'error': {'code': '', 'message': '[sk-47c***98e] 该令牌额度已用尽 !token.UnlimitedQuota && token.RemainQuota = -20154 (request id: 202603172014071056007373GClErye)', 'type': 'thunlp_api_error'}}
2026-03-17 20:14:07,041 - INFO - 处理样本 253/393: 253
2026-03-17 20:14:08,100 - INFO - HTTP Request: POST https://toollearning.cn/v1/chat/completions "HTTP/1.1 401 Unauthorized"
2026-03-17 20:14:08,101 - ERROR - API调用错误: Error code: 401 - {'error': {'code': '', 'message': '[sk-47c***98e] 该令牌额度已用尽 !token.UnlimitedQuota && token.RemainQuota = -20154 (request id: 20260317201408200563497dMdtr1sG)', 'type': 'thunlp_api_error'}}
2026-03-17 20:14:08,101 - INFO - 等待3秒后重试...
2026-03-17 20:14:11,276 - INFO - HTTP Request: POST https://toollearning.cn/v1/chat/completions "HTTP/1.1 401 Unauthorized"
2026-03-17 20:14:11,277 - ERROR - API调用错误: Error code: 401 - {'error': {'code': '', 'message': '[sk-47c***98e] 该令牌额度已用尽 !token.UnlimitedQuota && token.RemainQuota = -20154 (request id: 20260317201411315295857kTsg1jb3)', 'type': 'thunlp_api_error'}}
2026-03-17 20:14:11,277 - INFO - 等待3秒后重试...
2026-03-17 20:14:14,454 - INFO - HTTP Request: POST https://toollearning.cn/v1/chat/completions "HTTP/1.1 401 Unauthorized"
2026-03-17 20:14:14,455 - ERROR - API调用错误: Error code: 401 - {'error': {'code': '', 'message': '[sk-47c***98e] 该令牌额度已用尽 !token.UnlimitedQuota && token.RemainQuota = -20154 (request id: 20260317201414520483345Oh30sxv3)', 'type': 'thunlp_api_error'}}
2026-03-17 20:14:14,455 - ERROR - 处理样本 253 失败: Error code: 401 - {'error': {'code': '', 'message': '[sk-47c***98e] 该令牌额度已用尽 !token.UnlimitedQuota && token.RemainQuota = -20154 (request id: 20260317201414520483345Oh30sxv3)', 'type': 'thunlp_api_error'}}
2026-03-17 20:14:14,456 - INFO - 处理样本 254/393: 254
2026-03-17 20:14:15,577 - INFO - HTTP Request: POST https://toollearning.cn/v1/chat/completions "HTTP/1.1 401 Unauthorized"
2026-03-17 20:14:15,578 - ERROR - API调用错误: Error code: 401 - {'error': {'code': '', 'message': '[sk-47c***98e] 该令牌额度已用尽 !token.UnlimitedQuota && token.RemainQuota = -20154 (request id: 20260317201415605166801aMu6ljCe)', 'type': 'thunlp_api_error'}}
2026-03-17 20:14:15,578 - INFO - 等待3秒后重试...
2026-03-17 20:14:18,851 - INFO - HTTP Request: POST https://toollearning.cn/v1/chat/completions "HTTP/1.1 401 Unauthorized"
2026-03-17 20:14:18,852 - ERROR - API调用错误: Error code: 401 - {'error': {'code': '', 'message': '[sk-47c***98e] 该令牌额度已用尽 !token.UnlimitedQuota && token.RemainQuota = -20154 (request id: 20260317201418805027361Cs8yGnrK)', 'type': 'thunlp_api_error'}}
2026-03-17 20:14:18,852 - INFO - 等待3秒后重试...
2026-03-17 20:14:21,953 - INFO - HTTP Request: POST https://toollearning.cn/v1/chat/completions "HTTP/1.1 401 Unauthorized"
2026-03-17 20:14:21,954 - ERROR - API调用错误: Error code: 401 - {'error': {'code': '', 'message': '[sk-47c***98e] 该令牌额度已用尽 !token.UnlimitedQuota && token.RemainQuota = -20154 (request id: 2026031720142267367576wcInvXom)', 'type': 'thunlp_api_error'}}
2026-03-17 20:14:21,955 - ERROR - 处理样本 254 失败: Error code: 401 - {'error': {'code': '', 'message': '[sk-47c***98e] 该令牌额度已用尽 !token.UnlimitedQuota && token.RemainQuota = -20154 (request id: 2026031720142267367576wcInvXom)', 'type': 'thunlp_api_error'}}
2026-03-17 20:14:21,955 - INFO - 处理样本 255/393: 255
2026-03-17 20:14:22,801 - INFO - HTTP Request: POST https://toollearning.cn/v1/chat/completions "HTTP/1.1 401 Unauthorized"
2026-03-17 20:14:22,802 - ERROR - API调用错误: Error code: 401 - {'error': {'code': '', 'message': '[sk-47c***98e] 该令牌额度已用尽 !token.UnlimitedQuota && token.RemainQuota = -20154 (request id: 20260317201422920251605CycnK0zl)', 'type': 'thunlp_api_error'}}
2026-03-17 20:14:22,802 - INFO - 等待3秒后重试...
2026-03-17 20:14:26,021 - INFO - HTTP Request: POST https://toollearning.cn/v1/chat/completions "HTTP/1.1 401 Unauthorized"
2026-03-17 20:14:26,022 - ERROR - API调用错误: Error code: 401 - {'error': {'code': '', 'message': '[sk-47c***98e] 该令牌额度已用尽 !token.UnlimitedQuota && token.RemainQuota = -20154 (request id: 2026031720142632750627ostzAq4v)', 'type': 'thunlp_api_error'}}
2026-03-17 20:14:26,023 - INFO - 等待3秒后重试...
2026-03-17 20:14:29,193 - INFO - HTTP Request: POST https://toollearning.cn/v1/chat/completions "HTTP/1.1 401 Unauthorized"
2026-03-17 20:14:29,194 - ERROR - API调用错误: Error code: 401 - {'error': {'code': '', 'message': '[sk-47c***98e] 该令牌额度已用尽 !token.UnlimitedQuota && token.RemainQuota = -20154 (request id: 20260317201429230210633YvKTaZkU)', 'type': 'thunlp_api_error'}}
2026-03-17 20:14:29,194 - ERROR - 处理样本 255 失败: Error code: 401 - {'error': {'code': '', 'message': '[sk-47c***98e] 该令牌额度已用尽 !token.UnlimitedQuota && token.RemainQuota = -20154 (request id: 20260317201429230210633YvKTaZkU)', 'type': 'thunlp_api_error'}}
2026-03-17 20:14:29,194 - INFO - 处理样本 256/393: 256
2026-03-17 20:14:29,973 - INFO - HTTP Request: POST https://toollearning.cn/v1/chat/completions "HTTP/1.1 401 Unauthorized"
2026-03-17 20:14:29,975 - ERROR - API调用错误: Error code: 401 - {'error': {'code': '', 'message': '[sk-47c***98e] 该令牌额度已用尽 !token.UnlimitedQuota && token.RemainQuota = -20154 (request id: 2026031720143095115039UFRzu4RD)', 'type': 'thunlp_api_error'}}
2026-03-17 20:14:29,975 - INFO - 等待3秒后重试...
2026-03-17 20:14:33,110 - INFO - HTTP Request: POST https://toollearning.cn/v1/chat/completions "HTTP/1.1 401 Unauthorized"
2026-03-17 20:14:33,111 - ERROR - API调用错误: Error code: 401 - {'error': {'code': '', 'message': '[sk-47c***98e] 该令牌额度已用尽 !token.UnlimitedQuota && token.RemainQuota = -20154 (request id: 20260317201433187787303yBK3uk9h)', 'type': 'thunlp_api_error'}}
2026-03-17 20:14:33,111 - INFO - 等待3秒后重试...
2026-03-17 20:14:36,262 - INFO - HTTP Request: POST https://toollearning.cn/v1/chat/completions "HTTP/1.1 401 Unauthorized"
2026-03-17 20:14:36,263 - ERROR - API调用错误: Error code: 401 - {'error': {'code': '', 'message': '[sk-47c***98e] 该令牌额度已用尽 !token.UnlimitedQuota && token.RemainQuota = -20154 (request id: 20260317201436327712864zKOb75Ge)', 'type': 'thunlp_api_error'}}
2026-03-17 20:14:36,263 - ERROR - 处理样本 256 失败: Error code: 401 - {'error': {'code': '', 'message': '[sk-47c***98e] 该令牌额度已用尽 !token.UnlimitedQuota && token.RemainQuota = -20154 (request id: 20260317201436327712864zKOb75Ge)', 'type': 'thunlp_api_error'}}
2026-03-17 20:14:36,263 - INFO - 处理样本 257/393: 257
2026-03-17 20:14:37,185 - INFO - HTTP Request: POST https://toollearning.cn/v1/chat/completions "HTTP/1.1 401 Unauthorized"
2026-03-17 20:14:37,186 - ERROR - API调用错误: Error code: 401 - {'error': {'code': '', 'message': '[sk-47c***98e] 该令牌额度已用尽 !token.UnlimitedQuota && token.RemainQuota = -20154 (request id: 20260317201437239673691GDxLBCGR)', 'type': 'thunlp_api_error'}}
2026-03-17 20:14:37,186 - INFO - 等待3秒后重试...
2026-03-17 20:14:40,457 - INFO - HTTP Request: POST https://toollearning.cn/v1/chat/completions "HTTP/1.1 401 Unauthorized"
2026-03-17 20:14:40,459 - ERROR - API调用错误: Error code: 401 - {'error': {'code': '', 'message': '[sk-47c***98e] 该令牌额度已用尽 !token.UnlimitedQuota && token.RemainQuota = -20154 (request id: 20260317201440409026037dJ1OSILh)', 'type': 'thunlp_api_error'}}
2026-03-17 20:14:40,459 - INFO - 等待3秒后重试...
2026-03-17 20:14:43,558 - INFO - HTTP Request: POST https://toollearning.cn/v1/chat/completions "HTTP/1.1 401 Unauthorized"
2026-03-17 20:14:43,559 - ERROR - API调用错误: Error code: 401 - {'error': {'code': '', 'message': '[sk-47c***98e] 该令牌额度已用尽 !token.UnlimitedQuota && token.RemainQuota = -20154 (request id: 20260317201443678714553TwF3uBrC)', 'type': 'thunlp_api_error'}}
2026-03-17 20:14:43,559 - ERROR - 处理样本 257 失败: Error code: 401 - {'error': {'code': '', 'message': '[sk-47c***98e] 该令牌额度已用尽 !token.UnlimitedQuota && token.RemainQuota = -20154 (request id: 20260317201443678714553TwF3uBrC)', 'type': 'thunlp_api_error'}}
2026-03-17 20:14:43,559 - INFO - 处理样本 258/393: 258
2026-03-17 20:14:44,452 - INFO - HTTP Request: POST https://toollearning.cn/v1/chat/completions "HTTP/1.1 401 Unauthorized"
2026-03-17 20:14:44,453 - ERROR - API调用错误: Error code: 401 - {'error': {'code': '', 'message': '[sk-47c***98e] 该令牌额度已用尽 !token.UnlimitedQuota && token.RemainQuota = -20154 (request id: 20260317201444524097409QvxOz8u0)', 'type': 'thunlp_api_error'}}
2026-03-17 20:14:44,453 - INFO - 等待3秒后重试...
2026-03-17 20:14:47,726 - INFO - HTTP Request: POST https://toollearning.cn/v1/chat/completions "HTTP/1.1 401 Unauthorized"
2026-03-17 20:14:47,727 - ERROR - API调用错误: Error code: 401 - {'error': {'code': '', 'message': '[sk-47c***98e] 该令牌额度已用尽 !token.UnlimitedQuota && token.RemainQuota = -20154 (request id: 202603172014476896885150yd1h2oT)', 'type': 'thunlp_api_error'}}
2026-03-17 20:14:47,727 - INFO - 等待3秒后重试...
2026-03-17 20:14:51,012 - INFO - HTTP Request: POST https://toollearning.cn/v1/chat/completions "HTTP/1.1 401 Unauthorized"
2026-03-17 20:14:51,012 - ERROR - API调用错误: Error code: 401 - {'error': {'code': '', 'message': '[sk-47c***98e] 该令牌额度已用尽 !token.UnlimitedQuota && token.RemainQuota = -20154 (request id: 20260317201450986980572LPCYu3Qu)', 'type': 'thunlp_api_error'}}
2026-03-17 20:14:51,013 - ERROR - 处理样本 258 失败: Error code: 401 - {'error': {'code': '', 'message': '[sk-47c***98e] 该令牌额度已用尽 !token.UnlimitedQuota && token.RemainQuota = -20154 (request id: 20260317201450986980572LPCYu3Qu)', 'type': 'thunlp_api_error'}}
2026-03-17 20:14:51,013 - INFO - 处理样本 259/393: 259
2026-03-17 20:14:51,778 - INFO - HTTP Request: POST https://toollearning.cn/v1/chat/completions "HTTP/1.1 401 Unauthorized"
2026-03-17 20:14:51,779 - ERROR - API调用错误: Error code: 401 - {'error': {'code': '', 'message': '[sk-47c***98e] 该令牌额度已用尽 !token.UnlimitedQuota && token.RemainQuota = -20154 (request id: 20260317201451900712094cM82vimL)', 'type': 'thunlp_api_error'}}
2026-03-17 20:14:51,779 - INFO - 等待3秒后重试...
2026-03-17 20:14:55,002 - INFO - HTTP Request: POST https://toollearning.cn/v1/chat/completions "HTTP/1.1 401 Unauthorized"
2026-03-17 20:14:55,003 - ERROR - API调用错误: Error code: 401 - {'error': {'code': '', 'message': '[sk-47c***98e] 该令牌额度已用尽 !token.UnlimitedQuota && token.RemainQuota = -20154 (request id: 202603172014551542362rlCGyaUD)', 'type': 'thunlp_api_error'}}
2026-03-17 20:14:55,003 - INFO - 等待3秒后重试...
2026-03-17 20:14:58,164 - INFO - HTTP Request: POST https://toollearning.cn/v1/chat/completions "HTTP/1.1 401 Unauthorized"
2026-03-17 20:14:58,165 - ERROR - API调用错误: Error code: 401 - {'error': {'code': '', 'message': '[sk-47c***98e] 该令牌额度已用尽 !token.UnlimitedQuota && token.RemainQuota = -20154 (request id: 20260317201458245100981u4FaxFlJ)', 'type': 'thunlp_api_error'}}
2026-03-17 20:14:58,165 - ERROR - 处理样本 259 失败: Error code: 401 - {'error': {'code': '', 'message': '[sk-47c***98e] 该令牌额度已用尽 !token.UnlimitedQuota && token.RemainQuota = -20154 (request id: 20260317201458245100981u4FaxFlJ)', 'type': 'thunlp_api_error'}}
2026-03-17 20:14:58,166 - INFO - 处理样本 260/393: 260
2026-03-17 20:14:59,081 - INFO - HTTP Request: POST https://toollearning.cn/v1/chat/completions "HTTP/1.1 401 Unauthorized"
2026-03-17 20:14:59,082 - ERROR - API调用错误: Error code: 401 - {'error': {'code': '', 'message': '[sk-47c***98e] 该令牌额度已用尽 !token.UnlimitedQuota && token.RemainQuota = -20154 (request id: 20260317201459135535222jUTgWI2C)', 'type': 'thunlp_api_error'}}
2026-03-17 20:14:59,082 - INFO - 等待3秒后重试...
2026-03-17 20:15:02,274 - INFO - HTTP Request: POST https://toollearning.cn/v1/chat/completions "HTTP/1.1 401 Unauthorized"
2026-03-17 20:15:02,275 - ERROR - API调用错误: Error code: 401 - {'error': {'code': '', 'message': '[sk-47c***98e] 该令牌额度已用尽 !token.UnlimitedQuota && token.RemainQuota = -20154 (request id: 20260317201502290474148bKavhlr7)', 'type': 'thunlp_api_error'}}
2026-03-17 20:15:02,276 - INFO - 等待3秒后重试...
2026-03-17 20:15:05,448 - INFO - HTTP Request: POST https://toollearning.cn/v1/chat/completions "HTTP/1.1 401 Unauthorized"
2026-03-17 20:15:05,449 - ERROR - API调用错误: Error code: 401 - {'error': {'code': '', 'message': '[sk-47c***98e] 该令牌额度已用尽 !token.UnlimitedQuota && token.RemainQuota = -20154 (request id: 20260317201505486152052aim5dL9M)', 'type': 'thunlp_api_error'}}
2026-03-17 20:15:05,450 - ERROR - 处理样本 260 失败: Error code: 401 - {'error': {'code': '', 'message': '[sk-47c***98e] 该令牌额度已用尽 !token.UnlimitedQuota && token.RemainQuota = -20154 (request id: 20260317201505486152052aim5dL9M)', 'type': 'thunlp_api_error'}}
2026-03-17 20:15:05,450 - INFO - 处理样本 261/393: 261
2026-03-17 20:15:06,405 - INFO - HTTP Request: POST https://toollearning.cn/v1/chat/completions "HTTP/1.1 401 Unauthorized"
2026-03-17 20:15:06,405 - ERROR - API调用错误: Error code: 401 - {'error': {'code': '', 'message': '[sk-47c***98e] 该令牌额度已用尽 !token.UnlimitedQuota && token.RemainQuota = -20154 (request id: 20260317201506381750009ii3HUvMD)', 'type': 'thunlp_api_error'}}
2026-03-17 20:15:06,406 - INFO - 等待3秒后重试...
2026-03-17 20:15:09,543 - INFO - HTTP Request: POST https://toollearning.cn/v1/chat/completions "HTTP/1.1 401 Unauthorized"
2026-03-17 20:15:09,544 - ERROR - API调用错误: Error code: 401 - {'error': {'code': '', 'message': '[sk-47c***98e] 该令牌额度已用尽 !token.UnlimitedQuota && token.RemainQuota = -20154 (request id: 20260317201509607409874iM5bgpKb)', 'type': 'thunlp_api_error'}}
2026-03-17 20:15:09,544 - INFO - 等待3秒后重试...
2026-03-17 20:15:12,804 - INFO - HTTP Request: POST https://toollearning.cn/v1/chat/completions "HTTP/1.1 401 Unauthorized"
2026-03-17 20:15:12,805 - ERROR - API调用错误: Error code: 401 - {'error': {'code': '', 'message': '[sk-47c***98e] 该令牌额度已用尽 !token.UnlimitedQuota && token.RemainQuota = -20154 (request id: 202603172015127744803660NmnLz1v)', 'type': 'thunlp_api_error'}}
2026-03-17 20:15:12,806 - ERROR - 处理样本 261 失败: Error code: 401 - {'error': {'code': '', 'message': '[sk-47c***98e] 该令牌额度已用尽 !token.UnlimitedQuota && token.RemainQuota = -20154 (request id: 202603172015127744803660NmnLz1v)', 'type': 'thunlp_api_error'}}
2026-03-17 20:15:12,806 - INFO - 处理样本 262/393: 262
2026-03-17 20:15:13,631 - INFO - HTTP Request: POST https://toollearning.cn/v1/chat/completions "HTTP/1.1 401 Unauthorized"
2026-03-17 20:15:13,635 - ERROR - API调用错误: Error code: 401 - {'error': {'code': '', 'message': '[sk-47c***98e] 该令牌额度已用尽 !token.UnlimitedQuota && token.RemainQuota = -20154 (request id: 20260317201513720217546NPLjTOem)', 'type': 'thunlp_api_error'}}
2026-03-17 20:15:13,652 - INFO - 等待3秒后重试...
2026-03-17 20:15:16,912 - INFO - HTTP Request: POST https://toollearning.cn/v1/chat/completions "HTTP/1.1 401 Unauthorized"
2026-03-17 20:15:16,913 - ERROR - API调用错误: Error code: 401 - {'error': {'code': '', 'message': '[sk-47c***98e] 该令牌额度已用尽 !token.UnlimitedQuota && token.RemainQuota = -20154 (request id: 20260317201516865174534dUxFIXou)', 'type': 'thunlp_api_error'}}
2026-03-17 20:15:16,913 - INFO - 等待3秒后重试...
2026-03-17 20:15:20,297 - INFO - HTTP Request: POST https://toollearning.cn/v1/chat/completions "HTTP/1.1 401 Unauthorized"
2026-03-17 20:15:20,298 - ERROR - API调用错误: Error code: 401 - {'error': {'code': '', 'message': '[sk-47c***98e] 该令牌额度已用尽 !token.UnlimitedQuota && token.RemainQuota = -20154 (request id: 20260317201520135081502PY4dVp3a)', 'type': 'thunlp_api_error'}}
2026-03-17 20:15:20,298 - ERROR - 处理样本 262 失败: Error code: 401 - {'error': {'code': '', 'message': '[sk-47c***98e] 该令牌额度已用尽 !token.UnlimitedQuota && token.RemainQuota = -20154 (request id: 20260317201520135081502PY4dVp3a)', 'type': 'thunlp_api_error'}}
2026-03-17 20:15:20,298 - INFO - 处理样本 263/393: 263
2026-03-17 20:15:21,549 - INFO - HTTP Request: POST https://toollearning.cn/v1/chat/completions "HTTP/1.1 401 Unauthorized"
2026-03-17 20:15:21,550 - ERROR - API调用错误: Error code: 401 - {'error': {'code': '', 'message': '[sk-47c***98e] 该令牌额度已用尽 !token.UnlimitedQuota && token.RemainQuota = -20154 (request id: 2026031720152161920596731d5W29s)', 'type': 'thunlp_api_error'}}
2026-03-17 20:15:21,550 - INFO - 等待3秒后重试...
2026-03-17 20:15:24,726 - INFO - HTTP Request: POST https://toollearning.cn/v1/chat/completions "HTTP/1.1 401 Unauthorized"
2026-03-17 20:15:24,727 - ERROR - API调用错误: Error code: 401 - {'error': {'code': '', 'message': '[sk-47c***98e] 该令牌额度已用尽 !token.UnlimitedQuota && token.RemainQuota = -20154 (request id: 20260317201524757553679KR1z3Y9G)', 'type': 'thunlp_api_error'}}
2026-03-17 20:15:24,727 - INFO - 等待3秒后重试...
2026-03-17 20:15:27,810 - INFO - HTTP Request: POST https://toollearning.cn/v1/chat/completions "HTTP/1.1 401 Unauthorized"
2026-03-17 20:15:27,811 - ERROR - API调用错误: Error code: 401 - {'error': {'code': '', 'message': '[sk-47c***98e] 该令牌额度已用尽 !token.UnlimitedQuota && token.RemainQuota = -20154 (request id: 20260317201527934571528rDDSyIKN)', 'type': 'thunlp_api_error'}}
2026-03-17 20:15:27,811 - ERROR - 处理样本 263 失败: Error code: 401 - {'error': {'code': '', 'message': '[sk-47c***98e] 该令牌额度已用尽 !token.UnlimitedQuota && token.RemainQuota = -20154 (request id: 20260317201527934571528rDDSyIKN)', 'type': 'thunlp_api_error'}}
2026-03-17 20:15:27,811 - INFO - 处理样本 264/393: 264
2026-03-17 20:15:28,794 - INFO - HTTP Request: POST https://toollearning.cn/v1/chat/completions "HTTP/1.1 401 Unauthorized"
2026-03-17 20:15:28,795 - ERROR - API调用错误: Error code: 401 - {'error': {'code': '', 'message': '[sk-47c***98e] 该令牌额度已用尽 !token.UnlimitedQuota && token.RemainQuota = -20154 (request id: 20260317201528811947094MwuTFT4j)', 'type': 'thunlp_api_error'}}
2026-03-17 20:15:28,795 - INFO - 等待3秒后重试...
2026-03-17 20:15:31,899 - INFO - HTTP Request: POST https://toollearning.cn/v1/chat/completions "HTTP/1.1 401 Unauthorized"
2026-03-17 20:15:31,900 - ERROR - API调用错误: Error code: 401 - {'error': {'code': '', 'message': '[sk-47c***98e] 该令牌额度已用尽 !token.UnlimitedQuota && token.RemainQuota = -20154 (request id: 20260317201531996680803SrhvH4QT)', 'type': 'thunlp_api_error'}}
2026-03-17 20:15:31,900 - INFO - 等待3秒后重试...
2026-03-17 20:15:35,037 - INFO - HTTP Request: POST https://toollearning.cn/v1/chat/completions "HTTP/1.1 401 Unauthorized"
2026-03-17 20:15:35,038 - ERROR - API调用错误: Error code: 401 - {'error': {'code': '', 'message': '[sk-47c***98e] 该令牌额度已用尽 !token.UnlimitedQuota && token.RemainQuota = -20154 (request id: 202603172015351067569434NMe3jOw)', 'type': 'thunlp_api_error'}}
2026-03-17 20:15:35,038 - ERROR - 处理样本 264 失败: Error code: 401 - {'error': {'code': '', 'message': '[sk-47c***98e] 该令牌额度已用尽 !token.UnlimitedQuota && token.RemainQuota = -20154 (request id: 202603172015351067569434NMe3jOw)', 'type': 'thunlp_api_error'}}
2026-03-17 20:15:35,039 - INFO - 处理样本 265/393: 265
2026-03-17 20:15:35,949 - INFO - HTTP Request: POST https://toollearning.cn/v1/chat/completions "HTTP/1.1 401 Unauthorized"
2026-03-17 20:15:35,950 - ERROR - API调用错误: Error code: 401 - {'error': {'code': '', 'message': '[sk-47c***98e] 该令牌额度已用尽 !token.UnlimitedQuota && token.RemainQuota = -20154 (request id: 20260317201535965451933zb6CbsvR)', 'type': 'thunlp_api_error'}}
2026-03-17 20:15:35,951 - INFO - 等待3秒后重试...
2026-03-17 20:15:39,092 - INFO - HTTP Request: POST https://toollearning.cn/v1/chat/completions "HTTP/1.1 401 Unauthorized"
2026-03-17 20:15:39,093 - ERROR - API调用错误: Error code: 401 - {'error': {'code': '', 'message': '[sk-47c***98e] 该令牌额度已用尽 !token.UnlimitedQuota && token.RemainQuota = -20154 (request id: 20260317201539158047476FcZEftqO)', 'type': 'thunlp_api_error'}}
2026-03-17 20:15:39,094 - INFO - 等待3秒后重试...
2026-03-17 20:15:42,310 - INFO - HTTP Request: POST https://toollearning.cn/v1/chat/completions "HTTP/1.1 401 Unauthorized"
2026-03-17 20:15:42,311 - ERROR - API调用错误: Error code: 401 - {'error': {'code': '', 'message': '[sk-47c***98e] 该令牌额度已用尽 !token.UnlimitedQuota && token.RemainQuota = -20154 (request id: 20260317201542320846807Hbzdq8H0)', 'type': 'thunlp_api_error'}}
2026-03-17 20:15:42,311 - ERROR - 处理样本 265 失败: Error code: 401 - {'error': {'code': '', 'message': '[sk-47c***98e] 该令牌额度已用尽 !token.UnlimitedQuota && token.RemainQuota = -20154 (request id: 20260317201542320846807Hbzdq8H0)', 'type': 'thunlp_api_error'}}
2026-03-17 20:15:42,311 - INFO - 处理样本 266/393: 266
2026-03-17 20:15:43,756 - INFO - HTTP Request: POST https://toollearning.cn/v1/chat/completions "HTTP/1.1 401 Unauthorized"
2026-03-17 20:15:43,757 - ERROR - API调用错误: Error code: 401 - {'error': {'code': '', 'message': '[sk-47c***98e] 该令牌额度已用尽 !token.UnlimitedQuota && token.RemainQuota = -20154 (request id: 20260317201543656485435nKqM4Bsi)', 'type': 'thunlp_api_error'}}
2026-03-17 20:15:43,757 - INFO - 等待3秒后重试...
2026-03-17 20:15:46,914 - INFO - HTTP Request: POST https://toollearning.cn/v1/chat/completions "HTTP/1.1 401 Unauthorized"
2026-03-17 20:15:46,915 - ERROR - API调用错误: Error code: 401 - {'error': {'code': '', 'message': '[sk-47c***98e] 该令牌额度已用尽 !token.UnlimitedQuota && token.RemainQuota = -20154 (request id: 20260317201546976693967Nx5ByO1H)', 'type': 'thunlp_api_error'}}
2026-03-17 20:15:46,915 - INFO - 等待3秒后重试...
2026-03-17 20:15:50,210 - INFO - HTTP Request: POST https://toollearning.cn/v1/chat/completions "HTTP/1.1 401 Unauthorized"
2026-03-17 20:15:50,211 - ERROR - API调用错误: Error code: 401 - {'error': {'code': '', 'message': '[sk-47c***98e] 该令牌额度已用尽 !token.UnlimitedQuota && token.RemainQuota = -20154 (request id: 20260317201550141833490GqBbypuv)', 'type': 'thunlp_api_error'}}
2026-03-17 20:15:50,212 - ERROR - 处理样本 266 失败: Error code: 401 - {'error': {'code': '', 'message': '[sk-47c***98e] 该令牌额度已用尽 !token.UnlimitedQuota && token.RemainQuota = -20154 (request id: 20260317201550141833490GqBbypuv)', 'type': 'thunlp_api_error'}}
2026-03-17 20:15:50,212 - INFO - 处理样本 267/393: 267
2026-03-17 20:15:51,123 - INFO - HTTP Request: POST https://toollearning.cn/v1/chat/completions "HTTP/1.1 401 Unauthorized"
2026-03-17 20:15:51,125 - ERROR - API调用错误: Error code: 401 - {'error': {'code': '', 'message': '[sk-47c***98e] 该令牌额度已用尽 !token.UnlimitedQuota && token.RemainQuota = -20154 (request id: 20260317201551216520355vNX4RNeP)', 'type': 'thunlp_api_error'}}
2026-03-17 20:15:51,126 - INFO - 等待3秒后重试...
2026-03-17 20:15:54,287 - INFO - HTTP Request: POST https://toollearning.cn/v1/chat/completions "HTTP/1.1 401 Unauthorized"
2026-03-17 20:15:54,288 - ERROR - API调用错误: Error code: 401 - {'error': {'code': '', 'message': '[sk-47c***98e] 该令牌额度已用尽 !token.UnlimitedQuota && token.RemainQuota = -20154 (request id: 20260317201554376597872OZWy5tOJ)', 'type': 'thunlp_api_error'}}
2026-03-17 20:15:54,288 - INFO - 等待3秒后重试...
2026-03-17 20:15:57,461 - INFO - HTTP Request: POST https://toollearning.cn/v1/chat/completions "HTTP/1.1 401 Unauthorized"
2026-03-17 20:15:57,462 - ERROR - API调用错误: Error code: 401 - {'error': {'code': '', 'message': '[sk-47c***98e] 该令牌额度已用尽 !token.UnlimitedQuota && token.RemainQuota = -20154 (request id: 20260317201557531708453fY28Vz0Z)', 'type': 'thunlp_api_error'}}
2026-03-17 20:15:57,462 - ERROR - 处理样本 267 失败: Error code: 401 - {'error': {'code': '', 'message': '[sk-47c***98e] 该令牌额度已用尽 !token.UnlimitedQuota && token.RemainQuota = -20154 (request id: 20260317201557531708453fY28Vz0Z)', 'type': 'thunlp_api_error'}}
2026-03-17 20:15:57,463 - INFO - 处理样本 268/393: 268
2026-03-17 20:15:58,480 - INFO - HTTP Request: POST https://toollearning.cn/v1/chat/completions "HTTP/1.1 401 Unauthorized"
2026-03-17 20:15:58,481 - ERROR - API调用错误: Error code: 401 - {'error': {'code': '', 'message': '[sk-47c***98e] 该令牌额度已用尽 !token.UnlimitedQuota && token.RemainQuota = -20154 (request id: 20260317201558480325433VDKbuHlz)', 'type': 'thunlp_api_error'}}
2026-03-17 20:15:58,482 - INFO - 等待3秒后重试...
2026-03-17 20:16:01,689 - INFO - HTTP Request: POST https://toollearning.cn/v1/chat/completions "HTTP/1.1 401 Unauthorized"
2026-03-17 20:16:01,691 - ERROR - API调用错误: Error code: 401 - {'error': {'code': '', 'message': '[sk-47c***98e] 该令牌额度已用尽 !token.UnlimitedQuota && token.RemainQuota = -20154 (request id: 20260317201601677883803vGAmMXvi)', 'type': 'thunlp_api_error'}}
2026-03-17 20:16:01,691 - INFO - 等待3秒后重试...
2026-03-17 20:16:04,801 - INFO - HTTP Request: POST https://toollearning.cn/v1/chat/completions "HTTP/1.1 401 Unauthorized"
2026-03-17 20:16:04,802 - ERROR - API调用错误: Error code: 401 - {'error': {'code': '', 'message': '[sk-47c***98e] 该令牌额度已用尽 !token.UnlimitedQuota && token.RemainQuota = -20154 (request id: 20260317201604909483756lF1jGwEy)', 'type': 'thunlp_api_error'}}
2026-03-17 20:16:04,802 - ERROR - 处理样本 268 失败: Error code: 401 - {'error': {'code': '', 'message': '[sk-47c***98e] 该令牌额度已用尽 !token.UnlimitedQuota && token.RemainQuota = -20154 (request id: 20260317201604909483756lF1jGwEy)', 'type': 'thunlp_api_error'}}
2026-03-17 20:16:04,803 - INFO - 处理样本 269/393: 269
2026-03-17 20:16:05,655 - INFO - HTTP Request: POST https://toollearning.cn/v1/chat/completions "HTTP/1.1 401 Unauthorized"
2026-03-17 20:16:05,656 - ERROR - API调用错误: Error code: 401 - {'error': {'code': '', 'message': '[sk-47c***98e] 该令牌额度已用尽 !token.UnlimitedQuota && token.RemainQuota = -20154 (request id: 202603172016057820389465e8oF94w)', 'type': 'thunlp_api_error'}}
2026-03-17 20:16:05,656 - INFO - 等待3秒后重试...
2026-03-17 20:16:08,754 - INFO - HTTP Request: POST https://toollearning.cn/v1/chat/completions "HTTP/1.1 401 Unauthorized"
2026-03-17 20:16:08,755 - ERROR - API调用错误: Error code: 401 - {'error': {'code': '', 'message': '[sk-47c***98e] 该令牌额度已用尽 !token.UnlimitedQuota && token.RemainQuota = -20154 (request id: 20260317201608851781399QHuF7kAK)', 'type': 'thunlp_api_error'}}
2026-03-17 20:16:08,755 - INFO - 等待3秒后重试...
2026-03-17 20:16:11,889 - INFO - HTTP Request: POST https://toollearning.cn/v1/chat/completions "HTTP/1.1 401 Unauthorized"
2026-03-17 20:16:11,890 - ERROR - API调用错误: Error code: 401 - {'error': {'code': '', 'message': '[sk-47c***98e] 该令牌额度已用尽 !token.UnlimitedQuota && token.RemainQuota = -20154 (request id: 20260317201611976576696kpr0MQha)', 'type': 'thunlp_api_error'}}
2026-03-17 20:16:11,890 - ERROR - 处理样本 269 失败: Error code: 401 - {'error': {'code': '', 'message': '[sk-47c***98e] 该令牌额度已用尽 !token.UnlimitedQuota && token.RemainQuota = -20154 (request id: 20260317201611976576696kpr0MQha)', 'type': 'thunlp_api_error'}}
2026-03-17 20:16:11,890 - INFO - 处理样本 270/393: 270
2026-03-17 20:16:12,675 - INFO - HTTP Request: POST https://toollearning.cn/v1/chat/completions "HTTP/1.1 401 Unauthorized"
2026-03-17 20:16:12,676 - ERROR - API调用错误: Error code: 401 - {'error': {'code': '', 'message': '[sk-47c***98e] 该令牌额度已用尽 !token.UnlimitedQuota && token.RemainQuota = -20154 (request id: 20260317201612725299047KbFOdNod)', 'type': 'thunlp_api_error'}}
2026-03-17 20:16:12,676 - INFO - 等待3秒后重试...
2026-03-17 20:16:15,896 - INFO - HTTP Request: POST https://toollearning.cn/v1/chat/completions "HTTP/1.1 401 Unauthorized"
2026-03-17 20:16:15,897 - ERROR - API调用错误: Error code: 401 - {'error': {'code': '', 'message': '[sk-47c***98e] 该令牌额度已用尽 !token.UnlimitedQuota && token.RemainQuota = -20154 (request id: 20260317201615978042542GbBiLTeK)', 'type': 'thunlp_api_error'}}
2026-03-17 20:16:15,897 - INFO - 等待3秒后重试...
2026-03-17 20:16:19,205 - INFO - HTTP Request: POST https://toollearning.cn/v1/chat/completions "HTTP/1.1 401 Unauthorized"
2026-03-17 20:16:19,206 - ERROR - API调用错误: Error code: 401 - {'error': {'code': '', 'message': '[sk-47c***98e] 该令牌额度已用尽 !token.UnlimitedQuota && token.RemainQuota = -20154 (request id: 20260317201619103410113Foe3RRED)', 'type': 'thunlp_api_error'}}
2026-03-17 20:16:19,207 - ERROR - 处理样本 270 失败: Error code: 401 - {'error': {'code': '', 'message': '[sk-47c***98e] 该令牌额度已用尽 !token.UnlimitedQuota && token.RemainQuota = -20154 (request id: 20260317201619103410113Foe3RRED)', 'type': 'thunlp_api_error'}}
2026-03-17 20:16:19,207 - INFO - 处理样本 271/393: 271
2026-03-17 20:16:20,194 - INFO - HTTP Request: POST https://toollearning.cn/v1/chat/completions "HTTP/1.1 401 Unauthorized"
2026-03-17 20:16:20,195 - ERROR - API调用错误: Error code: 401 - {'error': {'code': '', 'message': '[sk-47c***98e] 该令牌额度已用尽 !token.UnlimitedQuota && token.RemainQuota = -20154 (request id: 20260317201620225247054TKooccoF)', 'type': 'thunlp_api_error'}}
2026-03-17 20:16:20,195 - INFO - 等待3秒后重试...
2026-03-17 20:16:23,404 - INFO - HTTP Request: POST https://toollearning.cn/v1/chat/completions "HTTP/1.1 401 Unauthorized"
2026-03-17 20:16:23,404 - ERROR - API调用错误: Error code: 401 - {'error': {'code': '', 'message': '[sk-47c***98e] 该令牌额度已用尽 !token.UnlimitedQuota && token.RemainQuota = -20154 (request id: 20260317201623405057798uaLVNq2j)', 'type': 'thunlp_api_error'}}
2026-03-17 20:16:23,405 - INFO - 等待3秒后重试...
2026-03-17 20:16:26,656 - INFO - HTTP Request: POST https://toollearning.cn/v1/chat/completions "HTTP/1.1 401 Unauthorized"
2026-03-17 20:16:26,657 - ERROR - API调用错误: Error code: 401 - {'error': {'code': '', 'message': '[sk-47c***98e] 该令牌额度已用尽 !token.UnlimitedQuota && token.RemainQuota = -20154 (request id: 20260317201626614973596pOwVcmFC)', 'type': 'thunlp_api_error'}}
2026-03-17 20:16:26,657 - ERROR - 处理样本 271 失败: Error code: 401 - {'error': {'code': '', 'message': '[sk-47c***98e] 该令牌额度已用尽 !token.UnlimitedQuota && token.RemainQuota = -20154 (request id: 20260317201626614973596pOwVcmFC)', 'type': 'thunlp_api_error'}}
2026-03-17 20:16:26,657 - INFO - 处理样本 272/393: 272
2026-03-17 20:16:27,350 - INFO - HTTP Request: POST https://toollearning.cn/v1/chat/completions "HTTP/1.1 401 Unauthorized"
2026-03-17 20:16:27,351 - ERROR - API调用错误: Error code: 401 - {'error': {'code': '', 'message': '[sk-47c***98e] 该令牌额度已用尽 !token.UnlimitedQuota && token.RemainQuota = -20154 (request id: 20260317201627448727810n63bo9FD)', 'type': 'thunlp_api_error'}}
2026-03-17 20:16:27,351 - INFO - 等待3秒后重试...
2026-03-17 20:16:30,537 - INFO - HTTP Request: POST https://toollearning.cn/v1/chat/completions "HTTP/1.1 401 Unauthorized"
2026-03-17 20:16:30,538 - ERROR - API调用错误: Error code: 401 - {'error': {'code': '', 'message': '[sk-47c***98e] 该令牌额度已用尽 !token.UnlimitedQuota && token.RemainQuota = -20154 (request id: 202603172016305545046216Sgt7bbT)', 'type': 'thunlp_api_error'}}
2026-03-17 20:16:30,538 - INFO - 等待3秒后重试...
2026-03-17 20:16:33,701 - INFO - HTTP Request: POST https://toollearning.cn/v1/chat/completions "HTTP/1.1 401 Unauthorized"
2026-03-17 20:16:33,702 - ERROR - API调用错误: Error code: 401 - {'error': {'code': '', 'message': '[sk-47c***98e] 该令牌额度已用尽 !token.UnlimitedQuota && token.RemainQuota = -20154 (request id: 20260317201633754265710H7533B1s)', 'type': 'thunlp_api_error'}}
2026-03-17 20:16:33,702 - ERROR - 处理样本 272 失败: Error code: 401 - {'error': {'code': '', 'message': '[sk-47c***98e] 该令牌额度已用尽 !token.UnlimitedQuota && token.RemainQuota = -20154 (request id: 20260317201633754265710H7533B1s)', 'type': 'thunlp_api_error'}}
2026-03-17 20:16:33,702 - INFO - 处理样本 273/393: 273
2026-03-17 20:16:34,427 - INFO - HTTP Request: POST https://toollearning.cn/v1/chat/completions "HTTP/1.1 401 Unauthorized"
2026-03-17 20:16:34,428 - ERROR - API调用错误: Error code: 401 - {'error': {'code': '', 'message': '[sk-47c***98e] 该令牌额度已用尽 !token.UnlimitedQuota && token.RemainQuota = -20154 (request id: 20260317201634522586123GtPQd1Be)', 'type': 'thunlp_api_error'}}
2026-03-17 20:16:34,428 - INFO - 等待3秒后重试...
2026-03-17 20:16:37,591 - INFO - HTTP Request: POST https://toollearning.cn/v1/chat/completions "HTTP/1.1 401 Unauthorized"
2026-03-17 20:16:37,592 - ERROR - API调用错误: Error code: 401 - {'error': {'code': '', 'message': '[sk-47c***98e] 该令牌额度已用尽 !token.UnlimitedQuota && token.RemainQuota = -20154 (request id: 20260317201637639774903fK4KtVAw)', 'type': 'thunlp_api_error'}}
2026-03-17 20:16:37,592 - INFO - 等待3秒后重试...
2026-03-17 20:16:40,786 - INFO - HTTP Request: POST https://toollearning.cn/v1/chat/completions "HTTP/1.1 401 Unauthorized"
2026-03-17 20:16:40,786 - ERROR - API调用错误: Error code: 401 - {'error': {'code': '', 'message': '[sk-47c***98e] 该令牌额度已用尽 !token.UnlimitedQuota && token.RemainQuota = -20154 (request id: 202603172016407947399344xZeNNEm)', 'type': 'thunlp_api_error'}}
2026-03-17 20:16:40,787 - ERROR - 处理样本 273 失败: Error code: 401 - {'error': {'code': '', 'message': '[sk-47c***98e] 该令牌额度已用尽 !token.UnlimitedQuota && token.RemainQuota = -20154 (request id: 202603172016407947399344xZeNNEm)', 'type': 'thunlp_api_error'}}
2026-03-17 20:16:40,788 - INFO - 处理样本 274/393: 274
2026-03-17 20:16:41,595 - INFO - HTTP Request: POST https://toollearning.cn/v1/chat/completions "HTTP/1.1 401 Unauthorized"
2026-03-17 20:16:41,596 - ERROR - API调用错误: Error code: 401 - {'error': {'code': '', 'message': '[sk-47c***98e] 该令牌额度已用尽 !token.UnlimitedQuota && token.RemainQuota = -20154 (request id: 20260317201641685831536w0Qt8chy)', 'type': 'thunlp_api_error'}}
2026-03-17 20:16:41,596 - INFO - 等待3秒后重试...
2026-03-17 20:16:44,876 - INFO - HTTP Request: POST https://toollearning.cn/v1/chat/completions "HTTP/1.1 401 Unauthorized"
2026-03-17 20:16:44,877 - ERROR - API调用错误: Error code: 401 - {'error': {'code': '', 'message': '[sk-47c***98e] 该令牌额度已用尽 !token.UnlimitedQuota && token.RemainQuota = -20154 (request id: 2026031720164480371216030XYWoqO)', 'type': 'thunlp_api_error'}}
2026-03-17 20:16:44,877 - INFO - 等待3秒后重试...
2026-03-17 20:16:48,051 - INFO - HTTP Request: POST https://toollearning.cn/v1/chat/completions "HTTP/1.1 401 Unauthorized"
2026-03-17 20:16:48,052 - ERROR - API调用错误: Error code: 401 - {'error': {'code': '', 'message': '[sk-47c***98e] 该令牌额度已用尽 !token.UnlimitedQuota && token.RemainQuota = -20154 (request id: 2026031720164879089267XS3JhlYN)', 'type': 'thunlp_api_error'}}
2026-03-17 20:16:48,052 - ERROR - 处理样本 274 失败: Error code: 401 - {'error': {'code': '', 'message': '[sk-47c***98e] 该令牌额度已用尽 !token.UnlimitedQuota && token.RemainQuota = -20154 (request id: 2026031720164879089267XS3JhlYN)', 'type': 'thunlp_api_error'}}
2026-03-17 20:16:48,053 - INFO - 处理样本 275/393: 275
2026-03-17 20:16:48,998 - INFO - HTTP Request: POST https://toollearning.cn/v1/chat/completions "HTTP/1.1 401 Unauthorized"
2026-03-17 20:16:48,999 - ERROR - API调用错误: Error code: 401 - {'error': {'code': '', 'message': '[sk-47c***98e] 该令牌额度已用尽 !token.UnlimitedQuota && token.RemainQuota = -20154 (request id: 20260317201649107413936tgMAdQvW)', 'type': 'thunlp_api_error'}}
2026-03-17 20:16:48,999 - INFO - 等待3秒后重试...
2026-03-17 20:16:52,093 - INFO - HTTP Request: POST https://toollearning.cn/v1/chat/completions "HTTP/1.1 401 Unauthorized"
2026-03-17 20:16:52,094 - ERROR - API调用错误: Error code: 401 - {'error': {'code': '', 'message': '[sk-47c***98e] 该令牌额度已用尽 !token.UnlimitedQuota && token.RemainQuota = -20154 (request id: 20260317201652212792502UuR34TG7)', 'type': 'thunlp_api_error'}}
2026-03-17 20:16:52,094 - INFO - 等待3秒后重试...
2026-03-17 20:16:55,189 - INFO - HTTP Request: POST https://toollearning.cn/v1/chat/completions "HTTP/1.1 401 Unauthorized"
2026-03-17 20:16:55,191 - ERROR - API调用错误: Error code: 401 - {'error': {'code': '', 'message': '[sk-47c***98e] 该令牌额度已用尽 !token.UnlimitedQuota && token.RemainQuota = -20154 (request id: 20260317201655317624131vAeBH1PI)', 'type': 'thunlp_api_error'}}
2026-03-17 20:16:55,194 - ERROR - 处理样本 275 失败: Error code: 401 - {'error': {'code': '', 'message': '[sk-47c***98e] 该令牌额度已用尽 !token.UnlimitedQuota && token.RemainQuota = -20154 (request id: 20260317201655317624131vAeBH1PI)', 'type': 'thunlp_api_error'}}
2026-03-17 20:16:55,195 - INFO - 处理样本 276/393: 276
2026-03-17 20:16:56,074 - INFO - HTTP Request: POST https://toollearning.cn/v1/chat/completions "HTTP/1.1 401 Unauthorized"
2026-03-17 20:16:56,075 - ERROR - API调用错误: Error code: 401 - {'error': {'code': '', 'message': '[sk-47c***98e] 该令牌额度已用尽 !token.UnlimitedQuota && token.RemainQuota = -20154 (request id: 20260317201656137556606v02WThbS)', 'type': 'thunlp_api_error'}}
2026-03-17 20:16:56,076 - INFO - 等待3秒后重试...
2026-03-17 20:16:59,311 - INFO - HTTP Request: POST https://toollearning.cn/v1/chat/completions "HTTP/1.1 401 Unauthorized"
2026-03-17 20:16:59,312 - ERROR - API调用错误: Error code: 401 - {'error': {'code': '', 'message': '[sk-47c***98e] 该令牌额度已用尽 !token.UnlimitedQuota && token.RemainQuota = -20154 (request id: 20260317201659277537366cpVx9i4q)', 'type': 'thunlp_api_error'}}
2026-03-17 20:16:59,312 - INFO - 等待3秒后重试...
2026-03-17 20:17:02,494 - INFO - HTTP Request: POST https://toollearning.cn/v1/chat/completions "HTTP/1.1 401 Unauthorized"
2026-03-17 20:17:02,496 - ERROR - API调用错误: Error code: 401 - {'error': {'code': '', 'message': '[sk-47c***98e] 该令牌额度已用尽 !token.UnlimitedQuota && token.RemainQuota = -20154 (request id: 20260317201702542548760dikcMzLQ)', 'type': 'thunlp_api_error'}}
2026-03-17 20:17:02,496 - ERROR - 处理样本 276 失败: Error code: 401 - {'error': {'code': '', 'message': '[sk-47c***98e] 该令牌额度已用尽 !token.UnlimitedQuota && token.RemainQuota = -20154 (request id: 20260317201702542548760dikcMzLQ)', 'type': 'thunlp_api_error'}}
2026-03-17 20:17:02,496 - INFO - 处理样本 277/393: 277
2026-03-17 20:17:03,408 - INFO - HTTP Request: POST https://toollearning.cn/v1/chat/completions "HTTP/1.1 401 Unauthorized"
2026-03-17 20:17:03,409 - ERROR - API调用错误: Error code: 401 - {'error': {'code': '', 'message': '[sk-47c***98e] 该令牌额度已用尽 !token.UnlimitedQuota && token.RemainQuota = -20154 (request id: 202603172017035153937238v7hsSbu)', 'type': 'thunlp_api_error'}}
2026-03-17 20:17:03,410 - INFO - 等待3秒后重试...
2026-03-17 20:17:06,576 - INFO - HTTP Request: POST https://toollearning.cn/v1/chat/completions "HTTP/1.1 401 Unauthorized"
2026-03-17 20:17:06,578 - ERROR - API调用错误: Error code: 401 - {'error': {'code': '', 'message': '[sk-47c***98e] 该令牌额度已用尽 !token.UnlimitedQuota && token.RemainQuota = -20154 (request id: 20260317201706616103032sOHeyrs7)', 'type': 'thunlp_api_error'}}
2026-03-17 20:17:06,578 - INFO - 等待3秒后重试...
2026-03-17 20:17:09,760 - INFO - HTTP Request: POST https://toollearning.cn/v1/chat/completions "HTTP/1.1 401 Unauthorized"
2026-03-17 20:17:09,761 - ERROR - API调用错误: Error code: 401 - {'error': {'code': '', 'message': '[sk-47c***98e] 该令牌额度已用尽 !token.UnlimitedQuota && token.RemainQuota = -20154 (request id: 20260317201709805327963hYQEWqHR)', 'type': 'thunlp_api_error'}}
2026-03-17 20:17:09,761 - ERROR - 处理样本 277 失败: Error code: 401 - {'error': {'code': '', 'message': '[sk-47c***98e] 该令牌额度已用尽 !token.UnlimitedQuota && token.RemainQuota = -20154 (request id: 20260317201709805327963hYQEWqHR)', 'type': 'thunlp_api_error'}}
2026-03-17 20:17:09,761 - INFO - 处理样本 278/393: 278
2026-03-17 20:17:10,718 - INFO - HTTP Request: POST https://toollearning.cn/v1/chat/completions "HTTP/1.1 401 Unauthorized"
2026-03-17 20:17:10,720 - ERROR - API调用错误: Error code: 401 - {'error': {'code': '', 'message': '[sk-47c***98e] 该令牌额度已用尽 !token.UnlimitedQuota && token.RemainQuota = -20154 (request id: 20260317201710702645484av7EKYla)', 'type': 'thunlp_api_error'}}
2026-03-17 20:17:10,720 - INFO - 等待3秒后重试...
2026-03-17 20:17:13,852 - INFO - HTTP Request: POST https://toollearning.cn/v1/chat/completions "HTTP/1.1 401 Unauthorized"
2026-03-17 20:17:13,853 - ERROR - API调用错误: Error code: 401 - {'error': {'code': '', 'message': '[sk-47c***98e] 该令牌额度已用尽 !token.UnlimitedQuota && token.RemainQuota = -20154 (request id: 20260317201713937691380mNv0BfPf)', 'type': 'thunlp_api_error'}}
2026-03-17 20:17:13,853 - INFO - 等待3秒后重试...
2026-03-17 20:17:16,962 - INFO - HTTP Request: POST https://toollearning.cn/v1/chat/completions "HTTP/1.1 401 Unauthorized"
2026-03-17 20:17:16,963 - ERROR - API调用错误: Error code: 401 - {'error': {'code': '', 'message': '[sk-47c***98e] 该令牌额度已用尽 !token.UnlimitedQuota && token.RemainQuota = -20154 (request id: 2026031720171782822614RFHauSXU)', 'type': 'thunlp_api_error'}}
2026-03-17 20:17:16,964 - ERROR - 处理样本 278 失败: Error code: 401 - {'error': {'code': '', 'message': '[sk-47c***98e] 该令牌额度已用尽 !token.UnlimitedQuota && token.RemainQuota = -20154 (request id: 2026031720171782822614RFHauSXU)', 'type': 'thunlp_api_error'}}
2026-03-17 20:17:16,964 - INFO - 处理样本 279/393: 279
2026-03-17 20:17:18,556 - INFO - HTTP Request: POST https://toollearning.cn/v1/chat/completions "HTTP/1.1 401 Unauthorized"
2026-03-17 20:17:18,557 - ERROR - API调用错误: Error code: 401 - {'error': {'code': '', 'message': '[sk-47c***98e] 该令牌额度已用尽 !token.UnlimitedQuota && token.RemainQuota = -20154 (request id: 20260317201718544727203yva3EsaI)', 'type': 'thunlp_api_error'}}
2026-03-17 20:17:18,557 - INFO - 等待3秒后重试...
2026-03-17 20:17:21,728 - INFO - HTTP Request: POST https://toollearning.cn/v1/chat/completions "HTTP/1.1 401 Unauthorized"
2026-03-17 20:17:21,729 - ERROR - API调用错误: Error code: 401 - {'error': {'code': '', 'message': '[sk-47c***98e] 该令牌额度已用尽 !token.UnlimitedQuota && token.RemainQuota = -20154 (request id: 202603172017217603610566aCiszlZ)', 'type': 'thunlp_api_error'}}
2026-03-17 20:17:21,729 - INFO - 等待3秒后重试...
2026-03-17 20:17:24,842 - INFO - HTTP Request: POST https://toollearning.cn/v1/chat/completions "HTTP/1.1 401 Unauthorized"
2026-03-17 20:17:24,843 - ERROR - API调用错误: Error code: 401 - {'error': {'code': '', 'message': '[sk-47c***98e] 该令牌额度已用尽 !token.UnlimitedQuota && token.RemainQuota = -20154 (request id: 20260317201724930209901zvt7bTmm)', 'type': 'thunlp_api_error'}}
2026-03-17 20:17:24,843 - ERROR - 处理样本 279 失败: Error code: 401 - {'error': {'code': '', 'message': '[sk-47c***98e] 该令牌额度已用尽 !token.UnlimitedQuota && token.RemainQuota = -20154 (request id: 20260317201724930209901zvt7bTmm)', 'type': 'thunlp_api_error'}}
2026-03-17 20:17:24,843 - INFO - 处理样本 280/393: 280
2026-03-17 20:17:25,709 - INFO - HTTP Request: POST https://toollearning.cn/v1/chat/completions "HTTP/1.1 401 Unauthorized"
2026-03-17 20:17:25,710 - ERROR - API调用错误: Error code: 401 - {'error': {'code': '', 'message': '[sk-47c***98e] 该令牌额度已用尽 !token.UnlimitedQuota && token.RemainQuota = -20154 (request id: 20260317201725826832164jm39F6ea)', 'type': 'thunlp_api_error'}}
2026-03-17 20:17:25,710 - INFO - 等待3秒后重试...
2026-03-17 20:17:28,932 - INFO - HTTP Request: POST https://toollearning.cn/v1/chat/completions "HTTP/1.1 401 Unauthorized"
2026-03-17 20:17:28,934 - ERROR - API调用错误: Error code: 401 - {'error': {'code': '', 'message': '[sk-47c***98e] 该令牌额度已用尽 !token.UnlimitedQuota && token.RemainQuota = -20154 (request id: 20260317201728922224798OBbCUzeU)', 'type': 'thunlp_api_error'}}
2026-03-17 20:17:28,934 - INFO - 等待3秒后重试...
2026-03-17 20:17:32,023 - INFO - HTTP Request: POST https://toollearning.cn/v1/chat/completions "HTTP/1.1 401 Unauthorized"
2026-03-17 20:17:32,024 - ERROR - API调用错误: Error code: 401 - {'error': {'code': '', 'message': '[sk-47c***98e] 该令牌额度已用尽 !token.UnlimitedQuota && token.RemainQuota = -20154 (request id: 20260317201732142074251n0AC3m9M)', 'type': 'thunlp_api_error'}}
2026-03-17 20:17:32,024 - ERROR - 处理样本 280 失败: Error code: 401 - {'error': {'code': '', 'message': '[sk-47c***98e] 该令牌额度已用尽 !token.UnlimitedQuota && token.RemainQuota = -20154 (request id: 20260317201732142074251n0AC3m9M)', 'type': 'thunlp_api_error'}}
2026-03-17 20:17:32,024 - INFO - 处理样本 281/393: 281
2026-03-17 20:17:32,795 - INFO - HTTP Request: POST https://toollearning.cn/v1/chat/completions "HTTP/1.1 401 Unauthorized"
2026-03-17 20:17:32,796 - ERROR - API调用错误: Error code: 401 - {'error': {'code': '', 'message': '[sk-47c***98e] 该令牌额度已用尽 !token.UnlimitedQuota && token.RemainQuota = -20154 (request id: 20260317201732883147549L3FxV0dF)', 'type': 'thunlp_api_error'}}
2026-03-17 20:17:32,796 - INFO - 等待3秒后重试...
2026-03-17 20:17:35,898 - INFO - HTTP Request: POST https://toollearning.cn/v1/chat/completions "HTTP/1.1 401 Unauthorized"
2026-03-17 20:17:35,899 - ERROR - API调用错误: Error code: 401 - {'error': {'code': '', 'message': '[sk-47c***98e] 该令牌额度已用尽 !token.UnlimitedQuota && token.RemainQuota = -20154 (request id: 2026031720173630505647xeso2AU)', 'type': 'thunlp_api_error'}}
2026-03-17 20:17:35,900 - INFO - 等待3秒后重试...
2026-03-17 20:17:39,048 - INFO - HTTP Request: POST https://toollearning.cn/v1/chat/completions "HTTP/1.1 401 Unauthorized"
2026-03-17 20:17:39,049 - ERROR - API调用错误: Error code: 401 - {'error': {'code': '', 'message': '[sk-47c***98e] 该令牌额度已用尽 !token.UnlimitedQuota && token.RemainQuota = -20154 (request id: 20260317201739116223060ZG0A4qjN)', 'type': 'thunlp_api_error'}}
2026-03-17 20:17:39,049 - ERROR - 处理样本 281 失败: Error code: 401 - {'error': {'code': '', 'message': '[sk-47c***98e] 该令牌额度已用尽 !token.UnlimitedQuota && token.RemainQuota = -20154 (request id: 20260317201739116223060ZG0A4qjN)', 'type': 'thunlp_api_error'}}
2026-03-17 20:17:39,049 - INFO - 处理样本 282/393: 282
2026-03-17 20:17:40,377 - INFO - HTTP Request: POST https://toollearning.cn/v1/chat/completions "HTTP/1.1 401 Unauthorized"
2026-03-17 20:17:40,378 - ERROR - API调用错误: Error code: 401 - {'error': {'code': '', 'message': '[sk-47c***98e] 该令牌额度已用尽 !token.UnlimitedQuota && token.RemainQuota = -20154 (request id: 20260317201740272124836hQsFjwtO)', 'type': 'thunlp_api_error'}}
2026-03-17 20:17:40,379 - INFO - 等待3秒后重试...
2026-03-17 20:17:43,539 - INFO - HTTP Request: POST https://toollearning.cn/v1/chat/completions "HTTP/1.1 401 Unauthorized"
2026-03-17 20:17:43,539 - ERROR - API调用错误: Error code: 401 - {'error': {'code': '', 'message': '[sk-47c***98e] 该令牌额度已用尽 !token.UnlimitedQuota && token.RemainQuota = -20154 (request id: 20260317201743592538825S2ph8WZs)', 'type': 'thunlp_api_error'}}
2026-03-17 20:17:43,540 - INFO - 等待3秒后重试...
2026-03-17 20:17:46,710 - INFO - HTTP Request: POST https://toollearning.cn/v1/chat/completions "HTTP/1.1 401 Unauthorized"
2026-03-17 20:17:46,711 - ERROR - API调用错误: Error code: 401 - {'error': {'code': '', 'message': '[sk-47c***98e] 该令牌额度已用尽 !token.UnlimitedQuota && token.RemainQuota = -20154 (request id: 20260317201746757389371x1MLIIOl)', 'type': 'thunlp_api_error'}}
2026-03-17 20:17:46,711 - ERROR - 处理样本 282 失败: Error code: 401 - {'error': {'code': '', 'message': '[sk-47c***98e] 该令牌额度已用尽 !token.UnlimitedQuota && token.RemainQuota = -20154 (request id: 20260317201746757389371x1MLIIOl)', 'type': 'thunlp_api_error'}}
2026-03-17 20:17:46,712 - INFO - 处理样本 283/393: 283
2026-03-17 20:17:47,432 - INFO - HTTP Request: POST https://toollearning.cn/v1/chat/completions "HTTP/1.1 401 Unauthorized"
2026-03-17 20:17:47,433 - ERROR - API调用错误: Error code: 401 - {'error': {'code': '', 'message': '[sk-47c***98e] 该令牌额度已用尽 !token.UnlimitedQuota && token.RemainQuota = -20154 (request id: 20260317201747535647685a2kJLzqq)', 'type': 'thunlp_api_error'}}
2026-03-17 20:17:47,433 - INFO - 等待3秒后重试...
2026-03-17 20:17:50,606 - INFO - HTTP Request: POST https://toollearning.cn/v1/chat/completions "HTTP/1.1 401 Unauthorized"
2026-03-17 20:17:50,606 - ERROR - API调用错误: Error code: 401 - {'error': {'code': '', 'message': '[sk-47c***98e] 该令牌额度已用尽 !token.UnlimitedQuota && token.RemainQuota = -20154 (request id: 20260317201750638563500tmOmCEou)', 'type': 'thunlp_api_error'}}
2026-03-17 20:17:50,607 - INFO - 等待3秒后重试...
2026-03-17 20:17:53,788 - INFO - HTTP Request: POST https://toollearning.cn/v1/chat/completions "HTTP/1.1 401 Unauthorized"
2026-03-17 20:17:53,789 - ERROR - API调用错误: Error code: 401 - {'error': {'code': '', 'message': '[sk-47c***98e] 该令牌额度已用尽 !token.UnlimitedQuota && token.RemainQuota = -20154 (request id: 20260317201753810721417q1lAsgNu)', 'type': 'thunlp_api_error'}}
2026-03-17 20:17:53,789 - ERROR - 处理样本 283 失败: Error code: 401 - {'error': {'code': '', 'message': '[sk-47c***98e] 该令牌额度已用尽 !token.UnlimitedQuota && token.RemainQuota = -20154 (request id: 20260317201753810721417q1lAsgNu)', 'type': 'thunlp_api_error'}}
2026-03-17 20:17:53,789 - INFO - 处理样本 284/393: 284
2026-03-17 20:17:54,714 - INFO - HTTP Request: POST https://toollearning.cn/v1/chat/completions "HTTP/1.1 401 Unauthorized"
2026-03-17 20:17:54,714 - ERROR - API调用错误: Error code: 401 - {'error': {'code': '', 'message': '[sk-47c***98e] 该令牌额度已用尽 !token.UnlimitedQuota && token.RemainQuota = -20154 (request id: 20260317201754796653529Oy0PglJP)', 'type': 'thunlp_api_error'}}
2026-03-17 20:17:54,715 - INFO - 等待3秒后重试...
2026-03-17 20:17:57,887 - INFO - HTTP Request: POST https://toollearning.cn/v1/chat/completions "HTTP/1.1 401 Unauthorized"
2026-03-17 20:17:57,888 - ERROR - API调用错误: Error code: 401 - {'error': {'code': '', 'message': '[sk-47c***98e] 该令牌额度已用尽 !token.UnlimitedQuota && token.RemainQuota = -20154 (request id: 20260317201757922017723CvQ0rLdZ)', 'type': 'thunlp_api_error'}}
2026-03-17 20:17:57,888 - INFO - 等待3秒后重试...
2026-03-17 20:18:01,066 - INFO - HTTP Request: POST https://toollearning.cn/v1/chat/completions "HTTP/1.1 401 Unauthorized"
2026-03-17 20:18:01,066 - ERROR - API调用错误: Error code: 401 - {'error': {'code': '', 'message': '[sk-47c***98e] 该令牌额度已用尽 !token.UnlimitedQuota && token.RemainQuota = -20154 (request id: 202603172018011020773769gVttZ2l)', 'type': 'thunlp_api_error'}}
2026-03-17 20:18:01,067 - ERROR - 处理样本 284 失败: Error code: 401 - {'error': {'code': '', 'message': '[sk-47c***98e] 该令牌额度已用尽 !token.UnlimitedQuota && token.RemainQuota = -20154 (request id: 202603172018011020773769gVttZ2l)', 'type': 'thunlp_api_error'}}
2026-03-17 20:18:01,067 - INFO - 处理样本 285/393: 285
2026-03-17 20:18:01,979 - INFO - HTTP Request: POST https://toollearning.cn/v1/chat/completions "HTTP/1.1 401 Unauthorized"
2026-03-17 20:18:01,980 - ERROR - API调用错误: Error code: 401 - {'error': {'code': '', 'message': '[sk-47c***98e] 该令牌额度已用尽 !token.UnlimitedQuota && token.RemainQuota = -20154 (request id: 2026031720180273099288ujez7DXz)', 'type': 'thunlp_api_error'}}
2026-03-17 20:18:01,980 - INFO - 等待3秒后重试...
2026-03-17 20:18:05,162 - INFO - HTTP Request: POST https://toollearning.cn/v1/chat/completions "HTTP/1.1 401 Unauthorized"
2026-03-17 20:18:05,163 - ERROR - API调用错误: Error code: 401 - {'error': {'code': '', 'message': '[sk-47c***98e] 该令牌额度已用尽 !token.UnlimitedQuota && token.RemainQuota = -20154 (request id: 20260317201805193142001kxstGScm)', 'type': 'thunlp_api_error'}}
2026-03-17 20:18:05,163 - INFO - 等待3秒后重试...
2026-03-17 20:18:08,268 - INFO - HTTP Request: POST https://toollearning.cn/v1/chat/completions "HTTP/1.1 401 Unauthorized"
2026-03-17 20:18:08,269 - ERROR - API调用错误: Error code: 401 - {'error': {'code': '', 'message': '[sk-47c***98e] 该令牌额度已用尽 !token.UnlimitedQuota && token.RemainQuota = -20154 (request id: 20260317201808372952182QS9bjWO9)', 'type': 'thunlp_api_error'}}
2026-03-17 20:18:08,269 - ERROR - 处理样本 285 失败: Error code: 401 - {'error': {'code': '', 'message': '[sk-47c***98e] 该令牌额度已用尽 !token.UnlimitedQuota && token.RemainQuota = -20154 (request id: 20260317201808372952182QS9bjWO9)', 'type': 'thunlp_api_error'}}
2026-03-17 20:18:08,269 - INFO - 处理样本 286/393: 286
2026-03-17 20:18:09,086 - INFO - HTTP Request: POST https://toollearning.cn/v1/chat/completions "HTTP/1.1 401 Unauthorized"
2026-03-17 20:18:09,087 - ERROR - API调用错误: Error code: 401 - {'error': {'code': '', 'message': '[sk-47c***98e] 该令牌额度已用尽 !token.UnlimitedQuota && token.RemainQuota = -20154 (request id: 20260317201809165509402KqQIcXfv)', 'type': 'thunlp_api_error'}}
2026-03-17 20:18:09,087 - INFO - 等待3秒后重试...
2026-03-17 20:18:12,309 - INFO - HTTP Request: POST https://toollearning.cn/v1/chat/completions "HTTP/1.1 401 Unauthorized"
2026-03-17 20:18:12,310 - ERROR - API调用错误: Error code: 401 - {'error': {'code': '', 'message': '[sk-47c***98e] 该令牌额度已用尽 !token.UnlimitedQuota && token.RemainQuota = -20154 (request id: 20260317201812287996849MWBqDKNI)', 'type': 'thunlp_api_error'}}
2026-03-17 20:18:12,310 - INFO - 等待3秒后重试...
2026-03-17 20:18:15,423 - INFO - HTTP Request: POST https://toollearning.cn/v1/chat/completions "HTTP/1.1 401 Unauthorized"
2026-03-17 20:18:15,423 - ERROR - API调用错误: Error code: 401 - {'error': {'code': '', 'message': '[sk-47c***98e] 该令牌额度已用尽 !token.UnlimitedQuota && token.RemainQuota = -20154 (request id: 202603172018155158047974nAmfT4i)', 'type': 'thunlp_api_error'}}
2026-03-17 20:18:15,424 - ERROR - 处理样本 286 失败: Error code: 401 - {'error': {'code': '', 'message': '[sk-47c***98e] 该令牌额度已用尽 !token.UnlimitedQuota && token.RemainQuota = -20154 (request id: 202603172018155158047974nAmfT4i)', 'type': 'thunlp_api_error'}}
2026-03-17 20:18:15,424 - INFO - 处理样本 287/393: 287
2026-03-17 20:18:16,252 - INFO - HTTP Request: POST https://toollearning.cn/v1/chat/completions "HTTP/1.1 401 Unauthorized"
2026-03-17 20:18:16,253 - ERROR - API调用错误: Error code: 401 - {'error': {'code': '', 'message': '[sk-47c***98e] 该令牌额度已用尽 !token.UnlimitedQuota && token.RemainQuota = -20154 (request id: 202603172018163120240511Ptg1zG0)', 'type': 'thunlp_api_error'}}
2026-03-17 20:18:16,253 - INFO - 等待3秒后重试...
2026-03-17 20:18:19,373 - INFO - HTTP Request: POST https://toollearning.cn/v1/chat/completions "HTTP/1.1 401 Unauthorized"
2026-03-17 20:18:19,374 - ERROR - API调用错误: Error code: 401 - {'error': {'code': '', 'message': '[sk-47c***98e] 该令牌额度已用尽 !token.UnlimitedQuota && token.RemainQuota = -20154 (request id: 20260317201819461664539XSz928xQ)', 'type': 'thunlp_api_error'}}
2026-03-17 20:18:19,374 - INFO - 等待3秒后重试...
2026-03-17 20:18:22,565 - INFO - HTTP Request: POST https://toollearning.cn/v1/chat/completions "HTTP/1.1 401 Unauthorized"
2026-03-17 20:18:22,566 - ERROR - API调用错误: Error code: 401 - {'error': {'code': '', 'message': '[sk-47c***98e] 该令牌额度已用尽 !token.UnlimitedQuota && token.RemainQuota = -20154 (request id: 20260317201822611472520mVTYC6gE)', 'type': 'thunlp_api_error'}}
2026-03-17 20:18:22,567 - ERROR - 处理样本 287 失败: Error code: 401 - {'error': {'code': '', 'message': '[sk-47c***98e] 该令牌额度已用尽 !token.UnlimitedQuota && token.RemainQuota = -20154 (request id: 20260317201822611472520mVTYC6gE)', 'type': 'thunlp_api_error'}}
2026-03-17 20:18:22,567 - INFO - 处理样本 288/393: 288
2026-03-17 20:18:23,385 - INFO - HTTP Request: POST https://toollearning.cn/v1/chat/completions "HTTP/1.1 401 Unauthorized"
2026-03-17 20:18:23,386 - ERROR - API调用错误: Error code: 401 - {'error': {'code': '', 'message': '[sk-47c***98e] 该令牌额度已用尽 !token.UnlimitedQuota && token.RemainQuota = -20154 (request id: 202603172018234167120937opaYm57)', 'type': 'thunlp_api_error'}}
2026-03-17 20:18:23,387 - INFO - 等待3秒后重试...
2026-03-17 20:18:26,633 - INFO - HTTP Request: POST https://toollearning.cn/v1/chat/completions "HTTP/1.1 401 Unauthorized"
2026-03-17 20:18:26,634 - ERROR - API调用错误: Error code: 401 - {'error': {'code': '', 'message': '[sk-47c***98e] 该令牌额度已用尽 !token.UnlimitedQuota && token.RemainQuota = -20154 (request id: 20260317201826591827325SaVaYfqX)', 'type': 'thunlp_api_error'}}
2026-03-17 20:18:26,634 - INFO - 等待3秒后重试...
2026-03-17 20:18:29,840 - INFO - HTTP Request: POST https://toollearning.cn/v1/chat/completions "HTTP/1.1 401 Unauthorized"
2026-03-17 20:18:29,841 - ERROR - API调用错误: Error code: 401 - {'error': {'code': '', 'message': '[sk-47c***98e] 该令牌额度已用尽 !token.UnlimitedQuota && token.RemainQuota = -20154 (request id: 20260317201829844505039DlYhTFkm)', 'type': 'thunlp_api_error'}}
2026-03-17 20:18:29,842 - ERROR - 处理样本 288 失败: Error code: 401 - {'error': {'code': '', 'message': '[sk-47c***98e] 该令牌额度已用尽 !token.UnlimitedQuota && token.RemainQuota = -20154 (request id: 20260317201829844505039DlYhTFkm)', 'type': 'thunlp_api_error'}}
2026-03-17 20:18:29,842 - INFO - 处理样本 289/393: 289
2026-03-17 20:18:31,428 - INFO - HTTP Request: POST https://toollearning.cn/v1/chat/completions "HTTP/1.1 401 Unauthorized"
2026-03-17 20:18:31,429 - ERROR - API调用错误: Error code: 401 - {'error': {'code': '', 'message': '[sk-47c***98e] 该令牌额度已用尽 !token.UnlimitedQuota && token.RemainQuota = -20154 (request id: 20260317201831539426741SCVUPQTV)', 'type': 'thunlp_api_error'}}
2026-03-17 20:18:31,429 - INFO - 等待3秒后重试...
2026-03-17 20:18:34,525 - INFO - HTTP Request: POST https://toollearning.cn/v1/chat/completions "HTTP/1.1 401 Unauthorized"
2026-03-17 20:18:34,526 - ERROR - API调用错误: Error code: 401 - {'error': {'code': '', 'message': '[sk-47c***98e] 该令牌额度已用尽 !token.UnlimitedQuota && token.RemainQuota = -20154 (request id: 20260317201834629893643nzaNKQgh)', 'type': 'thunlp_api_error'}}
2026-03-17 20:18:34,527 - INFO - 等待3秒后重试...
2026-03-17 20:18:37,729 - INFO - HTTP Request: POST https://toollearning.cn/v1/chat/completions "HTTP/1.1 401 Unauthorized"
2026-03-17 20:18:37,729 - ERROR - API调用错误: Error code: 401 - {'error': {'code': '', 'message': '[sk-47c***98e] 该令牌额度已用尽 !token.UnlimitedQuota && token.RemainQuota = -20154 (request id: 20260317201837740163308eN9oAytr)', 'type': 'thunlp_api_error'}}
2026-03-17 20:18:37,730 - ERROR - 处理样本 289 失败: Error code: 401 - {'error': {'code': '', 'message': '[sk-47c***98e] 该令牌额度已用尽 !token.UnlimitedQuota && token.RemainQuota = -20154 (request id: 20260317201837740163308eN9oAytr)', 'type': 'thunlp_api_error'}}
2026-03-17 20:18:37,730 - INFO - 处理样本 290/393: 290
2026-03-17 20:18:39,078 - INFO - HTTP Request: POST https://toollearning.cn/v1/chat/completions "HTTP/1.1 401 Unauthorized"
2026-03-17 20:18:39,079 - ERROR - API调用错误: Error code: 401 - {'error': {'code': '', 'message': '[sk-47c***98e] 该令牌额度已用尽 !token.UnlimitedQuota && token.RemainQuota = -20154 (request id: 20260317201839159944343IaQkpHyY)', 'type': 'thunlp_api_error'}}
2026-03-17 20:18:39,079 - INFO - 等待3秒后重试...
2026-03-17 20:18:42,224 - INFO - HTTP Request: POST https://toollearning.cn/v1/chat/completions "HTTP/1.1 401 Unauthorized"
2026-03-17 20:18:42,225 - ERROR - API调用错误: Error code: 401 - {'error': {'code': '', 'message': '[sk-47c***98e] 该令牌额度已用尽 !token.UnlimitedQuota && token.RemainQuota = -20154 (request id: 20260317201842319614857fpGRVEKF)', 'type': 'thunlp_api_error'}}
2026-03-17 20:18:42,225 - INFO - 等待3秒后重试...
2026-03-17 20:18:45,429 - INFO - HTTP Request: POST https://toollearning.cn/v1/chat/completions "HTTP/1.1 401 Unauthorized"
2026-03-17 20:18:45,430 - ERROR - API调用错误: Error code: 401 - {'error': {'code': '', 'message': '[sk-47c***98e] 该令牌额度已用尽 !token.UnlimitedQuota && token.RemainQuota = -20154 (request id: 20260317201845487433810RpPHp3wa)', 'type': 'thunlp_api_error'}}
2026-03-17 20:18:45,431 - ERROR - 处理样本 290 失败: Error code: 401 - {'error': {'code': '', 'message': '[sk-47c***98e] 该令牌额度已用尽 !token.UnlimitedQuota && token.RemainQuota = -20154 (request id: 20260317201845487433810RpPHp3wa)', 'type': 'thunlp_api_error'}}
2026-03-17 20:18:45,431 - INFO - 处理样本 291/393: 291
2026-03-17 20:18:46,618 - INFO - HTTP Request: POST https://toollearning.cn/v1/chat/completions "HTTP/1.1 401 Unauthorized"
2026-03-17 20:18:46,619 - ERROR - API调用错误: Error code: 401 - {'error': {'code': '', 'message': '[sk-47c***98e] 该令牌额度已用尽 !token.UnlimitedQuota && token.RemainQuota = -20154 (request id: 20260317201846578038321WP6Wry2y)', 'type': 'thunlp_api_error'}}
2026-03-17 20:18:46,619 - INFO - 等待3秒后重试...
2026-03-17 20:18:49,795 - INFO - HTTP Request: POST https://toollearning.cn/v1/chat/completions "HTTP/1.1 401 Unauthorized"
2026-03-17 20:18:49,796 - ERROR - API调用错误: Error code: 401 - {'error': {'code': '', 'message': '[sk-47c***98e] 该令牌额度已用尽 !token.UnlimitedQuota && token.RemainQuota = -20154 (request id: 20260317201849900013821IpdhrgyJ)', 'type': 'thunlp_api_error'}}
2026-03-17 20:18:49,796 - INFO - 等待3秒后重试...
2026-03-17 20:18:52,910 - INFO - HTTP Request: POST https://toollearning.cn/v1/chat/completions "HTTP/1.1 401 Unauthorized"
2026-03-17 20:18:52,911 - ERROR - API调用错误: Error code: 401 - {'error': {'code': '', 'message': '[sk-47c***98e] 该令牌额度已用尽 !token.UnlimitedQuota && token.RemainQuota = -20154 (request id: 2026031720185313037970aeo3svT9)', 'type': 'thunlp_api_error'}}
2026-03-17 20:18:52,911 - ERROR - 处理样本 291 失败: Error code: 401 - {'error': {'code': '', 'message': '[sk-47c***98e] 该令牌额度已用尽 !token.UnlimitedQuota && token.RemainQuota = -20154 (request id: 2026031720185313037970aeo3svT9)', 'type': 'thunlp_api_error'}}
2026-03-17 20:18:52,912 - INFO - 处理样本 292/393: 292
2026-03-17 20:18:53,820 - INFO - HTTP Request: POST https://toollearning.cn/v1/chat/completions "HTTP/1.1 401 Unauthorized"
2026-03-17 20:18:53,821 - ERROR - API调用错误: Error code: 401 - {'error': {'code': '', 'message': '[sk-47c***98e] 该令牌额度已用尽 !token.UnlimitedQuota && token.RemainQuota = -20154 (request id: 202603172018539405628957uObJGOz)', 'type': 'thunlp_api_error'}}
2026-03-17 20:18:53,821 - INFO - 等待3秒后重试...
2026-03-17 20:18:56,998 - INFO - HTTP Request: POST https://toollearning.cn/v1/chat/completions "HTTP/1.1 401 Unauthorized"
2026-03-17 20:18:56,999 - ERROR - API调用错误: Error code: 401 - {'error': {'code': '', 'message': '[sk-47c***98e] 该令牌额度已用尽 !token.UnlimitedQuota && token.RemainQuota = -20154 (request id: 2026031720185783442799S7HHufFM)', 'type': 'thunlp_api_error'}}
2026-03-17 20:18:56,999 - INFO - 等待3秒后重试...
2026-03-17 20:19:00,147 - INFO - HTTP Request: POST https://toollearning.cn/v1/chat/completions "HTTP/1.1 401 Unauthorized"
2026-03-17 20:19:00,148 - ERROR - API调用错误: Error code: 401 - {'error': {'code': '', 'message': '[sk-47c***98e] 该令牌额度已用尽 !token.UnlimitedQuota && token.RemainQuota = -20154 (request id: 20260317201900225605530UFFR1ogI)', 'type': 'thunlp_api_error'}}
2026-03-17 20:19:00,149 - ERROR - 处理样本 292 失败: Error code: 401 - {'error': {'code': '', 'message': '[sk-47c***98e] 该令牌额度已用尽 !token.UnlimitedQuota && token.RemainQuota = -20154 (request id: 20260317201900225605530UFFR1ogI)', 'type': 'thunlp_api_error'}}
2026-03-17 20:19:00,149 - INFO - 处理样本 293/393: 293
2026-03-17 20:19:01,280 - INFO - HTTP Request: POST https://toollearning.cn/v1/chat/completions "HTTP/1.1 401 Unauthorized"
2026-03-17 20:19:01,281 - ERROR - API调用错误: Error code: 401 - {'error': {'code': '', 'message': '[sk-47c***98e] 该令牌额度已用尽 !token.UnlimitedQuota && token.RemainQuota = -20154 (request id: 202603172019012658012945az3C9JY)', 'type': 'thunlp_api_error'}}
2026-03-17 20:19:01,281 - INFO - 等待3秒后重试...
2026-03-17 20:19:04,454 - INFO - HTTP Request: POST https://toollearning.cn/v1/chat/completions "HTTP/1.1 401 Unauthorized"
2026-03-17 20:19:04,455 - ERROR - API调用错误: Error code: 401 - {'error': {'code': '', 'message': '[sk-47c***98e] 该令牌额度已用尽 !token.UnlimitedQuota && token.RemainQuota = -20154 (request id: 20260317201904500749943g35HnIy0)', 'type': 'thunlp_api_error'}}
2026-03-17 20:19:04,455 - INFO - 等待3秒后重试...
2026-03-17 20:19:07,627 - INFO - HTTP Request: POST https://toollearning.cn/v1/chat/completions "HTTP/1.1 401 Unauthorized"
2026-03-17 20:19:07,628 - ERROR - API调用错误: Error code: 401 - {'error': {'code': '', 'message': '[sk-47c***98e] 该令牌额度已用尽 !token.UnlimitedQuota && token.RemainQuota = -20154 (request id: 20260317201907673680007yAWul71B)', 'type': 'thunlp_api_error'}}
2026-03-17 20:19:07,628 - ERROR - 处理样本 293 失败: Error code: 401 - {'error': {'code': '', 'message': '[sk-47c***98e] 该令牌额度已用尽 !token.UnlimitedQuota && token.RemainQuota = -20154 (request id: 20260317201907673680007yAWul71B)', 'type': 'thunlp_api_error'}}
2026-03-17 20:19:07,629 - INFO - 处理样本 294/393: 294
2026-03-17 20:19:08,680 - INFO - HTTP Request: POST https://toollearning.cn/v1/chat/completions "HTTP/1.1 401 Unauthorized"
2026-03-17 20:19:08,682 - ERROR - API调用错误: Error code: 401 - {'error': {'code': '', 'message': '[sk-47c***98e] 该令牌额度已用尽 !token.UnlimitedQuota && token.RemainQuota = -20154 (request id: 20260317201908742951276xYJVVRC8)', 'type': 'thunlp_api_error'}}
2026-03-17 20:19:08,682 - INFO - 等待3秒后重试...
2026-03-17 20:19:11,928 - INFO - HTTP Request: POST https://toollearning.cn/v1/chat/completions "HTTP/1.1 401 Unauthorized"
2026-03-17 20:19:11,928 - ERROR - API调用错误: Error code: 401 - {'error': {'code': '', 'message': '[sk-47c***98e] 该令牌额度已用尽 !token.UnlimitedQuota && token.RemainQuota = -20154 (request id: 20260317201911898072834hqh5fI2U)', 'type': 'thunlp_api_error'}}
2026-03-17 20:19:11,929 - INFO - 等待3秒后重试...
2026-03-17 20:19:15,023 - INFO - HTTP Request: POST https://toollearning.cn/v1/chat/completions "HTTP/1.1 401 Unauthorized"
2026-03-17 20:19:15,025 - ERROR - API调用错误: Error code: 401 - {'error': {'code': '', 'message': '[sk-47c***98e] 该令牌额度已用尽 !token.UnlimitedQuota && token.RemainQuota = -20154 (request id: 202603172019151332586563AhfZILw)', 'type': 'thunlp_api_error'}}
2026-03-17 20:19:15,025 - ERROR - 处理样本 294 失败: Error code: 401 - {'error': {'code': '', 'message': '[sk-47c***98e] 该令牌额度已用尽 !token.UnlimitedQuota && token.RemainQuota = -20154 (request id: 202603172019151332586563AhfZILw)', 'type': 'thunlp_api_error'}}
2026-03-17 20:19:15,025 - INFO - 处理样本 295/393: 295
2026-03-17 20:19:15,913 - INFO - HTTP Request: POST https://toollearning.cn/v1/chat/completions "HTTP/1.1 401 Unauthorized"
2026-03-17 20:19:15,914 - ERROR - API调用错误: Error code: 401 - {'error': {'code': '', 'message': '[sk-47c***98e] 该令牌额度已用尽 !token.UnlimitedQuota && token.RemainQuota = -20154 (request id: 2026031720191613467397bW5njUzg)', 'type': 'thunlp_api_error'}}
2026-03-17 20:19:15,915 - INFO - 等待3秒后重试...
                                                                                                                             